[0m13:35:37.462955 [debug] [MainThread]: Sending event: {'category': 'dbt', 'action': 'invocation', 'label': 'start', 'context': [<snowplow_tracker.self_describing_json.SelfDescribingJson object at 0x10712f4d0>, <snowplow_tracker.self_describing_json.SelfDescribingJson object at 0x1092d43b0>, <snowplow_tracker.self_describing_json.SelfDescribingJson object at 0x1092d4110>]}


============================== 13:35:37.469378 | 1cf60dab-75d4-4b87-8f5c-1cf0fc68cafc ==============================
[0m13:35:37.469378 [info ] [MainThread]: Running with dbt=1.8.9
[0m13:35:37.469663 [debug] [MainThread]: running dbt with arguments {'printer_width': '80', 'indirect_selection': 'eager', 'log_cache_events': 'False', 'write_json': 'True', 'partial_parse': 'True', 'cache_selected_only': 'False', 'warn_error': 'None', 'fail_fast': 'False', 'profiles_dir': '/Users/mbarrio/dev/data-template/examples/data-pipeline-example', 'log_path': '/Users/mbarrio/dev/data-template/examples/data-pipeline-example/logs', 'version_check': 'True', 'debug': 'False', 'use_colors': 'True', 'use_experimental_parser': 'False', 'no_print': 'None', 'quiet': 'False', 'empty': 'None', 'log_format': 'default', 'introspect': 'True', 'static_parser': 'True', 'warn_error_options': 'WarnErrorOptions(include=[], exclude=[])', 'target_path': 'None', 'invocation_command': 'dbt seed', 'send_anonymous_usage_stats': 'True'}
[0m13:35:38.082289 [debug] [MainThread]: Sending event: {'category': 'dbt', 'action': 'project_id', 'label': '1cf60dab-75d4-4b87-8f5c-1cf0fc68cafc', 'context': [<snowplow_tracker.self_describing_json.SelfDescribingJson object at 0x1093d6d80>]}
[0m13:35:38.097134 [debug] [MainThread]: Sending event: {'category': 'dbt', 'action': 'adapter_info', 'label': '1cf60dab-75d4-4b87-8f5c-1cf0fc68cafc', 'context': [<snowplow_tracker.self_describing_json.SelfDescribingJson object at 0x10899a870>]}
[0m13:35:38.097911 [info ] [MainThread]: Registered adapter: duckdb=1.8.4
[0m13:35:38.266899 [debug] [MainThread]: checksum: 132857a23e9d07220246854f7763165174ce9b737cfc7867629ace4294e520b1, vars: {}, profile: , target: , version: 1.8.9
[0m13:35:38.267265 [info ] [MainThread]: Unable to do partial parsing because saved manifest not found. Starting full parse.
[0m13:35:38.267416 [debug] [MainThread]: Sending event: {'category': 'dbt', 'action': 'partial_parser', 'label': '1cf60dab-75d4-4b87-8f5c-1cf0fc68cafc', 'context': [<snowplow_tracker.self_describing_json.SelfDescribingJson object at 0x1094599a0>]}
[0m13:35:38.630941 [warn ] [MainThread]: [[33mWARNING[0m]: Deprecated functionality
The `tests` config has been renamed to `data_tests`. Please see
https://docs.getdbt.com/docs/build/data-tests#new-data_tests-syntax for more
information.
[0m13:35:38.631186 [debug] [MainThread]: Sending event: {'category': 'dbt', 'action': 'deprecation', 'label': '1cf60dab-75d4-4b87-8f5c-1cf0fc68cafc', 'property_': 'warn', 'context': [<snowplow_tracker.self_describing_json.SelfDescribingJson object at 0x100452b10>]}
[0m13:35:38.720987 [debug] [MainThread]: Sending event: {'category': 'dbt', 'action': 'load_project', 'label': '1cf60dab-75d4-4b87-8f5c-1cf0fc68cafc', 'context': [<snowplow_tracker.self_describing_json.SelfDescribingJson object at 0x1097387d0>]}
[0m13:35:38.765124 [debug] [MainThread]: Sending event: {'category': 'dbt', 'action': 'resource_counts', 'label': '1cf60dab-75d4-4b87-8f5c-1cf0fc68cafc', 'context': [<snowplow_tracker.self_describing_json.SelfDescribingJson object at 0x1093a1970>]}
[0m13:35:38.765309 [info ] [MainThread]: Found 5 models, 46 data tests, 3 seeds, 426 macros
[0m13:35:38.765449 [debug] [MainThread]: Sending event: {'category': 'dbt', 'action': 'runnable_timing', 'label': '1cf60dab-75d4-4b87-8f5c-1cf0fc68cafc', 'context': [<snowplow_tracker.self_describing_json.SelfDescribingJson object at 0x1097e7b60>]}
[0m13:35:38.766295 [info ] [MainThread]: 
[0m13:35:38.766497 [debug] [MainThread]: Acquiring new duckdb connection 'master'
[0m13:35:38.768053 [debug] [ThreadPool]: Acquiring new duckdb connection 'list_dev'
[0m13:35:38.815342 [debug] [ThreadPool]: Using duckdb connection "list_dev"
[0m13:35:38.815512 [debug] [ThreadPool]: On list_dev: /* {"app": "dbt", "dbt_version": "1.8.9", "profile_name": "data_pipeline_example", "target_name": "dev", "connection_name": "list_dev"} */

    
    select schema_name
    from system.information_schema.schemata
    
    where catalog_name = '"dev"'
    
  
  
[0m13:35:38.815608 [debug] [ThreadPool]: Opening a new connection, currently in state init
[0m13:35:38.821052 [debug] [ThreadPool]: SQL status: OK in 0.005 seconds
[0m13:35:38.821554 [debug] [ThreadPool]: On list_dev: Close
[0m13:35:38.822175 [debug] [ThreadPool]: Re-using an available connection from the pool (formerly list_dev, now create_dev_main)
[0m13:35:38.822363 [debug] [ThreadPool]: Creating schema "database: "dev"
schema: "main"
"
[0m13:35:38.824644 [debug] [ThreadPool]: Using duckdb connection "create_dev_main"
[0m13:35:38.824751 [debug] [ThreadPool]: On create_dev_main: /* {"app": "dbt", "dbt_version": "1.8.9", "profile_name": "data_pipeline_example", "target_name": "dev", "connection_name": "create_dev_main"} */

    
        select type from duckdb_databases()
        where database_name='dev'
        and type='sqlite'
    
  
[0m13:35:38.824839 [debug] [ThreadPool]: Opening a new connection, currently in state closed
[0m13:35:38.828418 [debug] [ThreadPool]: SQL status: OK in 0.004 seconds
[0m13:35:38.828860 [debug] [ThreadPool]: Using duckdb connection "create_dev_main"
[0m13:35:38.828953 [debug] [ThreadPool]: On create_dev_main: BEGIN
[0m13:35:38.829079 [debug] [ThreadPool]: SQL status: OK in 0.000 seconds
[0m13:35:38.829160 [debug] [ThreadPool]: Using duckdb connection "create_dev_main"
[0m13:35:38.829239 [debug] [ThreadPool]: On create_dev_main: /* {"app": "dbt", "dbt_version": "1.8.9", "profile_name": "data_pipeline_example", "target_name": "dev", "connection_name": "create_dev_main"} */

    
    
        create schema if not exists "dev"."main"
    
[0m13:35:38.829411 [debug] [ThreadPool]: SQL status: OK in 0.000 seconds
[0m13:35:38.829649 [debug] [ThreadPool]: On create_dev_main: COMMIT
[0m13:35:38.829739 [debug] [ThreadPool]: Using duckdb connection "create_dev_main"
[0m13:35:38.829817 [debug] [ThreadPool]: On create_dev_main: COMMIT
[0m13:35:38.829930 [debug] [ThreadPool]: SQL status: OK in 0.000 seconds
[0m13:35:38.830020 [debug] [ThreadPool]: On create_dev_main: Close
[0m13:35:38.830857 [debug] [ThreadPool]: Re-using an available connection from the pool (formerly create_dev_main, now list_dev_main)
[0m13:35:38.832611 [debug] [ThreadPool]: Using duckdb connection "list_dev_main"
[0m13:35:38.832703 [debug] [ThreadPool]: On list_dev_main: BEGIN
[0m13:35:38.832781 [debug] [ThreadPool]: Opening a new connection, currently in state closed
[0m13:35:38.836061 [debug] [ThreadPool]: SQL status: OK in 0.003 seconds
[0m13:35:38.836156 [debug] [ThreadPool]: Using duckdb connection "list_dev_main"
[0m13:35:38.836242 [debug] [ThreadPool]: On list_dev_main: /* {"app": "dbt", "dbt_version": "1.8.9", "profile_name": "data_pipeline_example", "target_name": "dev", "connection_name": "list_dev_main"} */
select
      'dev' as database,
      table_name as name,
      table_schema as schema,
      CASE table_type
        WHEN 'BASE TABLE' THEN 'table'
        WHEN 'VIEW' THEN 'view'
        WHEN 'LOCAL TEMPORARY' THEN 'table'
        END as type
    from system.information_schema.tables
    where table_schema = 'main'
    and table_catalog = 'dev'
  
[0m13:35:38.837391 [debug] [ThreadPool]: SQL status: OK in 0.001 seconds
[0m13:35:38.837791 [debug] [ThreadPool]: On list_dev_main: ROLLBACK
[0m13:35:38.838334 [debug] [ThreadPool]: Failed to rollback 'list_dev_main'
[0m13:35:38.838433 [debug] [ThreadPool]: On list_dev_main: Close
[0m13:35:38.838935 [debug] [MainThread]: Sending event: {'category': 'dbt', 'action': 'runnable_timing', 'label': '1cf60dab-75d4-4b87-8f5c-1cf0fc68cafc', 'context': [<snowplow_tracker.self_describing_json.SelfDescribingJson object at 0x1093a0080>]}
[0m13:35:38.839083 [debug] [MainThread]: Using duckdb connection "master"
[0m13:35:38.839172 [debug] [MainThread]: On master: BEGIN
[0m13:35:38.839252 [debug] [MainThread]: Opening a new connection, currently in state init
[0m13:35:38.842458 [debug] [MainThread]: SQL status: OK in 0.003 seconds
[0m13:35:38.842556 [debug] [MainThread]: On master: COMMIT
[0m13:35:38.842646 [debug] [MainThread]: Using duckdb connection "master"
[0m13:35:38.842740 [debug] [MainThread]: On master: COMMIT
[0m13:35:38.842886 [debug] [MainThread]: SQL status: OK in 0.000 seconds
[0m13:35:38.843004 [debug] [MainThread]: On master: Close
[0m13:35:38.843435 [info ] [MainThread]: Concurrency: 4 threads (target='dev')
[0m13:35:38.843544 [info ] [MainThread]: 
[0m13:35:38.847237 [debug] [Thread-1 (]: Began running node seed.data_pipeline_example.customers
[0m13:35:38.847386 [debug] [Thread-2 (]: Began running node seed.data_pipeline_example.orders
[0m13:35:38.847575 [info ] [Thread-1 (]: 1 of 3 START seed file main.customers .......................................... [RUN]
[0m13:35:38.847719 [debug] [Thread-3 (]: Began running node seed.data_pipeline_example.products
[0m13:35:38.847886 [info ] [Thread-2 (]: 2 of 3 START seed file main.orders ............................................. [RUN]
[0m13:35:38.848080 [debug] [Thread-1 (]: Re-using an available connection from the pool (formerly list_dev_main, now seed.data_pipeline_example.customers)
[0m13:35:38.848231 [info ] [Thread-3 (]: 3 of 3 START seed file main.products ........................................... [RUN]
[0m13:35:38.848400 [debug] [Thread-2 (]: Acquiring new duckdb connection 'seed.data_pipeline_example.orders'
[0m13:35:38.848529 [debug] [Thread-1 (]: Began compiling node seed.data_pipeline_example.customers
[0m13:35:38.848685 [debug] [Thread-3 (]: Acquiring new duckdb connection 'seed.data_pipeline_example.products'
[0m13:35:38.848800 [debug] [Thread-2 (]: Began compiling node seed.data_pipeline_example.orders
[0m13:35:38.848921 [debug] [Thread-1 (]: Began executing node seed.data_pipeline_example.customers
[0m13:35:38.849030 [debug] [Thread-3 (]: Began compiling node seed.data_pipeline_example.products
[0m13:35:38.849142 [debug] [Thread-2 (]: Began executing node seed.data_pipeline_example.orders
[0m13:35:38.854290 [debug] [Thread-3 (]: Began executing node seed.data_pipeline_example.products
[0m13:35:38.859978 [debug] [Thread-2 (]: Using duckdb connection "seed.data_pipeline_example.orders"
[0m13:35:38.860320 [debug] [Thread-1 (]: Using duckdb connection "seed.data_pipeline_example.customers"
[0m13:35:38.860449 [debug] [Thread-2 (]: On seed.data_pipeline_example.orders: BEGIN
[0m13:35:38.860840 [debug] [Thread-3 (]: Using duckdb connection "seed.data_pipeline_example.products"
[0m13:35:38.860943 [debug] [Thread-1 (]: On seed.data_pipeline_example.customers: BEGIN
[0m13:35:38.861035 [debug] [Thread-2 (]: Opening a new connection, currently in state init
[0m13:35:38.861126 [debug] [Thread-3 (]: On seed.data_pipeline_example.products: BEGIN
[0m13:35:38.861217 [debug] [Thread-1 (]: Opening a new connection, currently in state closed
[0m13:35:38.861369 [debug] [Thread-3 (]: Opening a new connection, currently in state init
[0m13:35:38.864673 [debug] [Thread-2 (]: SQL status: OK in 0.004 seconds
[0m13:35:38.864787 [debug] [Thread-2 (]: Using duckdb connection "seed.data_pipeline_example.orders"
[0m13:35:38.864900 [debug] [Thread-1 (]: SQL status: OK in 0.004 seconds
[0m13:35:38.865007 [debug] [Thread-2 (]: On seed.data_pipeline_example.orders: /* {"app": "dbt", "dbt_version": "1.8.9", "profile_name": "data_pipeline_example", "target_name": "dev", "node_id": "seed.data_pipeline_example.orders"} */

    create table "dev"."main"."orders" ("order_id" integer,"customer_id" integer,"product_id" text,"status" text,"amount" integer,"ordered_at" date,"shipped_at" date,"delivered_at" date)
  
[0m13:35:38.865106 [debug] [Thread-3 (]: SQL status: OK in 0.004 seconds
[0m13:35:38.865201 [debug] [Thread-1 (]: Using duckdb connection "seed.data_pipeline_example.customers"
[0m13:35:38.865340 [debug] [Thread-3 (]: Using duckdb connection "seed.data_pipeline_example.products"
[0m13:35:38.865470 [debug] [Thread-1 (]: On seed.data_pipeline_example.customers: /* {"app": "dbt", "dbt_version": "1.8.9", "profile_name": "data_pipeline_example", "target_name": "dev", "node_id": "seed.data_pipeline_example.customers"} */

    create table "dev"."main"."customers" ("customer_id" integer,"name" text,"email" text,"country" text,"segment" text,"created_at" date)
  
[0m13:35:38.865604 [debug] [Thread-2 (]: SQL status: OK in 0.000 seconds
[0m13:35:38.865704 [debug] [Thread-3 (]: On seed.data_pipeline_example.products: /* {"app": "dbt", "dbt_version": "1.8.9", "profile_name": "data_pipeline_example", "target_name": "dev", "node_id": "seed.data_pipeline_example.products"} */

    create table "dev"."main"."products" ("product_id" text,"name" text,"category" text,"unit_price" integer)
  
[0m13:35:38.869307 [debug] [Thread-2 (]: Using duckdb connection "seed.data_pipeline_example.orders"
[0m13:35:38.869491 [debug] [Thread-1 (]: SQL status: OK in 0.004 seconds
[0m13:35:38.869618 [debug] [Thread-2 (]: On seed.data_pipeline_example.orders: 
          COPY "dev"."main"."orders" FROM '/Users/mbarrio/dev/data-template/examples/data-pipeline-example/seeds/orders.csv' (FORMAT CSV, HEADER TRUE, DELIMITER ',')
        ...
[0m13:35:38.869733 [debug] [Thread-3 (]: SQL status: OK in 0.000 seconds
[0m13:35:38.870090 [debug] [Thread-1 (]: Using duckdb connection "seed.data_pipeline_example.customers"
[0m13:35:38.870495 [debug] [Thread-3 (]: Using duckdb connection "seed.data_pipeline_example.products"
[0m13:35:38.870609 [debug] [Thread-1 (]: On seed.data_pipeline_example.customers: 
          COPY "dev"."main"."customers" FROM '/Users/mbarrio/dev/data-template/examples/data-pipeline-example/seeds/customers.csv' (FORMAT CSV, HEADER TRUE, DELIMITER ',')
        ...
[0m13:35:38.870719 [debug] [Thread-3 (]: On seed.data_pipeline_example.products: 
          COPY "dev"."main"."products" FROM '/Users/mbarrio/dev/data-template/examples/data-pipeline-example/seeds/products.csv' (FORMAT CSV, HEADER TRUE, DELIMITER ',')
        ...
[0m13:35:38.872292 [debug] [Thread-1 (]: SQL status: OK in 0.001 seconds
[0m13:35:38.872420 [debug] [Thread-2 (]: SQL status: OK in 0.002 seconds
[0m13:35:38.872516 [debug] [Thread-3 (]: SQL status: OK in 0.002 seconds
[0m13:35:38.874282 [debug] [Thread-1 (]: Writing runtime SQL for node "seed.data_pipeline_example.customers"
[0m13:35:38.874474 [debug] [Thread-2 (]: Writing runtime SQL for node "seed.data_pipeline_example.orders"
[0m13:35:38.874647 [debug] [Thread-3 (]: Writing runtime SQL for node "seed.data_pipeline_example.products"
[0m13:35:38.882179 [debug] [Thread-2 (]: On seed.data_pipeline_example.orders: COMMIT
[0m13:35:38.882296 [debug] [Thread-3 (]: On seed.data_pipeline_example.products: COMMIT
[0m13:35:38.882823 [debug] [Thread-1 (]: On seed.data_pipeline_example.customers: COMMIT
[0m13:35:38.882938 [debug] [Thread-2 (]: Using duckdb connection "seed.data_pipeline_example.orders"
[0m13:35:38.883062 [debug] [Thread-3 (]: Using duckdb connection "seed.data_pipeline_example.products"
[0m13:35:38.883186 [debug] [Thread-1 (]: Using duckdb connection "seed.data_pipeline_example.customers"
[0m13:35:38.883299 [debug] [Thread-2 (]: On seed.data_pipeline_example.orders: COMMIT
[0m13:35:38.883417 [debug] [Thread-3 (]: On seed.data_pipeline_example.products: COMMIT
[0m13:35:38.883524 [debug] [Thread-1 (]: On seed.data_pipeline_example.customers: COMMIT
[0m13:35:38.884150 [debug] [Thread-2 (]: SQL status: OK in 0.000 seconds
[0m13:35:38.884826 [debug] [Thread-2 (]: On seed.data_pipeline_example.orders: Close
[0m13:35:38.884969 [debug] [Thread-3 (]: SQL status: OK in 0.001 seconds
[0m13:35:38.885087 [debug] [Thread-1 (]: SQL status: OK in 0.001 seconds
[0m13:35:38.885317 [debug] [Thread-3 (]: On seed.data_pipeline_example.products: Close
[0m13:35:38.885765 [debug] [Thread-2 (]: Sending event: {'category': 'dbt', 'action': 'run_model', 'label': '1cf60dab-75d4-4b87-8f5c-1cf0fc68cafc', 'context': [<snowplow_tracker.self_describing_json.SelfDescribingJson object at 0x108998740>]}
[0m13:35:38.885986 [debug] [Thread-1 (]: On seed.data_pipeline_example.customers: Close
[0m13:35:38.886137 [debug] [Thread-3 (]: Sending event: {'category': 'dbt', 'action': 'run_model', 'label': '1cf60dab-75d4-4b87-8f5c-1cf0fc68cafc', 'context': [<snowplow_tracker.self_describing_json.SelfDescribingJson object at 0x109d8f2c0>]}
[0m13:35:38.886299 [info ] [Thread-2 (]: 2 of 3 OK loaded seed file main.orders ......................................... [[32mINSERT 8[0m in 0.04s]
[0m13:35:38.886515 [info ] [Thread-3 (]: 3 of 3 OK loaded seed file main.products ....................................... [[32mINSERT 3[0m in 0.04s]
[0m13:35:38.886732 [debug] [Thread-2 (]: Finished running node seed.data_pipeline_example.orders
[0m13:35:38.886889 [debug] [Thread-3 (]: Finished running node seed.data_pipeline_example.products
[0m13:35:38.889054 [debug] [Thread-1 (]: Sending event: {'category': 'dbt', 'action': 'run_model', 'label': '1cf60dab-75d4-4b87-8f5c-1cf0fc68cafc', 'context': [<snowplow_tracker.self_describing_json.SelfDescribingJson object at 0x109d8ec30>]}
[0m13:35:38.889219 [info ] [Thread-1 (]: 1 of 3 OK loaded seed file main.customers ...................................... [[32mINSERT 5[0m in 0.04s]
[0m13:35:38.889390 [debug] [Thread-1 (]: Finished running node seed.data_pipeline_example.customers
[0m13:35:38.889839 [debug] [MainThread]: Using duckdb connection "master"
[0m13:35:38.889941 [debug] [MainThread]: On master: BEGIN
[0m13:35:38.890021 [debug] [MainThread]: Opening a new connection, currently in state closed
[0m13:35:38.893795 [debug] [MainThread]: SQL status: OK in 0.004 seconds
[0m13:35:38.893909 [debug] [MainThread]: On master: COMMIT
[0m13:35:38.894002 [debug] [MainThread]: Using duckdb connection "master"
[0m13:35:38.894078 [debug] [MainThread]: On master: COMMIT
[0m13:35:38.894195 [debug] [MainThread]: SQL status: OK in 0.000 seconds
[0m13:35:38.894283 [debug] [MainThread]: On master: Close
[0m13:35:38.894679 [debug] [MainThread]: Connection 'master' was properly closed.
[0m13:35:38.894769 [debug] [MainThread]: Connection 'seed.data_pipeline_example.customers' was properly closed.
[0m13:35:38.894849 [debug] [MainThread]: Connection 'seed.data_pipeline_example.orders' was properly closed.
[0m13:35:38.894915 [debug] [MainThread]: Connection 'seed.data_pipeline_example.products' was properly closed.
[0m13:35:38.895005 [info ] [MainThread]: 
[0m13:35:38.895110 [info ] [MainThread]: Finished running 3 seeds in 0 hours 0 minutes and 0.13 seconds (0.13s).
[0m13:35:38.895407 [debug] [MainThread]: Command end result
[0m13:35:38.906404 [info ] [MainThread]: 
[0m13:35:38.906563 [info ] [MainThread]: [32mCompleted successfully[0m
[0m13:35:38.906673 [info ] [MainThread]: 
[0m13:35:38.906789 [info ] [MainThread]: Done. PASS=3 WARN=0 ERROR=0 SKIP=0 TOTAL=3
[0m13:35:39.026474 [debug] [MainThread]: Resource report: {"command_name": "seed", "command_success": true, "command_wall_clock_time": 1.6380635, "process_in_blocks": "0", "process_kernel_time": 0.278612, "process_mem_max_rss": "165462016", "process_out_blocks": "0", "process_user_time": 1.45062}
[0m13:35:39.026765 [debug] [MainThread]: Command `dbt seed` succeeded at 13:35:39.026728 after 1.64 seconds
[0m13:35:39.026918 [debug] [MainThread]: Sending event: {'category': 'dbt', 'action': 'invocation', 'label': 'end', 'context': [<snowplow_tracker.self_describing_json.SelfDescribingJson object at 0x1098848c0>, <snowplow_tracker.self_describing_json.SelfDescribingJson object at 0x1092d4410>, <snowplow_tracker.self_describing_json.SelfDescribingJson object at 0x1092d4440>]}
[0m13:35:39.027059 [debug] [MainThread]: Flushing usage events
[0m13:35:40.377623 [debug] [MainThread]: Sending event: {'category': 'dbt', 'action': 'invocation', 'label': 'start', 'context': [<snowplow_tracker.self_describing_json.SelfDescribingJson object at 0x10ba617c0>, <snowplow_tracker.self_describing_json.SelfDescribingJson object at 0x10bf669c0>, <snowplow_tracker.self_describing_json.SelfDescribingJson object at 0x10bf66720>]}


============================== 13:35:40.380253 | c6bad67f-0819-474c-ad02-eb4cdf05abb7 ==============================
[0m13:35:40.380253 [info ] [MainThread]: Running with dbt=1.8.9
[0m13:35:40.380492 [debug] [MainThread]: running dbt with arguments {'printer_width': '80', 'indirect_selection': 'eager', 'write_json': 'True', 'log_cache_events': 'False', 'partial_parse': 'True', 'cache_selected_only': 'False', 'warn_error': 'None', 'version_check': 'True', 'fail_fast': 'False', 'log_path': '/Users/mbarrio/dev/data-template/examples/data-pipeline-example/logs', 'debug': 'False', 'profiles_dir': '/Users/mbarrio/dev/data-template/examples/data-pipeline-example', 'use_colors': 'True', 'use_experimental_parser': 'False', 'no_print': 'None', 'quiet': 'False', 'empty': 'False', 'log_format': 'default', 'invocation_command': 'dbt run', 'static_parser': 'True', 'warn_error_options': 'WarnErrorOptions(include=[], exclude=[])', 'target_path': 'None', 'introspect': 'True', 'send_anonymous_usage_stats': 'True'}
[0m13:35:40.453771 [debug] [MainThread]: Sending event: {'category': 'dbt', 'action': 'project_id', 'label': 'c6bad67f-0819-474c-ad02-eb4cdf05abb7', 'context': [<snowplow_tracker.self_describing_json.SelfDescribingJson object at 0x10bfec290>]}
[0m13:35:40.468904 [debug] [MainThread]: Sending event: {'category': 'dbt', 'action': 'adapter_info', 'label': 'c6bad67f-0819-474c-ad02-eb4cdf05abb7', 'context': [<snowplow_tracker.self_describing_json.SelfDescribingJson object at 0x10bb39400>]}
[0m13:35:40.469692 [info ] [MainThread]: Registered adapter: duckdb=1.8.4
[0m13:35:40.513442 [debug] [MainThread]: checksum: 132857a23e9d07220246854f7763165174ce9b737cfc7867629ace4294e520b1, vars: {}, profile: , target: , version: 1.8.9
[0m13:35:40.566095 [debug] [MainThread]: Partial parsing enabled: 0 files deleted, 0 files added, 0 files changed.
[0m13:35:40.566265 [debug] [MainThread]: Partial parsing enabled, no changes found, skipping parsing
[0m13:35:40.582407 [debug] [MainThread]: Sending event: {'category': 'dbt', 'action': 'load_project', 'label': 'c6bad67f-0819-474c-ad02-eb4cdf05abb7', 'context': [<snowplow_tracker.self_describing_json.SelfDescribingJson object at 0x10c005df0>]}
[0m13:35:40.619912 [debug] [MainThread]: Sending event: {'category': 'dbt', 'action': 'resource_counts', 'label': 'c6bad67f-0819-474c-ad02-eb4cdf05abb7', 'context': [<snowplow_tracker.self_describing_json.SelfDescribingJson object at 0x10c4f4530>]}
[0m13:35:40.620089 [info ] [MainThread]: Found 5 models, 46 data tests, 3 seeds, 426 macros
[0m13:35:40.620213 [debug] [MainThread]: Sending event: {'category': 'dbt', 'action': 'runnable_timing', 'label': 'c6bad67f-0819-474c-ad02-eb4cdf05abb7', 'context': [<snowplow_tracker.self_describing_json.SelfDescribingJson object at 0x10c004140>]}
[0m13:35:40.621048 [info ] [MainThread]: 
[0m13:35:40.621250 [debug] [MainThread]: Acquiring new duckdb connection 'master'
[0m13:35:40.622804 [debug] [ThreadPool]: Acquiring new duckdb connection 'list_dev'
[0m13:35:40.668887 [debug] [ThreadPool]: Using duckdb connection "list_dev"
[0m13:35:40.669064 [debug] [ThreadPool]: On list_dev: /* {"app": "dbt", "dbt_version": "1.8.9", "profile_name": "data_pipeline_example", "target_name": "dev", "connection_name": "list_dev"} */

    
    select schema_name
    from system.information_schema.schemata
    
    where catalog_name = '"dev"'
    
  
  
[0m13:35:40.669167 [debug] [ThreadPool]: Opening a new connection, currently in state init
[0m13:35:40.674085 [debug] [ThreadPool]: SQL status: OK in 0.005 seconds
[0m13:35:40.674502 [debug] [ThreadPool]: On list_dev: Close
[0m13:35:40.675104 [debug] [ThreadPool]: Re-using an available connection from the pool (formerly list_dev, now create_dev_main)
[0m13:35:40.675276 [debug] [ThreadPool]: Creating schema "database: "dev"
schema: "main"
"
[0m13:35:40.677529 [debug] [ThreadPool]: Using duckdb connection "create_dev_main"
[0m13:35:40.677641 [debug] [ThreadPool]: On create_dev_main: /* {"app": "dbt", "dbt_version": "1.8.9", "profile_name": "data_pipeline_example", "target_name": "dev", "connection_name": "create_dev_main"} */

    
        select type from duckdb_databases()
        where database_name='dev'
        and type='sqlite'
    
  
[0m13:35:40.677736 [debug] [ThreadPool]: Opening a new connection, currently in state closed
[0m13:35:40.681410 [debug] [ThreadPool]: SQL status: OK in 0.004 seconds
[0m13:35:40.681834 [debug] [ThreadPool]: Using duckdb connection "create_dev_main"
[0m13:35:40.681926 [debug] [ThreadPool]: On create_dev_main: BEGIN
[0m13:35:40.682055 [debug] [ThreadPool]: SQL status: OK in 0.000 seconds
[0m13:35:40.682136 [debug] [ThreadPool]: Using duckdb connection "create_dev_main"
[0m13:35:40.682214 [debug] [ThreadPool]: On create_dev_main: /* {"app": "dbt", "dbt_version": "1.8.9", "profile_name": "data_pipeline_example", "target_name": "dev", "connection_name": "create_dev_main"} */

    
    
        create schema if not exists "dev"."main"
    
[0m13:35:40.682353 [debug] [ThreadPool]: SQL status: OK in 0.000 seconds
[0m13:35:40.682609 [debug] [ThreadPool]: On create_dev_main: COMMIT
[0m13:35:40.682725 [debug] [ThreadPool]: Using duckdb connection "create_dev_main"
[0m13:35:40.682805 [debug] [ThreadPool]: On create_dev_main: COMMIT
[0m13:35:40.682924 [debug] [ThreadPool]: SQL status: OK in 0.000 seconds
[0m13:35:40.683013 [debug] [ThreadPool]: On create_dev_main: Close
[0m13:35:40.683806 [debug] [ThreadPool]: Re-using an available connection from the pool (formerly create_dev_main, now list_dev_main)
[0m13:35:40.685571 [debug] [ThreadPool]: Using duckdb connection "list_dev_main"
[0m13:35:40.685678 [debug] [ThreadPool]: On list_dev_main: BEGIN
[0m13:35:40.685762 [debug] [ThreadPool]: Opening a new connection, currently in state closed
[0m13:35:40.689238 [debug] [ThreadPool]: SQL status: OK in 0.003 seconds
[0m13:35:40.689341 [debug] [ThreadPool]: Using duckdb connection "list_dev_main"
[0m13:35:40.689430 [debug] [ThreadPool]: On list_dev_main: /* {"app": "dbt", "dbt_version": "1.8.9", "profile_name": "data_pipeline_example", "target_name": "dev", "connection_name": "list_dev_main"} */
select
      'dev' as database,
      table_name as name,
      table_schema as schema,
      CASE table_type
        WHEN 'BASE TABLE' THEN 'table'
        WHEN 'VIEW' THEN 'view'
        WHEN 'LOCAL TEMPORARY' THEN 'table'
        END as type
    from system.information_schema.tables
    where table_schema = 'main'
    and table_catalog = 'dev'
  
[0m13:35:40.690500 [debug] [ThreadPool]: SQL status: OK in 0.001 seconds
[0m13:35:40.690945 [debug] [ThreadPool]: On list_dev_main: ROLLBACK
[0m13:35:40.691417 [debug] [ThreadPool]: Failed to rollback 'list_dev_main'
[0m13:35:40.691510 [debug] [ThreadPool]: On list_dev_main: Close
[0m13:35:40.692160 [debug] [MainThread]: Sending event: {'category': 'dbt', 'action': 'runnable_timing', 'label': 'c6bad67f-0819-474c-ad02-eb4cdf05abb7', 'context': [<snowplow_tracker.self_describing_json.SelfDescribingJson object at 0x10c178500>]}
[0m13:35:40.692315 [debug] [MainThread]: Using duckdb connection "master"
[0m13:35:40.692405 [debug] [MainThread]: On master: BEGIN
[0m13:35:40.692487 [debug] [MainThread]: Opening a new connection, currently in state init
[0m13:35:40.695894 [debug] [MainThread]: SQL status: OK in 0.003 seconds
[0m13:35:40.696012 [debug] [MainThread]: On master: COMMIT
[0m13:35:40.696103 [debug] [MainThread]: Using duckdb connection "master"
[0m13:35:40.696184 [debug] [MainThread]: On master: COMMIT
[0m13:35:40.696314 [debug] [MainThread]: SQL status: OK in 0.000 seconds
[0m13:35:40.696402 [debug] [MainThread]: On master: Close
[0m13:35:40.696815 [info ] [MainThread]: Concurrency: 4 threads (target='dev')
[0m13:35:40.696939 [info ] [MainThread]: 
[0m13:35:40.697864 [debug] [Thread-1 (]: Began running node model.data_pipeline_example.stg_customers
[0m13:35:40.698004 [debug] [Thread-2 (]: Began running node model.data_pipeline_example.stg_orders
[0m13:35:40.698179 [info ] [Thread-1 (]: 1 of 5 START sql view model main.stg_customers ................................. [RUN]
[0m13:35:40.698330 [debug] [Thread-3 (]: Began running node model.data_pipeline_example.stg_products
[0m13:35:40.698486 [info ] [Thread-2 (]: 2 of 5 START sql view model main.stg_orders .................................... [RUN]
[0m13:35:40.698642 [debug] [Thread-1 (]: Re-using an available connection from the pool (formerly list_dev_main, now model.data_pipeline_example.stg_customers)
[0m13:35:40.698792 [info ] [Thread-3 (]: 3 of 5 START sql view model main.stg_products .................................. [RUN]
[0m13:35:40.698948 [debug] [Thread-2 (]: Acquiring new duckdb connection 'model.data_pipeline_example.stg_orders'
[0m13:35:40.699049 [debug] [Thread-1 (]: Began compiling node model.data_pipeline_example.stg_customers
[0m13:35:40.699170 [debug] [Thread-3 (]: Acquiring new duckdb connection 'model.data_pipeline_example.stg_products'
[0m13:35:40.699267 [debug] [Thread-2 (]: Began compiling node model.data_pipeline_example.stg_orders
[0m13:35:40.701686 [debug] [Thread-1 (]: Writing injected SQL for node "model.data_pipeline_example.stg_customers"
[0m13:35:40.701808 [debug] [Thread-3 (]: Began compiling node model.data_pipeline_example.stg_products
[0m13:35:40.702575 [debug] [Thread-2 (]: Writing injected SQL for node "model.data_pipeline_example.stg_orders"
[0m13:35:40.703439 [debug] [Thread-3 (]: Writing injected SQL for node "model.data_pipeline_example.stg_products"
[0m13:35:40.704356 [debug] [Thread-2 (]: Began executing node model.data_pipeline_example.stg_orders
[0m13:35:40.704497 [debug] [Thread-3 (]: Began executing node model.data_pipeline_example.stg_products
[0m13:35:40.710567 [debug] [Thread-1 (]: Began executing node model.data_pipeline_example.stg_customers
[0m13:35:40.715009 [debug] [Thread-2 (]: Writing runtime sql for node "model.data_pipeline_example.stg_orders"
[0m13:35:40.716005 [debug] [Thread-3 (]: Writing runtime sql for node "model.data_pipeline_example.stg_products"
[0m13:35:40.716956 [debug] [Thread-1 (]: Writing runtime sql for node "model.data_pipeline_example.stg_customers"
[0m13:35:40.717583 [debug] [Thread-3 (]: Using duckdb connection "model.data_pipeline_example.stg_products"
[0m13:35:40.717708 [debug] [Thread-3 (]: On model.data_pipeline_example.stg_products: BEGIN
[0m13:35:40.717843 [debug] [Thread-1 (]: Using duckdb connection "model.data_pipeline_example.stg_customers"
[0m13:35:40.717955 [debug] [Thread-3 (]: Opening a new connection, currently in state init
[0m13:35:40.718061 [debug] [Thread-2 (]: Using duckdb connection "model.data_pipeline_example.stg_orders"
[0m13:35:40.718163 [debug] [Thread-1 (]: On model.data_pipeline_example.stg_customers: BEGIN
[0m13:35:40.718320 [debug] [Thread-2 (]: On model.data_pipeline_example.stg_orders: BEGIN
[0m13:35:40.718446 [debug] [Thread-1 (]: Opening a new connection, currently in state closed
[0m13:35:40.718554 [debug] [Thread-2 (]: Opening a new connection, currently in state init
[0m13:35:40.721888 [debug] [Thread-3 (]: SQL status: OK in 0.004 seconds
[0m13:35:40.722009 [debug] [Thread-3 (]: Using duckdb connection "model.data_pipeline_example.stg_products"
[0m13:35:40.722135 [debug] [Thread-2 (]: SQL status: OK in 0.004 seconds
[0m13:35:40.722248 [debug] [Thread-1 (]: SQL status: OK in 0.004 seconds
[0m13:35:40.722356 [debug] [Thread-3 (]: On model.data_pipeline_example.stg_products: /* {"app": "dbt", "dbt_version": "1.8.9", "profile_name": "data_pipeline_example", "target_name": "dev", "node_id": "model.data_pipeline_example.stg_products"} */

  
  create view "dev"."main"."stg_products__dbt_tmp" as (
    WITH source AS (
    SELECT
        product_id,
        name AS product_name,
        category,
        unit_price::DECIMAL(10, 2) AS unit_price
    FROM "dev"."main"."products"
    WHERE product_id IS NOT NULL
)

SELECT * FROM source
  );

[0m13:35:40.722480 [debug] [Thread-2 (]: Using duckdb connection "model.data_pipeline_example.stg_orders"
[0m13:35:40.722598 [debug] [Thread-1 (]: Using duckdb connection "model.data_pipeline_example.stg_customers"
[0m13:35:40.722780 [debug] [Thread-2 (]: On model.data_pipeline_example.stg_orders: /* {"app": "dbt", "dbt_version": "1.8.9", "profile_name": "data_pipeline_example", "target_name": "dev", "node_id": "model.data_pipeline_example.stg_orders"} */

  
  create view "dev"."main"."stg_orders__dbt_tmp" as (
    WITH source AS (
    SELECT
        order_id,
        customer_id,
        product_id,
        status,
        amount::DECIMAL(10, 2) AS amount,
        ordered_at::DATE AS ordered_date,
        shipped_at::DATE AS shipped_date,
        delivered_at::DATE AS delivered_date
    FROM "dev"."main"."orders"
    WHERE order_id IS NOT NULL
)

SELECT * FROM source
  );

[0m13:35:40.722907 [debug] [Thread-1 (]: On model.data_pipeline_example.stg_customers: /* {"app": "dbt", "dbt_version": "1.8.9", "profile_name": "data_pipeline_example", "target_name": "dev", "node_id": "model.data_pipeline_example.stg_customers"} */

  
  create view "dev"."main"."stg_customers__dbt_tmp" as (
    WITH source AS (
    SELECT
        customer_id,
        name AS customer_name,
        email,
        country,
        segment,
        created_at::DATE AS created_date
    FROM "dev"."main"."customers"
    WHERE customer_id IS NOT NULL
)

SELECT * FROM source
  );

[0m13:35:40.723021 [debug] [Thread-3 (]: SQL status: OK in 0.000 seconds
[0m13:35:40.725122 [debug] [Thread-3 (]: Using duckdb connection "model.data_pipeline_example.stg_products"
[0m13:35:40.725252 [debug] [Thread-3 (]: On model.data_pipeline_example.stg_products: /* {"app": "dbt", "dbt_version": "1.8.9", "profile_name": "data_pipeline_example", "target_name": "dev", "node_id": "model.data_pipeline_example.stg_products"} */
alter view "dev"."main"."stg_products__dbt_tmp" rename to "stg_products"
[0m13:35:40.725377 [debug] [Thread-2 (]: SQL status: OK in 0.002 seconds
[0m13:35:40.725524 [debug] [Thread-1 (]: SQL status: OK in 0.002 seconds
[0m13:35:40.726421 [debug] [Thread-2 (]: Using duckdb connection "model.data_pipeline_example.stg_orders"
[0m13:35:40.726541 [debug] [Thread-3 (]: SQL status: OK in 0.001 seconds
[0m13:35:40.727376 [debug] [Thread-1 (]: Using duckdb connection "model.data_pipeline_example.stg_customers"
[0m13:35:40.727492 [debug] [Thread-2 (]: On model.data_pipeline_example.stg_orders: /* {"app": "dbt", "dbt_version": "1.8.9", "profile_name": "data_pipeline_example", "target_name": "dev", "node_id": "model.data_pipeline_example.stg_orders"} */
alter view "dev"."main"."stg_orders__dbt_tmp" rename to "stg_orders"
[0m13:35:40.731990 [debug] [Thread-3 (]: On model.data_pipeline_example.stg_products: COMMIT
[0m13:35:40.732140 [debug] [Thread-1 (]: On model.data_pipeline_example.stg_customers: /* {"app": "dbt", "dbt_version": "1.8.9", "profile_name": "data_pipeline_example", "target_name": "dev", "node_id": "model.data_pipeline_example.stg_customers"} */
alter view "dev"."main"."stg_customers__dbt_tmp" rename to "stg_customers"
[0m13:35:40.732308 [debug] [Thread-3 (]: Using duckdb connection "model.data_pipeline_example.stg_products"
[0m13:35:40.732485 [debug] [Thread-3 (]: On model.data_pipeline_example.stg_products: COMMIT
[0m13:35:40.732619 [debug] [Thread-2 (]: SQL status: OK in 0.000 seconds
[0m13:35:40.732769 [debug] [Thread-1 (]: SQL status: OK in 0.000 seconds
[0m13:35:40.733273 [debug] [Thread-2 (]: On model.data_pipeline_example.stg_orders: COMMIT
[0m13:35:40.733421 [debug] [Thread-3 (]: SQL status: OK in 0.001 seconds
[0m13:35:40.733821 [debug] [Thread-1 (]: On model.data_pipeline_example.stg_customers: COMMIT
[0m13:35:40.733925 [debug] [Thread-2 (]: Using duckdb connection "model.data_pipeline_example.stg_orders"
[0m13:35:40.735442 [debug] [Thread-3 (]: Using duckdb connection "model.data_pipeline_example.stg_products"
[0m13:35:40.735556 [debug] [Thread-1 (]: Using duckdb connection "model.data_pipeline_example.stg_customers"
[0m13:35:40.735656 [debug] [Thread-2 (]: On model.data_pipeline_example.stg_orders: COMMIT
[0m13:35:40.735752 [debug] [Thread-3 (]: On model.data_pipeline_example.stg_products: /* {"app": "dbt", "dbt_version": "1.8.9", "profile_name": "data_pipeline_example", "target_name": "dev", "node_id": "model.data_pipeline_example.stg_products"} */
drop view if exists "dev"."main"."stg_products__dbt_backup" cascade
[0m13:35:40.735851 [debug] [Thread-1 (]: On model.data_pipeline_example.stg_customers: COMMIT
[0m13:35:40.736079 [debug] [Thread-2 (]: SQL status: OK in 0.000 seconds
[0m13:35:40.736798 [debug] [Thread-2 (]: Using duckdb connection "model.data_pipeline_example.stg_orders"
[0m13:35:40.736909 [debug] [Thread-2 (]: On model.data_pipeline_example.stg_orders: /* {"app": "dbt", "dbt_version": "1.8.9", "profile_name": "data_pipeline_example", "target_name": "dev", "node_id": "model.data_pipeline_example.stg_orders"} */
drop view if exists "dev"."main"."stg_orders__dbt_backup" cascade
[0m13:35:40.737022 [debug] [Thread-3 (]: SQL status: OK in 0.001 seconds
[0m13:35:40.737156 [debug] [Thread-1 (]: SQL status: OK in 0.001 seconds
[0m13:35:40.737941 [debug] [Thread-3 (]: On model.data_pipeline_example.stg_products: Close
[0m13:35:40.738063 [debug] [Thread-2 (]: SQL status: OK in 0.001 seconds
[0m13:35:40.738805 [debug] [Thread-1 (]: Using duckdb connection "model.data_pipeline_example.stg_customers"
[0m13:35:40.739433 [debug] [Thread-2 (]: On model.data_pipeline_example.stg_orders: Close
[0m13:35:40.739711 [debug] [Thread-3 (]: Sending event: {'category': 'dbt', 'action': 'run_model', 'label': 'c6bad67f-0819-474c-ad02-eb4cdf05abb7', 'context': [<snowplow_tracker.self_describing_json.SelfDescribingJson object at 0x10a1e6810>]}
[0m13:35:40.739832 [debug] [Thread-1 (]: On model.data_pipeline_example.stg_customers: /* {"app": "dbt", "dbt_version": "1.8.9", "profile_name": "data_pipeline_example", "target_name": "dev", "node_id": "model.data_pipeline_example.stg_customers"} */
drop view if exists "dev"."main"."stg_customers__dbt_backup" cascade
[0m13:35:40.739979 [debug] [Thread-2 (]: Sending event: {'category': 'dbt', 'action': 'run_model', 'label': 'c6bad67f-0819-474c-ad02-eb4cdf05abb7', 'context': [<snowplow_tracker.self_describing_json.SelfDescribingJson object at 0x10c7c8470>]}
[0m13:35:40.740194 [info ] [Thread-3 (]: 3 of 5 OK created sql view model main.stg_products ............................. [[32mOK[0m in 0.04s]
[0m13:35:40.740526 [debug] [Thread-1 (]: SQL status: OK in 0.000 seconds
[0m13:35:40.740712 [debug] [Thread-3 (]: Finished running node model.data_pipeline_example.stg_products
[0m13:35:40.740428 [info ] [Thread-2 (]: 2 of 5 OK created sql view model main.stg_orders ............................... [[32mOK[0m in 0.04s]
[0m13:35:40.741131 [debug] [Thread-1 (]: On model.data_pipeline_example.stg_customers: Close
[0m13:35:40.741361 [debug] [Thread-2 (]: Finished running node model.data_pipeline_example.stg_orders
[0m13:35:40.741583 [debug] [Thread-4 (]: Began running node model.data_pipeline_example.fact_orders
[0m13:35:40.741740 [info ] [Thread-4 (]: 4 of 5 START sql table model main.fact_orders .................................. [RUN]
[0m13:35:40.741907 [debug] [Thread-4 (]: Acquiring new duckdb connection 'model.data_pipeline_example.fact_orders'
[0m13:35:40.742019 [debug] [Thread-4 (]: Began compiling node model.data_pipeline_example.fact_orders
[0m13:35:40.743044 [debug] [Thread-4 (]: Writing injected SQL for node "model.data_pipeline_example.fact_orders"
[0m13:35:40.743185 [debug] [Thread-1 (]: Sending event: {'category': 'dbt', 'action': 'run_model', 'label': 'c6bad67f-0819-474c-ad02-eb4cdf05abb7', 'context': [<snowplow_tracker.self_describing_json.SelfDescribingJson object at 0x10c96c830>]}
[0m13:35:40.743383 [info ] [Thread-1 (]: 1 of 5 OK created sql view model main.stg_customers ............................ [[32mOK[0m in 0.04s]
[0m13:35:40.743572 [debug] [Thread-1 (]: Finished running node model.data_pipeline_example.stg_customers
[0m13:35:40.743756 [debug] [Thread-2 (]: Began running node model.data_pipeline_example.dim_customers
[0m13:35:40.743899 [info ] [Thread-2 (]: 5 of 5 START sql table model main.dim_customers ................................ [RUN]
[0m13:35:40.744045 [debug] [Thread-4 (]: Began executing node model.data_pipeline_example.fact_orders
[0m13:35:40.744173 [debug] [Thread-2 (]: Re-using an available connection from the pool (formerly model.data_pipeline_example.stg_orders, now model.data_pipeline_example.dim_customers)
[0m13:35:40.751004 [debug] [Thread-4 (]: Writing runtime sql for node "model.data_pipeline_example.fact_orders"
[0m13:35:40.751127 [debug] [Thread-2 (]: Began compiling node model.data_pipeline_example.dim_customers
[0m13:35:40.751925 [debug] [Thread-2 (]: Writing injected SQL for node "model.data_pipeline_example.dim_customers"
[0m13:35:40.752282 [debug] [Thread-2 (]: Began executing node model.data_pipeline_example.dim_customers
[0m13:35:40.753293 [debug] [Thread-2 (]: Writing runtime sql for node "model.data_pipeline_example.dim_customers"
[0m13:35:40.753442 [debug] [Thread-4 (]: Using duckdb connection "model.data_pipeline_example.fact_orders"
[0m13:35:40.753560 [debug] [Thread-4 (]: On model.data_pipeline_example.fact_orders: BEGIN
[0m13:35:40.753663 [debug] [Thread-4 (]: Opening a new connection, currently in state init
[0m13:35:40.753851 [debug] [Thread-2 (]: Using duckdb connection "model.data_pipeline_example.dim_customers"
[0m13:35:40.753959 [debug] [Thread-2 (]: On model.data_pipeline_example.dim_customers: BEGIN
[0m13:35:40.754060 [debug] [Thread-2 (]: Opening a new connection, currently in state closed
[0m13:35:40.757472 [debug] [Thread-4 (]: SQL status: OK in 0.004 seconds
[0m13:35:40.757589 [debug] [Thread-4 (]: Using duckdb connection "model.data_pipeline_example.fact_orders"
[0m13:35:40.757696 [debug] [Thread-2 (]: SQL status: OK in 0.004 seconds
[0m13:35:40.757814 [debug] [Thread-4 (]: On model.data_pipeline_example.fact_orders: /* {"app": "dbt", "dbt_version": "1.8.9", "profile_name": "data_pipeline_example", "target_name": "dev", "node_id": "model.data_pipeline_example.fact_orders"} */

  
    
    

    create  table
      "dev"."main"."fact_orders__dbt_tmp"
  
    as (
      -- Window function trigger: running total per customer.
-- SPEC: specs/fact_orders/customer-running-total.spec.sql
WITH filtered_orders AS (
    SELECT
        order_id,
        customer_id,
        product_id,
        status,
        amount,
        ordered_date,
        shipped_date,
        delivered_date
    FROM "dev"."main"."stg_orders"
    WHERE status != 'cancelled'
),

enriched AS (
    SELECT
        fo.order_id,
        fo.customer_id,
        fo.product_id,
        p.product_name,
        p.category AS product_category,
        fo.status,
        fo.amount,
        fo.ordered_date,
        fo.shipped_date,
        fo.delivered_date,
        SUM(fo.amount) OVER (
            PARTITION BY fo.customer_id
            ORDER BY fo.ordered_date ASC, fo.order_id ASC
            ROWS BETWEEN UNBOUNDED PRECEDING AND CURRENT ROW
        ) AS customer_running_total
    FROM filtered_orders AS fo
    JOIN "dev"."main"."stg_products" AS p ON fo.product_id = p.product_id
)

SELECT * FROM enriched
    );
  
  
[0m13:35:40.757928 [debug] [Thread-2 (]: Using duckdb connection "model.data_pipeline_example.dim_customers"
[0m13:35:40.758102 [debug] [Thread-2 (]: On model.data_pipeline_example.dim_customers: /* {"app": "dbt", "dbt_version": "1.8.9", "profile_name": "data_pipeline_example", "target_name": "dev", "node_id": "model.data_pipeline_example.dim_customers"} */

  
    
    

    create  table
      "dev"."main"."dim_customers__dbt_tmp"
  
    as (
      -- Deduplication trigger: ROW_NUMBER() picks latest record per customer.
-- SPEC: specs/dim_customers/latest-record-dedup.spec.sql
WITH source AS (
    SELECT
        customer_id,
        customer_name,
        email,
        country,
        segment,
        created_date,
        ROW_NUMBER() OVER (
            PARTITION BY customer_id
            ORDER BY created_date DESC
        ) AS rn
    FROM "dev"."main"."stg_customers"
),

deduplicated AS (
    SELECT
        customer_id,
        customer_name,
        email,
        country,
        segment,
        created_date
    FROM source
    WHERE rn = 1
)

SELECT * FROM deduplicated
    );
  
  
[0m13:35:40.759391 [debug] [Thread-2 (]: SQL status: OK in 0.001 seconds
[0m13:35:40.760543 [debug] [Thread-2 (]: Using duckdb connection "model.data_pipeline_example.dim_customers"
[0m13:35:40.760653 [debug] [Thread-2 (]: On model.data_pipeline_example.dim_customers: /* {"app": "dbt", "dbt_version": "1.8.9", "profile_name": "data_pipeline_example", "target_name": "dev", "node_id": "model.data_pipeline_example.dim_customers"} */
alter table "dev"."main"."dim_customers__dbt_tmp" rename to "dim_customers"
[0m13:35:40.760752 [debug] [Thread-4 (]: SQL status: OK in 0.003 seconds
[0m13:35:40.761701 [debug] [Thread-4 (]: Using duckdb connection "model.data_pipeline_example.fact_orders"
[0m13:35:40.761810 [debug] [Thread-4 (]: On model.data_pipeline_example.fact_orders: /* {"app": "dbt", "dbt_version": "1.8.9", "profile_name": "data_pipeline_example", "target_name": "dev", "node_id": "model.data_pipeline_example.fact_orders"} */
alter table "dev"."main"."fact_orders__dbt_tmp" rename to "fact_orders"
[0m13:35:40.761908 [debug] [Thread-2 (]: SQL status: OK in 0.001 seconds
[0m13:35:40.763581 [debug] [Thread-2 (]: On model.data_pipeline_example.dim_customers: COMMIT
[0m13:35:40.763684 [debug] [Thread-2 (]: Using duckdb connection "model.data_pipeline_example.dim_customers"
[0m13:35:40.763782 [debug] [Thread-4 (]: SQL status: OK in 0.002 seconds
[0m13:35:40.763877 [debug] [Thread-2 (]: On model.data_pipeline_example.dim_customers: COMMIT
[0m13:35:40.764312 [debug] [Thread-4 (]: On model.data_pipeline_example.fact_orders: COMMIT
[0m13:35:40.764449 [debug] [Thread-4 (]: Using duckdb connection "model.data_pipeline_example.fact_orders"
[0m13:35:40.764572 [debug] [Thread-4 (]: On model.data_pipeline_example.fact_orders: COMMIT
[0m13:35:40.764745 [debug] [Thread-2 (]: SQL status: OK in 0.000 seconds
[0m13:35:40.765463 [debug] [Thread-2 (]: Using duckdb connection "model.data_pipeline_example.dim_customers"
[0m13:35:40.765578 [debug] [Thread-4 (]: SQL status: OK in 0.001 seconds
[0m13:35:40.765682 [debug] [Thread-2 (]: On model.data_pipeline_example.dim_customers: /* {"app": "dbt", "dbt_version": "1.8.9", "profile_name": "data_pipeline_example", "target_name": "dev", "node_id": "model.data_pipeline_example.dim_customers"} */
drop table if exists "dev"."main"."dim_customers__dbt_backup" cascade
[0m13:35:40.766324 [debug] [Thread-4 (]: Using duckdb connection "model.data_pipeline_example.fact_orders"
[0m13:35:40.766468 [debug] [Thread-4 (]: On model.data_pipeline_example.fact_orders: /* {"app": "dbt", "dbt_version": "1.8.9", "profile_name": "data_pipeline_example", "target_name": "dev", "node_id": "model.data_pipeline_example.fact_orders"} */
drop table if exists "dev"."main"."fact_orders__dbt_backup" cascade
[0m13:35:40.766600 [debug] [Thread-2 (]: SQL status: OK in 0.000 seconds
[0m13:35:40.767009 [debug] [Thread-2 (]: On model.data_pipeline_example.dim_customers: Close
[0m13:35:40.767116 [debug] [Thread-4 (]: SQL status: OK in 0.001 seconds
[0m13:35:40.767278 [debug] [Thread-2 (]: Sending event: {'category': 'dbt', 'action': 'run_model', 'label': 'c6bad67f-0819-474c-ad02-eb4cdf05abb7', 'context': [<snowplow_tracker.self_describing_json.SelfDescribingJson object at 0x10c9aa9f0>]}
[0m13:35:40.767624 [debug] [Thread-4 (]: On model.data_pipeline_example.fact_orders: Close
[0m13:35:40.767807 [info ] [Thread-2 (]: 5 of 5 OK created sql table model main.dim_customers ........................... [[32mOK[0m in 0.02s]
[0m13:35:40.768019 [debug] [Thread-2 (]: Finished running node model.data_pipeline_example.dim_customers
[0m13:35:40.770014 [debug] [Thread-4 (]: Sending event: {'category': 'dbt', 'action': 'run_model', 'label': 'c6bad67f-0819-474c-ad02-eb4cdf05abb7', 'context': [<snowplow_tracker.self_describing_json.SelfDescribingJson object at 0x10c8614c0>]}
[0m13:35:40.770193 [info ] [Thread-4 (]: 4 of 5 OK created sql table model main.fact_orders ............................. [[32mOK[0m in 0.03s]
[0m13:35:40.770371 [debug] [Thread-4 (]: Finished running node model.data_pipeline_example.fact_orders
[0m13:35:40.770869 [debug] [MainThread]: Using duckdb connection "master"
[0m13:35:40.770974 [debug] [MainThread]: On master: BEGIN
[0m13:35:40.771061 [debug] [MainThread]: Opening a new connection, currently in state closed
[0m13:35:40.774824 [debug] [MainThread]: SQL status: OK in 0.004 seconds
[0m13:35:40.774942 [debug] [MainThread]: On master: COMMIT
[0m13:35:40.775042 [debug] [MainThread]: Using duckdb connection "master"
[0m13:35:40.775128 [debug] [MainThread]: On master: COMMIT
[0m13:35:40.775264 [debug] [MainThread]: SQL status: OK in 0.000 seconds
[0m13:35:40.775359 [debug] [MainThread]: On master: Close
[0m13:35:40.775807 [debug] [MainThread]: Connection 'master' was properly closed.
[0m13:35:40.775923 [debug] [MainThread]: Connection 'model.data_pipeline_example.stg_customers' was properly closed.
[0m13:35:40.776030 [debug] [MainThread]: Connection 'model.data_pipeline_example.dim_customers' was properly closed.
[0m13:35:40.776119 [debug] [MainThread]: Connection 'model.data_pipeline_example.stg_products' was properly closed.
[0m13:35:40.776197 [debug] [MainThread]: Connection 'model.data_pipeline_example.fact_orders' was properly closed.
[0m13:35:40.776338 [info ] [MainThread]: 
[0m13:35:40.776463 [info ] [MainThread]: Finished running 3 view models, 2 table models in 0 hours 0 minutes and 0.16 seconds (0.16s).
[0m13:35:40.776854 [debug] [MainThread]: Command end result
[0m13:35:40.788829 [info ] [MainThread]: 
[0m13:35:40.789016 [info ] [MainThread]: [32mCompleted successfully[0m
[0m13:35:40.789127 [info ] [MainThread]: 
[0m13:35:40.789242 [info ] [MainThread]: Done. PASS=5 WARN=0 ERROR=0 SKIP=0 TOTAL=5
[0m13:35:40.790748 [debug] [MainThread]: Resource report: {"command_name": "run", "command_success": true, "command_wall_clock_time": 0.47027445, "process_in_blocks": "0", "process_kernel_time": 0.147483, "process_mem_max_rss": "163037184", "process_out_blocks": "0", "process_user_time": 0.743068}
[0m13:35:40.790916 [debug] [MainThread]: Command `dbt run` succeeded at 13:35:40.790888 after 0.47 seconds
[0m13:35:40.791050 [debug] [MainThread]: Sending event: {'category': 'dbt', 'action': 'invocation', 'label': 'end', 'context': [<snowplow_tracker.self_describing_json.SelfDescribingJson object at 0x102fe6c60>, <snowplow_tracker.self_describing_json.SelfDescribingJson object at 0x10bb388c0>, <snowplow_tracker.self_describing_json.SelfDescribingJson object at 0x10bb392b0>]}
[0m13:35:40.791158 [debug] [MainThread]: Flushing usage events
[0m13:35:42.128923 [debug] [MainThread]: Sending event: {'category': 'dbt', 'action': 'invocation', 'label': 'start', 'context': [<snowplow_tracker.self_describing_json.SelfDescribingJson object at 0x10cbc6db0>, <snowplow_tracker.self_describing_json.SelfDescribingJson object at 0x10d6328a0>, <snowplow_tracker.self_describing_json.SelfDescribingJson object at 0x10d632600>]}


============================== 13:35:42.131490 | 99c9fa47-5909-4584-af8c-3f7a95e7e906 ==============================
[0m13:35:42.131490 [info ] [MainThread]: Running with dbt=1.8.9
[0m13:35:42.131729 [debug] [MainThread]: running dbt with arguments {'printer_width': '80', 'indirect_selection': 'eager', 'log_cache_events': 'False', 'write_json': 'True', 'partial_parse': 'True', 'cache_selected_only': 'False', 'profiles_dir': '/Users/mbarrio/dev/data-template/examples/data-pipeline-example', 'debug': 'False', 'version_check': 'True', 'log_path': '/Users/mbarrio/dev/data-template/examples/data-pipeline-example/logs', 'fail_fast': 'False', 'warn_error': 'None', 'use_colors': 'True', 'use_experimental_parser': 'False', 'no_print': 'None', 'quiet': 'False', 'empty': 'None', 'warn_error_options': 'WarnErrorOptions(include=[], exclude=[])', 'introspect': 'True', 'static_parser': 'True', 'invocation_command': 'dbt test', 'target_path': 'None', 'log_format': 'default', 'send_anonymous_usage_stats': 'True'}
[0m13:35:42.205102 [debug] [MainThread]: Sending event: {'category': 'dbt', 'action': 'project_id', 'label': '99c9fa47-5909-4584-af8c-3f7a95e7e906', 'context': [<snowplow_tracker.self_describing_json.SelfDescribingJson object at 0x10d788470>]}
[0m13:35:42.220090 [debug] [MainThread]: Sending event: {'category': 'dbt', 'action': 'adapter_info', 'label': '99c9fa47-5909-4584-af8c-3f7a95e7e906', 'context': [<snowplow_tracker.self_describing_json.SelfDescribingJson object at 0x10c638b90>]}
[0m13:35:42.220925 [info ] [MainThread]: Registered adapter: duckdb=1.8.4
[0m13:35:42.264615 [debug] [MainThread]: checksum: 132857a23e9d07220246854f7763165174ce9b737cfc7867629ace4294e520b1, vars: {}, profile: , target: , version: 1.8.9
[0m13:35:42.316814 [debug] [MainThread]: Partial parsing enabled: 0 files deleted, 0 files added, 0 files changed.
[0m13:35:42.316997 [debug] [MainThread]: Partial parsing enabled, no changes found, skipping parsing
[0m13:35:42.333556 [debug] [MainThread]: Sending event: {'category': 'dbt', 'action': 'load_project', 'label': '99c9fa47-5909-4584-af8c-3f7a95e7e906', 'context': [<snowplow_tracker.self_describing_json.SelfDescribingJson object at 0x10d788f50>]}
[0m13:35:42.376071 [debug] [MainThread]: Sending event: {'category': 'dbt', 'action': 'resource_counts', 'label': '99c9fa47-5909-4584-af8c-3f7a95e7e906', 'context': [<snowplow_tracker.self_describing_json.SelfDescribingJson object at 0x10dbc0980>]}
[0m13:35:42.376253 [info ] [MainThread]: Found 5 models, 46 data tests, 3 seeds, 426 macros
[0m13:35:42.376378 [debug] [MainThread]: Sending event: {'category': 'dbt', 'action': 'runnable_timing', 'label': '99c9fa47-5909-4584-af8c-3f7a95e7e906', 'context': [<snowplow_tracker.self_describing_json.SelfDescribingJson object at 0x10d840080>]}
[0m13:35:42.377613 [info ] [MainThread]: 
[0m13:35:42.377821 [debug] [MainThread]: Acquiring new duckdb connection 'master'
[0m13:35:42.379502 [debug] [ThreadPool]: Acquiring new duckdb connection 'list_dev_main'
[0m13:35:42.424754 [debug] [ThreadPool]: Using duckdb connection "list_dev_main"
[0m13:35:42.424913 [debug] [ThreadPool]: On list_dev_main: BEGIN
[0m13:35:42.425008 [debug] [ThreadPool]: Opening a new connection, currently in state init
[0m13:35:42.429728 [debug] [ThreadPool]: SQL status: OK in 0.005 seconds
[0m13:35:42.429854 [debug] [ThreadPool]: Using duckdb connection "list_dev_main"
[0m13:35:42.429955 [debug] [ThreadPool]: On list_dev_main: /* {"app": "dbt", "dbt_version": "1.8.9", "profile_name": "data_pipeline_example", "target_name": "dev", "connection_name": "list_dev_main"} */
select
      'dev' as database,
      table_name as name,
      table_schema as schema,
      CASE table_type
        WHEN 'BASE TABLE' THEN 'table'
        WHEN 'VIEW' THEN 'view'
        WHEN 'LOCAL TEMPORARY' THEN 'table'
        END as type
    from system.information_schema.tables
    where table_schema = 'main'
    and table_catalog = 'dev'
  
[0m13:35:42.431203 [debug] [ThreadPool]: SQL status: OK in 0.001 seconds
[0m13:35:42.431703 [debug] [ThreadPool]: On list_dev_main: ROLLBACK
[0m13:35:42.432198 [debug] [ThreadPool]: Failed to rollback 'list_dev_main'
[0m13:35:42.432305 [debug] [ThreadPool]: On list_dev_main: Close
[0m13:35:42.433218 [debug] [MainThread]: Sending event: {'category': 'dbt', 'action': 'runnable_timing', 'label': '99c9fa47-5909-4584-af8c-3f7a95e7e906', 'context': [<snowplow_tracker.self_describing_json.SelfDescribingJson object at 0x10dc9a000>]}
[0m13:35:42.433373 [debug] [MainThread]: Using duckdb connection "master"
[0m13:35:42.433459 [debug] [MainThread]: On master: BEGIN
[0m13:35:42.433538 [debug] [MainThread]: Opening a new connection, currently in state init
[0m13:35:42.437147 [debug] [MainThread]: SQL status: OK in 0.004 seconds
[0m13:35:42.437247 [debug] [MainThread]: On master: COMMIT
[0m13:35:42.437347 [debug] [MainThread]: Using duckdb connection "master"
[0m13:35:42.437427 [debug] [MainThread]: On master: COMMIT
[0m13:35:42.437553 [debug] [MainThread]: SQL status: OK in 0.000 seconds
[0m13:35:42.437641 [debug] [MainThread]: On master: Close
[0m13:35:42.438076 [info ] [MainThread]: Concurrency: 4 threads (target='dev')
[0m13:35:42.438194 [info ] [MainThread]: 
[0m13:35:42.439198 [debug] [Thread-1 (]: Began running node test.data_pipeline_example.accepted_values_dim_customers_country__US__UK__CA__DE__FR__AU.75261bc7e7
[0m13:35:42.439346 [debug] [Thread-2 (]: Began running node test.data_pipeline_example.accepted_values_dim_customers_segment__enterprise__smb__startup.fd3e4d32ce
[0m13:35:42.439471 [debug] [Thread-3 (]: Began running node test.data_pipeline_example.accepted_values_fact_orders_product_category__software__service__hardware.6763e2e805
[0m13:35:42.439606 [info ] [Thread-1 (]: 1 of 46 START test accepted_values_dim_customers_country__US__UK__CA__DE__FR__AU  [RUN]
[0m13:35:42.439762 [debug] [Thread-4 (]: Began running node test.data_pipeline_example.accepted_values_fact_orders_status__pending__shipped__delivered.05a019011d
[0m13:35:42.439916 [info ] [Thread-2 (]: 2 of 46 START test accepted_values_dim_customers_segment__enterprise__smb__startup  [RUN]
[0m13:35:42.440061 [info ] [Thread-3 (]: 3 of 46 START test accepted_values_fact_orders_product_category__software__service__hardware  [RUN]
[0m13:35:42.440235 [debug] [Thread-1 (]: Re-using an available connection from the pool (formerly list_dev_main, now test.data_pipeline_example.accepted_values_dim_customers_country__US__UK__CA__DE__FR__AU.75261bc7e7)
[0m13:35:42.440348 [info ] [Thread-4 (]: 4 of 46 START test accepted_values_fact_orders_status__pending__shipped__delivered  [RUN]
[0m13:35:42.440506 [debug] [Thread-2 (]: Acquiring new duckdb connection 'test.data_pipeline_example.accepted_values_dim_customers_segment__enterprise__smb__startup.fd3e4d32ce'
[0m13:35:42.440631 [debug] [Thread-3 (]: Acquiring new duckdb connection 'test.data_pipeline_example.accepted_values_fact_orders_product_category__software__service__hardware.6763e2e805'
[0m13:35:42.440731 [debug] [Thread-1 (]: Began compiling node test.data_pipeline_example.accepted_values_dim_customers_country__US__UK__CA__DE__FR__AU.75261bc7e7
[0m13:35:42.440853 [debug] [Thread-4 (]: Acquiring new duckdb connection 'test.data_pipeline_example.accepted_values_fact_orders_status__pending__shipped__delivered.05a019011d'
[0m13:35:42.440950 [debug] [Thread-2 (]: Began compiling node test.data_pipeline_example.accepted_values_dim_customers_segment__enterprise__smb__startup.fd3e4d32ce
[0m13:35:42.441043 [debug] [Thread-3 (]: Began compiling node test.data_pipeline_example.accepted_values_fact_orders_product_category__software__service__hardware.6763e2e805
[0m13:35:42.447284 [debug] [Thread-1 (]: Writing injected SQL for node "test.data_pipeline_example.accepted_values_dim_customers_country__US__UK__CA__DE__FR__AU.75261bc7e7"
[0m13:35:42.447418 [debug] [Thread-4 (]: Began compiling node test.data_pipeline_example.accepted_values_fact_orders_status__pending__shipped__delivered.05a019011d
[0m13:35:42.449190 [debug] [Thread-2 (]: Writing injected SQL for node "test.data_pipeline_example.accepted_values_dim_customers_segment__enterprise__smb__startup.fd3e4d32ce"
[0m13:35:42.450864 [debug] [Thread-3 (]: Writing injected SQL for node "test.data_pipeline_example.accepted_values_fact_orders_product_category__software__service__hardware.6763e2e805"
[0m13:35:42.452531 [debug] [Thread-4 (]: Writing injected SQL for node "test.data_pipeline_example.accepted_values_fact_orders_status__pending__shipped__delivered.05a019011d"
[0m13:35:42.453076 [debug] [Thread-1 (]: Began executing node test.data_pipeline_example.accepted_values_dim_customers_country__US__UK__CA__DE__FR__AU.75261bc7e7
[0m13:35:42.453213 [debug] [Thread-4 (]: Began executing node test.data_pipeline_example.accepted_values_fact_orders_status__pending__shipped__delivered.05a019011d
[0m13:35:42.453342 [debug] [Thread-3 (]: Began executing node test.data_pipeline_example.accepted_values_fact_orders_product_category__software__service__hardware.6763e2e805
[0m13:35:42.458751 [debug] [Thread-2 (]: Began executing node test.data_pipeline_example.accepted_values_dim_customers_segment__enterprise__smb__startup.fd3e4d32ce
[0m13:35:42.459518 [debug] [Thread-1 (]: Writing runtime sql for node "test.data_pipeline_example.accepted_values_dim_customers_country__US__UK__CA__DE__FR__AU.75261bc7e7"
[0m13:35:42.460293 [debug] [Thread-4 (]: Writing runtime sql for node "test.data_pipeline_example.accepted_values_fact_orders_status__pending__shipped__delivered.05a019011d"
[0m13:35:42.460974 [debug] [Thread-3 (]: Writing runtime sql for node "test.data_pipeline_example.accepted_values_fact_orders_product_category__software__service__hardware.6763e2e805"
[0m13:35:42.461645 [debug] [Thread-2 (]: Writing runtime sql for node "test.data_pipeline_example.accepted_values_dim_customers_segment__enterprise__smb__startup.fd3e4d32ce"
[0m13:35:42.462261 [debug] [Thread-4 (]: Using duckdb connection "test.data_pipeline_example.accepted_values_fact_orders_status__pending__shipped__delivered.05a019011d"
[0m13:35:42.462408 [debug] [Thread-1 (]: Using duckdb connection "test.data_pipeline_example.accepted_values_dim_customers_country__US__UK__CA__DE__FR__AU.75261bc7e7"
[0m13:35:42.462543 [debug] [Thread-4 (]: On test.data_pipeline_example.accepted_values_fact_orders_status__pending__shipped__delivered.05a019011d: BEGIN
[0m13:35:42.462689 [debug] [Thread-3 (]: Using duckdb connection "test.data_pipeline_example.accepted_values_fact_orders_product_category__software__service__hardware.6763e2e805"
[0m13:35:42.462811 [debug] [Thread-1 (]: On test.data_pipeline_example.accepted_values_dim_customers_country__US__UK__CA__DE__FR__AU.75261bc7e7: BEGIN
[0m13:35:42.462919 [debug] [Thread-2 (]: Using duckdb connection "test.data_pipeline_example.accepted_values_dim_customers_segment__enterprise__smb__startup.fd3e4d32ce"
[0m13:35:42.463020 [debug] [Thread-4 (]: Opening a new connection, currently in state init
[0m13:35:42.463120 [debug] [Thread-3 (]: On test.data_pipeline_example.accepted_values_fact_orders_product_category__software__service__hardware.6763e2e805: BEGIN
[0m13:35:42.463211 [debug] [Thread-1 (]: Opening a new connection, currently in state closed
[0m13:35:42.463305 [debug] [Thread-2 (]: On test.data_pipeline_example.accepted_values_dim_customers_segment__enterprise__smb__startup.fd3e4d32ce: BEGIN
[0m13:35:42.463462 [debug] [Thread-3 (]: Opening a new connection, currently in state init
[0m13:35:42.463597 [debug] [Thread-2 (]: Opening a new connection, currently in state init
[0m13:35:42.467261 [debug] [Thread-4 (]: SQL status: OK in 0.004 seconds
[0m13:35:42.467385 [debug] [Thread-1 (]: SQL status: OK in 0.004 seconds
[0m13:35:42.467507 [debug] [Thread-4 (]: Using duckdb connection "test.data_pipeline_example.accepted_values_fact_orders_status__pending__shipped__delivered.05a019011d"
[0m13:35:42.467628 [debug] [Thread-3 (]: SQL status: OK in 0.004 seconds
[0m13:35:42.467743 [debug] [Thread-2 (]: SQL status: OK in 0.004 seconds
[0m13:35:42.467862 [debug] [Thread-1 (]: Using duckdb connection "test.data_pipeline_example.accepted_values_dim_customers_country__US__UK__CA__DE__FR__AU.75261bc7e7"
[0m13:35:42.467994 [debug] [Thread-4 (]: On test.data_pipeline_example.accepted_values_fact_orders_status__pending__shipped__delivered.05a019011d: /* {"app": "dbt", "dbt_version": "1.8.9", "profile_name": "data_pipeline_example", "target_name": "dev", "node_id": "test.data_pipeline_example.accepted_values_fact_orders_status__pending__shipped__delivered.05a019011d"} */

    select
      count(*) as failures,
      count(*) != 0 as should_warn,
      count(*) != 0 as should_error
    from (
      
    
  
    
    

with all_values as (

    select
        status as value_field,
        count(*) as n_records

    from "dev"."main"."fact_orders"
    group by status

)

select *
from all_values
where value_field not in (
    'pending','shipped','delivered'
)



  
  
      
    ) dbt_internal_test
[0m13:35:42.468141 [debug] [Thread-3 (]: Using duckdb connection "test.data_pipeline_example.accepted_values_fact_orders_product_category__software__service__hardware.6763e2e805"
[0m13:35:42.468257 [debug] [Thread-2 (]: Using duckdb connection "test.data_pipeline_example.accepted_values_dim_customers_segment__enterprise__smb__startup.fd3e4d32ce"
[0m13:35:42.468380 [debug] [Thread-1 (]: On test.data_pipeline_example.accepted_values_dim_customers_country__US__UK__CA__DE__FR__AU.75261bc7e7: /* {"app": "dbt", "dbt_version": "1.8.9", "profile_name": "data_pipeline_example", "target_name": "dev", "node_id": "test.data_pipeline_example.accepted_values_dim_customers_country__US__UK__CA__DE__FR__AU.75261bc7e7"} */

    select
      count(*) as failures,
      count(*) != 0 as should_warn,
      count(*) != 0 as should_error
    from (
      
    
  
    
    

with all_values as (

    select
        country as value_field,
        count(*) as n_records

    from "dev"."main"."dim_customers"
    group by country

)

select *
from all_values
where value_field not in (
    'US','UK','CA','DE','FR','AU'
)



  
  
      
    ) dbt_internal_test
[0m13:35:42.468574 [debug] [Thread-3 (]: On test.data_pipeline_example.accepted_values_fact_orders_product_category__software__service__hardware.6763e2e805: /* {"app": "dbt", "dbt_version": "1.8.9", "profile_name": "data_pipeline_example", "target_name": "dev", "node_id": "test.data_pipeline_example.accepted_values_fact_orders_product_category__software__service__hardware.6763e2e805"} */

    select
      count(*) as failures,
      count(*) != 0 as should_warn,
      count(*) != 0 as should_error
    from (
      
    
  
    
    

with all_values as (

    select
        product_category as value_field,
        count(*) as n_records

    from "dev"."main"."fact_orders"
    group by product_category

)

select *
from all_values
where value_field not in (
    'software','service','hardware'
)



  
  
      
    ) dbt_internal_test
[0m13:35:42.468714 [debug] [Thread-2 (]: On test.data_pipeline_example.accepted_values_dim_customers_segment__enterprise__smb__startup.fd3e4d32ce: /* {"app": "dbt", "dbt_version": "1.8.9", "profile_name": "data_pipeline_example", "target_name": "dev", "node_id": "test.data_pipeline_example.accepted_values_dim_customers_segment__enterprise__smb__startup.fd3e4d32ce"} */

    select
      count(*) as failures,
      count(*) != 0 as should_warn,
      count(*) != 0 as should_error
    from (
      
    
  
    
    

with all_values as (

    select
        segment as value_field,
        count(*) as n_records

    from "dev"."main"."dim_customers"
    group by segment

)

select *
from all_values
where value_field not in (
    'enterprise','smb','startup'
)



  
  
      
    ) dbt_internal_test
[0m13:35:42.469046 [debug] [Thread-4 (]: SQL status: OK in 0.001 seconds
[0m13:35:42.470625 [debug] [Thread-4 (]: On test.data_pipeline_example.accepted_values_fact_orders_status__pending__shipped__delivered.05a019011d: ROLLBACK
[0m13:35:42.470781 [debug] [Thread-3 (]: SQL status: OK in 0.002 seconds
[0m13:35:42.470899 [debug] [Thread-1 (]: SQL status: OK in 0.002 seconds
[0m13:35:42.471198 [debug] [Thread-4 (]: Failed to rollback 'test.data_pipeline_example.accepted_values_fact_orders_status__pending__shipped__delivered.05a019011d'
[0m13:35:42.471303 [debug] [Thread-2 (]: SQL status: OK in 0.002 seconds
[0m13:35:42.471783 [debug] [Thread-3 (]: On test.data_pipeline_example.accepted_values_fact_orders_product_category__software__service__hardware.6763e2e805: ROLLBACK
[0m13:35:42.472283 [debug] [Thread-1 (]: On test.data_pipeline_example.accepted_values_dim_customers_country__US__UK__CA__DE__FR__AU.75261bc7e7: ROLLBACK
[0m13:35:42.472421 [debug] [Thread-4 (]: On test.data_pipeline_example.accepted_values_fact_orders_status__pending__shipped__delivered.05a019011d: Close
[0m13:35:42.472839 [debug] [Thread-2 (]: On test.data_pipeline_example.accepted_values_dim_customers_segment__enterprise__smb__startup.fd3e4d32ce: ROLLBACK
[0m13:35:42.473143 [debug] [Thread-3 (]: Failed to rollback 'test.data_pipeline_example.accepted_values_fact_orders_product_category__software__service__hardware.6763e2e805'
[0m13:35:42.473448 [debug] [Thread-1 (]: Failed to rollback 'test.data_pipeline_example.accepted_values_dim_customers_country__US__UK__CA__DE__FR__AU.75261bc7e7'
[0m13:35:42.473773 [debug] [Thread-2 (]: Failed to rollback 'test.data_pipeline_example.accepted_values_dim_customers_segment__enterprise__smb__startup.fd3e4d32ce'
[0m13:35:42.474127 [debug] [Thread-3 (]: On test.data_pipeline_example.accepted_values_fact_orders_product_category__software__service__hardware.6763e2e805: Close
[0m13:35:42.474010 [info ] [Thread-4 (]: 4 of 46 PASS accepted_values_fact_orders_status__pending__shipped__delivered ... [[32mPASS[0m in 0.03s]
[0m13:35:42.474258 [debug] [Thread-1 (]: On test.data_pipeline_example.accepted_values_dim_customers_country__US__UK__CA__DE__FR__AU.75261bc7e7: Close
[0m13:35:42.474360 [debug] [Thread-2 (]: On test.data_pipeline_example.accepted_values_dim_customers_segment__enterprise__smb__startup.fd3e4d32ce: Close
[0m13:35:42.474520 [info ] [Thread-3 (]: 3 of 46 PASS accepted_values_fact_orders_product_category__software__service__hardware  [[32mPASS[0m in 0.03s]
[0m13:35:42.474739 [debug] [Thread-4 (]: Finished running node test.data_pipeline_example.accepted_values_fact_orders_status__pending__shipped__delivered.05a019011d
[0m13:35:42.474902 [info ] [Thread-1 (]: 1 of 46 PASS accepted_values_dim_customers_country__US__UK__CA__DE__FR__AU ..... [[32mPASS[0m in 0.03s]
[0m13:35:42.475104 [debug] [Thread-3 (]: Finished running node test.data_pipeline_example.accepted_values_fact_orders_product_category__software__service__hardware.6763e2e805
[0m13:35:42.475254 [debug] [Thread-4 (]: Began running node test.data_pipeline_example.accepted_values_stg_customers_country__US__UK__CA__DE__FR__AU.f367ea8362
[0m13:35:42.475451 [debug] [Thread-1 (]: Finished running node test.data_pipeline_example.accepted_values_dim_customers_country__US__UK__CA__DE__FR__AU.75261bc7e7
[0m13:35:42.475617 [debug] [Thread-3 (]: Began running node test.data_pipeline_example.accepted_values_stg_customers_segment__enterprise__smb__startup.aa95e7d18f
[0m13:35:42.475750 [info ] [Thread-4 (]: 5 of 46 START test accepted_values_stg_customers_country__US__UK__CA__DE__FR__AU  [RUN]
[0m13:35:42.475922 [info ] [Thread-2 (]: 2 of 46 PASS accepted_values_dim_customers_segment__enterprise__smb__startup ... [[32mPASS[0m in 0.04s]
[0m13:35:42.476076 [debug] [Thread-1 (]: Began running node test.data_pipeline_example.accepted_values_stg_orders_status__pending__shipped__delivered__cancelled.f082775750
[0m13:35:42.476213 [info ] [Thread-3 (]: 6 of 46 START test accepted_values_stg_customers_segment__enterprise__smb__startup  [RUN]
[0m13:35:42.476362 [debug] [Thread-4 (]: Re-using an available connection from the pool (formerly test.data_pipeline_example.accepted_values_fact_orders_status__pending__shipped__delivered.05a019011d, now test.data_pipeline_example.accepted_values_stg_customers_country__US__UK__CA__DE__FR__AU.f367ea8362)
[0m13:35:42.476513 [debug] [Thread-2 (]: Finished running node test.data_pipeline_example.accepted_values_dim_customers_segment__enterprise__smb__startup.fd3e4d32ce
[0m13:35:42.476618 [info ] [Thread-1 (]: 7 of 46 START test accepted_values_stg_orders_status__pending__shipped__delivered__cancelled  [RUN]
[0m13:35:42.476748 [debug] [Thread-3 (]: Re-using an available connection from the pool (formerly test.data_pipeline_example.accepted_values_fact_orders_product_category__software__service__hardware.6763e2e805, now test.data_pipeline_example.accepted_values_stg_customers_segment__enterprise__smb__startup.aa95e7d18f)
[0m13:35:42.476851 [debug] [Thread-4 (]: Began compiling node test.data_pipeline_example.accepted_values_stg_customers_country__US__UK__CA__DE__FR__AU.f367ea8362
[0m13:35:42.476979 [debug] [Thread-2 (]: Began running node test.data_pipeline_example.accepted_values_stg_products_category__software__service__hardware.22b47989a2
[0m13:35:42.477122 [debug] [Thread-1 (]: Re-using an available connection from the pool (formerly test.data_pipeline_example.accepted_values_dim_customers_country__US__UK__CA__DE__FR__AU.75261bc7e7, now test.data_pipeline_example.accepted_values_stg_orders_status__pending__shipped__delivered__cancelled.f082775750)
[0m13:35:42.477241 [debug] [Thread-3 (]: Began compiling node test.data_pipeline_example.accepted_values_stg_customers_segment__enterprise__smb__startup.aa95e7d18f
[0m13:35:42.478643 [debug] [Thread-4 (]: Writing injected SQL for node "test.data_pipeline_example.accepted_values_stg_customers_country__US__UK__CA__DE__FR__AU.f367ea8362"
[0m13:35:42.478764 [info ] [Thread-2 (]: 8 of 46 START test accepted_values_stg_products_category__software__service__hardware  [RUN]
[0m13:35:42.478892 [debug] [Thread-1 (]: Began compiling node test.data_pipeline_example.accepted_values_stg_orders_status__pending__shipped__delivered__cancelled.f082775750
[0m13:35:42.480002 [debug] [Thread-3 (]: Writing injected SQL for node "test.data_pipeline_example.accepted_values_stg_customers_segment__enterprise__smb__startup.aa95e7d18f"
[0m13:35:42.480173 [debug] [Thread-2 (]: Re-using an available connection from the pool (formerly test.data_pipeline_example.accepted_values_dim_customers_segment__enterprise__smb__startup.fd3e4d32ce, now test.data_pipeline_example.accepted_values_stg_products_category__software__service__hardware.22b47989a2)
[0m13:35:42.482180 [debug] [Thread-1 (]: Writing injected SQL for node "test.data_pipeline_example.accepted_values_stg_orders_status__pending__shipped__delivered__cancelled.f082775750"
[0m13:35:42.482332 [debug] [Thread-2 (]: Began compiling node test.data_pipeline_example.accepted_values_stg_products_category__software__service__hardware.22b47989a2
[0m13:35:42.483636 [debug] [Thread-2 (]: Writing injected SQL for node "test.data_pipeline_example.accepted_values_stg_products_category__software__service__hardware.22b47989a2"
[0m13:35:42.483793 [debug] [Thread-3 (]: Began executing node test.data_pipeline_example.accepted_values_stg_customers_segment__enterprise__smb__startup.aa95e7d18f
[0m13:35:42.483915 [debug] [Thread-4 (]: Began executing node test.data_pipeline_example.accepted_values_stg_customers_country__US__UK__CA__DE__FR__AU.f367ea8362
[0m13:35:42.484647 [debug] [Thread-3 (]: Writing runtime sql for node "test.data_pipeline_example.accepted_values_stg_customers_segment__enterprise__smb__startup.aa95e7d18f"
[0m13:35:42.485384 [debug] [Thread-4 (]: Writing runtime sql for node "test.data_pipeline_example.accepted_values_stg_customers_country__US__UK__CA__DE__FR__AU.f367ea8362"
[0m13:35:42.485503 [debug] [Thread-1 (]: Began executing node test.data_pipeline_example.accepted_values_stg_orders_status__pending__shipped__delivered__cancelled.f082775750
[0m13:35:42.485644 [debug] [Thread-2 (]: Began executing node test.data_pipeline_example.accepted_values_stg_products_category__software__service__hardware.22b47989a2
[0m13:35:42.486379 [debug] [Thread-1 (]: Writing runtime sql for node "test.data_pipeline_example.accepted_values_stg_orders_status__pending__shipped__delivered__cancelled.f082775750"
[0m13:35:42.487043 [debug] [Thread-2 (]: Writing runtime sql for node "test.data_pipeline_example.accepted_values_stg_products_category__software__service__hardware.22b47989a2"
[0m13:35:42.487313 [debug] [Thread-3 (]: Using duckdb connection "test.data_pipeline_example.accepted_values_stg_customers_segment__enterprise__smb__startup.aa95e7d18f"
[0m13:35:42.487448 [debug] [Thread-4 (]: Using duckdb connection "test.data_pipeline_example.accepted_values_stg_customers_country__US__UK__CA__DE__FR__AU.f367ea8362"
[0m13:35:42.487570 [debug] [Thread-3 (]: On test.data_pipeline_example.accepted_values_stg_customers_segment__enterprise__smb__startup.aa95e7d18f: BEGIN
[0m13:35:42.487713 [debug] [Thread-4 (]: On test.data_pipeline_example.accepted_values_stg_customers_country__US__UK__CA__DE__FR__AU.f367ea8362: BEGIN
[0m13:35:42.487833 [debug] [Thread-3 (]: Opening a new connection, currently in state closed
[0m13:35:42.487963 [debug] [Thread-2 (]: Using duckdb connection "test.data_pipeline_example.accepted_values_stg_products_category__software__service__hardware.22b47989a2"
[0m13:35:42.488099 [debug] [Thread-1 (]: Using duckdb connection "test.data_pipeline_example.accepted_values_stg_orders_status__pending__shipped__delivered__cancelled.f082775750"
[0m13:35:42.488208 [debug] [Thread-4 (]: Opening a new connection, currently in state closed
[0m13:35:42.488363 [debug] [Thread-2 (]: On test.data_pipeline_example.accepted_values_stg_products_category__software__service__hardware.22b47989a2: BEGIN
[0m13:35:42.488473 [debug] [Thread-1 (]: On test.data_pipeline_example.accepted_values_stg_orders_status__pending__shipped__delivered__cancelled.f082775750: BEGIN
[0m13:35:42.488587 [debug] [Thread-2 (]: Opening a new connection, currently in state closed
[0m13:35:42.488695 [debug] [Thread-1 (]: Opening a new connection, currently in state closed
[0m13:35:42.492154 [debug] [Thread-3 (]: SQL status: OK in 0.004 seconds
[0m13:35:42.492283 [debug] [Thread-3 (]: Using duckdb connection "test.data_pipeline_example.accepted_values_stg_customers_segment__enterprise__smb__startup.aa95e7d18f"
[0m13:35:42.492393 [debug] [Thread-4 (]: SQL status: OK in 0.004 seconds
[0m13:35:42.492525 [debug] [Thread-3 (]: On test.data_pipeline_example.accepted_values_stg_customers_segment__enterprise__smb__startup.aa95e7d18f: /* {"app": "dbt", "dbt_version": "1.8.9", "profile_name": "data_pipeline_example", "target_name": "dev", "node_id": "test.data_pipeline_example.accepted_values_stg_customers_segment__enterprise__smb__startup.aa95e7d18f"} */

    select
      count(*) as failures,
      count(*) != 0 as should_warn,
      count(*) != 0 as should_error
    from (
      
    
  
    
    

with all_values as (

    select
        segment as value_field,
        count(*) as n_records

    from "dev"."main"."stg_customers"
    group by segment

)

select *
from all_values
where value_field not in (
    'enterprise','smb','startup'
)



  
  
      
    ) dbt_internal_test
[0m13:35:42.492652 [debug] [Thread-1 (]: SQL status: OK in 0.004 seconds
[0m13:35:42.492780 [debug] [Thread-4 (]: Using duckdb connection "test.data_pipeline_example.accepted_values_stg_customers_country__US__UK__CA__DE__FR__AU.f367ea8362"
[0m13:35:42.492892 [debug] [Thread-2 (]: SQL status: OK in 0.004 seconds
[0m13:35:42.493047 [debug] [Thread-1 (]: Using duckdb connection "test.data_pipeline_example.accepted_values_stg_orders_status__pending__shipped__delivered__cancelled.f082775750"
[0m13:35:42.493170 [debug] [Thread-4 (]: On test.data_pipeline_example.accepted_values_stg_customers_country__US__UK__CA__DE__FR__AU.f367ea8362: /* {"app": "dbt", "dbt_version": "1.8.9", "profile_name": "data_pipeline_example", "target_name": "dev", "node_id": "test.data_pipeline_example.accepted_values_stg_customers_country__US__UK__CA__DE__FR__AU.f367ea8362"} */

    select
      count(*) as failures,
      count(*) != 0 as should_warn,
      count(*) != 0 as should_error
    from (
      
    
  
    
    

with all_values as (

    select
        country as value_field,
        count(*) as n_records

    from "dev"."main"."stg_customers"
    group by country

)

select *
from all_values
where value_field not in (
    'US','UK','CA','DE','FR','AU'
)



  
  
      
    ) dbt_internal_test
[0m13:35:42.493291 [debug] [Thread-2 (]: Using duckdb connection "test.data_pipeline_example.accepted_values_stg_products_category__software__service__hardware.22b47989a2"
[0m13:35:42.493406 [debug] [Thread-3 (]: SQL status: OK in 0.000 seconds
[0m13:35:42.493532 [debug] [Thread-1 (]: On test.data_pipeline_example.accepted_values_stg_orders_status__pending__shipped__delivered__cancelled.f082775750: /* {"app": "dbt", "dbt_version": "1.8.9", "profile_name": "data_pipeline_example", "target_name": "dev", "node_id": "test.data_pipeline_example.accepted_values_stg_orders_status__pending__shipped__delivered__cancelled.f082775750"} */

    select
      count(*) as failures,
      count(*) != 0 as should_warn,
      count(*) != 0 as should_error
    from (
      
    
  
    
    

with all_values as (

    select
        status as value_field,
        count(*) as n_records

    from "dev"."main"."stg_orders"
    group by status

)

select *
from all_values
where value_field not in (
    'pending','shipped','delivered','cancelled'
)



  
  
      
    ) dbt_internal_test
[0m13:35:42.493708 [debug] [Thread-2 (]: On test.data_pipeline_example.accepted_values_stg_products_category__software__service__hardware.22b47989a2: /* {"app": "dbt", "dbt_version": "1.8.9", "profile_name": "data_pipeline_example", "target_name": "dev", "node_id": "test.data_pipeline_example.accepted_values_stg_products_category__software__service__hardware.22b47989a2"} */

    select
      count(*) as failures,
      count(*) != 0 as should_warn,
      count(*) != 0 as should_error
    from (
      
    
  
    
    

with all_values as (

    select
        category as value_field,
        count(*) as n_records

    from "dev"."main"."stg_products"
    group by category

)

select *
from all_values
where value_field not in (
    'software','service','hardware'
)



  
  
      
    ) dbt_internal_test
[0m13:35:42.494245 [debug] [Thread-3 (]: On test.data_pipeline_example.accepted_values_stg_customers_segment__enterprise__smb__startup.aa95e7d18f: ROLLBACK
[0m13:35:42.494376 [debug] [Thread-4 (]: SQL status: OK in 0.001 seconds
[0m13:35:42.494484 [debug] [Thread-1 (]: SQL status: OK in 0.001 seconds
[0m13:35:42.494863 [debug] [Thread-3 (]: Failed to rollback 'test.data_pipeline_example.accepted_values_stg_customers_segment__enterprise__smb__startup.aa95e7d18f'
[0m13:35:42.495323 [debug] [Thread-4 (]: On test.data_pipeline_example.accepted_values_stg_customers_country__US__UK__CA__DE__FR__AU.f367ea8362: ROLLBACK
[0m13:35:42.495458 [debug] [Thread-3 (]: On test.data_pipeline_example.accepted_values_stg_customers_segment__enterprise__smb__startup.aa95e7d18f: Close
[0m13:35:42.495575 [debug] [Thread-2 (]: SQL status: OK in 0.001 seconds
[0m13:35:42.496035 [debug] [Thread-1 (]: On test.data_pipeline_example.accepted_values_stg_orders_status__pending__shipped__delivered__cancelled.f082775750: ROLLBACK
[0m13:35:42.496330 [debug] [Thread-4 (]: Failed to rollback 'test.data_pipeline_example.accepted_values_stg_customers_country__US__UK__CA__DE__FR__AU.f367ea8362'
[0m13:35:42.496517 [info ] [Thread-3 (]: 6 of 46 PASS accepted_values_stg_customers_segment__enterprise__smb__startup ... [[32mPASS[0m in 0.02s]
[0m13:35:42.496864 [debug] [Thread-1 (]: Failed to rollback 'test.data_pipeline_example.accepted_values_stg_orders_status__pending__shipped__delivered__cancelled.f082775750'
[0m13:35:42.496989 [debug] [Thread-4 (]: On test.data_pipeline_example.accepted_values_stg_customers_country__US__UK__CA__DE__FR__AU.f367ea8362: Close
[0m13:35:42.497399 [debug] [Thread-2 (]: On test.data_pipeline_example.accepted_values_stg_products_category__software__service__hardware.22b47989a2: ROLLBACK
[0m13:35:42.497576 [debug] [Thread-3 (]: Finished running node test.data_pipeline_example.accepted_values_stg_customers_segment__enterprise__smb__startup.aa95e7d18f
[0m13:35:42.497692 [debug] [Thread-1 (]: On test.data_pipeline_example.accepted_values_stg_orders_status__pending__shipped__delivered__cancelled.f082775750: Close
[0m13:35:42.497857 [info ] [Thread-4 (]: 5 of 46 PASS accepted_values_stg_customers_country__US__UK__CA__DE__FR__AU ..... [[32mPASS[0m in 0.02s]
[0m13:35:42.498160 [debug] [Thread-2 (]: Failed to rollback 'test.data_pipeline_example.accepted_values_stg_products_category__software__service__hardware.22b47989a2'
[0m13:35:42.498303 [debug] [Thread-3 (]: Began running node test.data_pipeline_example.dbt_utils_expression_is_true_fact_orders_count_0.207865afc3
[0m13:35:42.498489 [info ] [Thread-1 (]: 7 of 46 PASS accepted_values_stg_orders_status__pending__shipped__delivered__cancelled  [[32mPASS[0m in 0.02s]
[0m13:35:42.498678 [debug] [Thread-4 (]: Finished running node test.data_pipeline_example.accepted_values_stg_customers_country__US__UK__CA__DE__FR__AU.f367ea8362
[0m13:35:42.498793 [debug] [Thread-2 (]: On test.data_pipeline_example.accepted_values_stg_products_category__software__service__hardware.22b47989a2: Close
[0m13:35:42.498914 [info ] [Thread-3 (]: 9 of 46 START test dbt_utils_expression_is_true_fact_orders_count_0 ............ [RUN]
[0m13:35:42.499087 [debug] [Thread-1 (]: Finished running node test.data_pipeline_example.accepted_values_stg_orders_status__pending__shipped__delivered__cancelled.f082775750
[0m13:35:42.499220 [debug] [Thread-4 (]: Began running node test.data_pipeline_example.fact_orders_delivery_after_shipment
[0m13:35:42.499368 [debug] [Thread-3 (]: Re-using an available connection from the pool (formerly test.data_pipeline_example.accepted_values_stg_customers_segment__enterprise__smb__startup.aa95e7d18f, now test.data_pipeline_example.dbt_utils_expression_is_true_fact_orders_count_0.207865afc3)
[0m13:35:42.499501 [debug] [Thread-1 (]: Began running node test.data_pipeline_example.fact_orders_no_negative_amount
[0m13:35:42.499622 [info ] [Thread-4 (]: 10 of 46 START test fact_orders_delivery_after_shipment ........................ [RUN]
[0m13:35:42.499916 [debug] [Thread-3 (]: Began compiling node test.data_pipeline_example.dbt_utils_expression_is_true_fact_orders_count_0.207865afc3
[0m13:35:42.499818 [info ] [Thread-2 (]: 8 of 46 PASS accepted_values_stg_products_category__software__service__hardware  [[32mPASS[0m in 0.02s]
[0m13:35:42.500083 [info ] [Thread-1 (]: 11 of 46 START test fact_orders_no_negative_amount ............................. [RUN]
[0m13:35:42.500227 [debug] [Thread-4 (]: Re-using an available connection from the pool (formerly test.data_pipeline_example.accepted_values_stg_customers_country__US__UK__CA__DE__FR__AU.f367ea8362, now test.data_pipeline_example.fact_orders_delivery_after_shipment)
[0m13:35:42.501907 [debug] [Thread-2 (]: Finished running node test.data_pipeline_example.accepted_values_stg_products_category__software__service__hardware.22b47989a2
[0m13:35:42.502064 [debug] [Thread-1 (]: Re-using an available connection from the pool (formerly test.data_pipeline_example.accepted_values_stg_orders_status__pending__shipped__delivered__cancelled.f082775750, now test.data_pipeline_example.fact_orders_no_negative_amount)
[0m13:35:42.502193 [debug] [Thread-4 (]: Began compiling node test.data_pipeline_example.fact_orders_delivery_after_shipment
[0m13:35:42.502328 [debug] [Thread-2 (]: Began running node test.data_pipeline_example.not_null_dim_customers_created_date.271744b628
[0m13:35:42.502456 [debug] [Thread-1 (]: Began compiling node test.data_pipeline_example.fact_orders_no_negative_amount
[0m13:35:42.503559 [debug] [Thread-4 (]: Writing injected SQL for node "test.data_pipeline_example.fact_orders_delivery_after_shipment"
[0m13:35:42.503684 [info ] [Thread-2 (]: 12 of 46 START test not_null_dim_customers_created_date ........................ [RUN]
[0m13:35:42.504486 [debug] [Thread-1 (]: Writing injected SQL for node "test.data_pipeline_example.fact_orders_no_negative_amount"
[0m13:35:42.504675 [debug] [Thread-2 (]: Re-using an available connection from the pool (formerly test.data_pipeline_example.accepted_values_stg_products_category__software__service__hardware.22b47989a2, now test.data_pipeline_example.not_null_dim_customers_created_date.271744b628)
[0m13:35:42.504866 [debug] [Thread-2 (]: Began compiling node test.data_pipeline_example.not_null_dim_customers_created_date.271744b628
[0m13:35:42.506917 [debug] [Thread-2 (]: Writing injected SQL for node "test.data_pipeline_example.not_null_dim_customers_created_date.271744b628"
[0m13:35:42.507158 [debug] [Thread-1 (]: Began executing node test.data_pipeline_example.fact_orders_no_negative_amount
[0m13:35:42.507890 [debug] [Thread-1 (]: Writing runtime sql for node "test.data_pipeline_example.fact_orders_no_negative_amount"
[0m13:35:42.508008 [debug] [Thread-4 (]: Began executing node test.data_pipeline_example.fact_orders_delivery_after_shipment
[0m13:35:42.508819 [debug] [Thread-4 (]: Writing runtime sql for node "test.data_pipeline_example.fact_orders_delivery_after_shipment"
[0m13:35:42.508938 [debug] [Thread-2 (]: Began executing node test.data_pipeline_example.not_null_dim_customers_created_date.271744b628
[0m13:35:42.510415 [debug] [Thread-2 (]: Writing runtime sql for node "test.data_pipeline_example.not_null_dim_customers_created_date.271744b628"
[0m13:35:42.510825 [debug] [Thread-2 (]: Using duckdb connection "test.data_pipeline_example.not_null_dim_customers_created_date.271744b628"
[0m13:35:42.510996 [debug] [Thread-2 (]: On test.data_pipeline_example.not_null_dim_customers_created_date.271744b628: BEGIN
[0m13:35:42.511114 [debug] [Thread-2 (]: Opening a new connection, currently in state closed
[0m13:35:42.511307 [debug] [Thread-1 (]: Using duckdb connection "test.data_pipeline_example.fact_orders_no_negative_amount"
[0m13:35:42.511474 [debug] [Thread-1 (]: On test.data_pipeline_example.fact_orders_no_negative_amount: BEGIN
[0m13:35:42.511578 [debug] [Thread-1 (]: Opening a new connection, currently in state closed
[0m13:35:42.511701 [debug] [Thread-4 (]: Using duckdb connection "test.data_pipeline_example.fact_orders_delivery_after_shipment"
[0m13:35:42.511880 [debug] [Thread-4 (]: On test.data_pipeline_example.fact_orders_delivery_after_shipment: BEGIN
[0m13:35:42.512021 [debug] [Thread-4 (]: Opening a new connection, currently in state closed
[0m13:35:42.512546 [debug] [Thread-3 (]: Compilation Error in test dbt_utils_expression_is_true_fact_orders_count_0 (models/marts/schema.yml)
  'dbt_utils' is undefined. This can happen when calling a macro that does not exist. Check for typos and/or install package dependencies with "dbt deps".
[0m13:35:42.512696 [error] [Thread-3 (]: 9 of 46 ERROR dbt_utils_expression_is_true_fact_orders_count_0 ................. [[31mERROR[0m in 0.01s]
[0m13:35:42.512871 [debug] [Thread-3 (]: Finished running node test.data_pipeline_example.dbt_utils_expression_is_true_fact_orders_count_0.207865afc3
[0m13:35:42.513005 [debug] [Thread-3 (]: Began running node test.data_pipeline_example.not_null_dim_customers_customer_id.dd91cd1c8d
[0m13:35:42.513359 [info ] [Thread-3 (]: 13 of 46 START test not_null_dim_customers_customer_id ......................... [RUN]
[0m13:35:42.513501 [debug] [Thread-3 (]: Re-using an available connection from the pool (formerly test.data_pipeline_example.dbt_utils_expression_is_true_fact_orders_count_0.207865afc3, now test.data_pipeline_example.not_null_dim_customers_customer_id.dd91cd1c8d)
[0m13:35:42.513612 [debug] [Thread-3 (]: Began compiling node test.data_pipeline_example.not_null_dim_customers_customer_id.dd91cd1c8d
[0m13:35:42.514851 [debug] [Thread-3 (]: Writing injected SQL for node "test.data_pipeline_example.not_null_dim_customers_customer_id.dd91cd1c8d"
[0m13:35:42.515113 [debug] [Thread-3 (]: Began executing node test.data_pipeline_example.not_null_dim_customers_customer_id.dd91cd1c8d
[0m13:35:42.515800 [debug] [Thread-3 (]: Writing runtime sql for node "test.data_pipeline_example.not_null_dim_customers_customer_id.dd91cd1c8d"
[0m13:35:42.516059 [debug] [Thread-2 (]: SQL status: OK in 0.005 seconds
[0m13:35:42.516188 [debug] [Thread-2 (]: Using duckdb connection "test.data_pipeline_example.not_null_dim_customers_created_date.271744b628"
[0m13:35:42.516309 [debug] [Thread-2 (]: On test.data_pipeline_example.not_null_dim_customers_created_date.271744b628: /* {"app": "dbt", "dbt_version": "1.8.9", "profile_name": "data_pipeline_example", "target_name": "dev", "node_id": "test.data_pipeline_example.not_null_dim_customers_created_date.271744b628"} */

    select
      count(*) as failures,
      count(*) != 0 as should_warn,
      count(*) != 0 as should_error
    from (
      
    
  
    
    



select created_date
from "dev"."main"."dim_customers"
where created_date is null



  
  
      
    ) dbt_internal_test
[0m13:35:42.516464 [debug] [Thread-1 (]: SQL status: OK in 0.005 seconds
[0m13:35:42.516586 [debug] [Thread-4 (]: SQL status: OK in 0.005 seconds
[0m13:35:42.516693 [debug] [Thread-1 (]: Using duckdb connection "test.data_pipeline_example.fact_orders_no_negative_amount"
[0m13:35:42.516812 [debug] [Thread-2 (]: SQL status: OK in 0.000 seconds
[0m13:35:42.516937 [debug] [Thread-3 (]: Using duckdb connection "test.data_pipeline_example.not_null_dim_customers_customer_id.dd91cd1c8d"
[0m13:35:42.517055 [debug] [Thread-4 (]: Using duckdb connection "test.data_pipeline_example.fact_orders_delivery_after_shipment"
[0m13:35:42.517178 [debug] [Thread-1 (]: On test.data_pipeline_example.fact_orders_no_negative_amount: /* {"app": "dbt", "dbt_version": "1.8.9", "profile_name": "data_pipeline_example", "target_name": "dev", "node_id": "test.data_pipeline_example.fact_orders_no_negative_amount"} */

    select
      count(*) as failures,
      count(*) != 0 as should_warn,
      count(*) != 0 as should_error
    from (
      
    
  -- Business logic assertion (Critical tier requirement):
-- No order amount should be negative.
SELECT order_id, amount
FROM "dev"."main"."fact_orders"
WHERE amount < 0
  
  
      
    ) dbt_internal_test
[0m13:35:42.517330 [debug] [Thread-3 (]: On test.data_pipeline_example.not_null_dim_customers_customer_id.dd91cd1c8d: BEGIN
[0m13:35:42.517861 [debug] [Thread-2 (]: On test.data_pipeline_example.not_null_dim_customers_created_date.271744b628: ROLLBACK
[0m13:35:42.517992 [debug] [Thread-4 (]: On test.data_pipeline_example.fact_orders_delivery_after_shipment: /* {"app": "dbt", "dbt_version": "1.8.9", "profile_name": "data_pipeline_example", "target_name": "dev", "node_id": "test.data_pipeline_example.fact_orders_delivery_after_shipment"} */

    select
      count(*) as failures,
      count(*) != 0 as should_warn,
      count(*) != 0 as should_error
    from (
      
    
  -- Business logic assertion (Critical tier requirement):
-- A delivered order must have a delivered_date >= shipped_date.
-- Rows that violate this rule are returned (non-empty = test failure).
SELECT order_id, shipped_date, delivered_date
FROM "dev"."main"."fact_orders"
WHERE delivered_date IS NOT NULL
  AND shipped_date IS NOT NULL
  AND delivered_date < shipped_date
  
  
      
    ) dbt_internal_test
[0m13:35:42.518195 [debug] [Thread-3 (]: Opening a new connection, currently in state closed
[0m13:35:42.518358 [debug] [Thread-1 (]: SQL status: OK in 0.000 seconds
[0m13:35:42.518653 [debug] [Thread-2 (]: Failed to rollback 'test.data_pipeline_example.not_null_dim_customers_created_date.271744b628'
[0m13:35:42.518962 [debug] [Thread-3 (]: SQL status: OK in 0.001 seconds
[0m13:35:42.519487 [debug] [Thread-1 (]: On test.data_pipeline_example.fact_orders_no_negative_amount: ROLLBACK
[0m13:35:42.519614 [debug] [Thread-2 (]: On test.data_pipeline_example.not_null_dim_customers_created_date.271744b628: Close
[0m13:35:42.519739 [debug] [Thread-4 (]: SQL status: OK in 0.001 seconds
[0m13:35:42.519875 [debug] [Thread-3 (]: Using duckdb connection "test.data_pipeline_example.not_null_dim_customers_customer_id.dd91cd1c8d"
[0m13:35:42.520211 [debug] [Thread-1 (]: Failed to rollback 'test.data_pipeline_example.fact_orders_no_negative_amount'
[0m13:35:42.520583 [debug] [Thread-3 (]: On test.data_pipeline_example.not_null_dim_customers_customer_id.dd91cd1c8d: /* {"app": "dbt", "dbt_version": "1.8.9", "profile_name": "data_pipeline_example", "target_name": "dev", "node_id": "test.data_pipeline_example.not_null_dim_customers_customer_id.dd91cd1c8d"} */

    select
      count(*) as failures,
      count(*) != 0 as should_warn,
      count(*) != 0 as should_error
    from (
      
    
  
    
    



select customer_id
from "dev"."main"."dim_customers"
where customer_id is null



  
  
      
    ) dbt_internal_test
[0m13:35:42.520465 [info ] [Thread-2 (]: 12 of 46 PASS not_null_dim_customers_created_date .............................. [[32mPASS[0m in 0.02s]
[0m13:35:42.521059 [debug] [Thread-4 (]: On test.data_pipeline_example.fact_orders_delivery_after_shipment: ROLLBACK
[0m13:35:42.521166 [debug] [Thread-1 (]: On test.data_pipeline_example.fact_orders_no_negative_amount: Close
[0m13:35:42.521390 [debug] [Thread-2 (]: Finished running node test.data_pipeline_example.not_null_dim_customers_created_date.271744b628
[0m13:35:42.521524 [debug] [Thread-3 (]: SQL status: OK in 0.000 seconds
[0m13:35:42.521815 [debug] [Thread-4 (]: Failed to rollback 'test.data_pipeline_example.fact_orders_delivery_after_shipment'
[0m13:35:42.522119 [debug] [Thread-2 (]: Began running node test.data_pipeline_example.not_null_dim_customers_customer_name.c8ab2d704d
[0m13:35:42.521989 [info ] [Thread-1 (]: 11 of 46 PASS fact_orders_no_negative_amount ................................... [[32mPASS[0m in 0.02s]
[0m13:35:42.522323 [debug] [Thread-4 (]: On test.data_pipeline_example.fact_orders_delivery_after_shipment: Close
[0m13:35:42.522822 [debug] [Thread-3 (]: On test.data_pipeline_example.not_null_dim_customers_customer_id.dd91cd1c8d: ROLLBACK
[0m13:35:42.522953 [info ] [Thread-2 (]: 14 of 46 START test not_null_dim_customers_customer_name ....................... [RUN]
[0m13:35:42.523139 [debug] [Thread-1 (]: Finished running node test.data_pipeline_example.fact_orders_no_negative_amount
[0m13:35:42.523329 [info ] [Thread-4 (]: 10 of 46 PASS fact_orders_delivery_after_shipment .............................. [[32mPASS[0m in 0.02s]
[0m13:35:42.523642 [debug] [Thread-3 (]: Failed to rollback 'test.data_pipeline_example.not_null_dim_customers_customer_id.dd91cd1c8d'
[0m13:35:42.523780 [debug] [Thread-2 (]: Re-using an available connection from the pool (formerly test.data_pipeline_example.not_null_dim_customers_created_date.271744b628, now test.data_pipeline_example.not_null_dim_customers_customer_name.c8ab2d704d)
[0m13:35:42.523915 [debug] [Thread-1 (]: Began running node test.data_pipeline_example.not_null_dim_customers_segment.6643314026
[0m13:35:42.524102 [debug] [Thread-4 (]: Finished running node test.data_pipeline_example.fact_orders_delivery_after_shipment
[0m13:35:42.524212 [debug] [Thread-3 (]: On test.data_pipeline_example.not_null_dim_customers_customer_id.dd91cd1c8d: Close
[0m13:35:42.524326 [debug] [Thread-2 (]: Began compiling node test.data_pipeline_example.not_null_dim_customers_customer_name.c8ab2d704d
[0m13:35:42.524444 [info ] [Thread-1 (]: 15 of 46 START test not_null_dim_customers_segment ............................. [RUN]
[0m13:35:42.524579 [debug] [Thread-4 (]: Began running node test.data_pipeline_example.not_null_fact_orders_amount.059526f383
[0m13:35:42.526094 [debug] [Thread-2 (]: Writing injected SQL for node "test.data_pipeline_example.not_null_dim_customers_customer_name.c8ab2d704d"
[0m13:35:42.526376 [debug] [Thread-1 (]: Re-using an available connection from the pool (formerly test.data_pipeline_example.fact_orders_no_negative_amount, now test.data_pipeline_example.not_null_dim_customers_segment.6643314026)
[0m13:35:42.526268 [info ] [Thread-3 (]: 13 of 46 PASS not_null_dim_customers_customer_id ............................... [[32mPASS[0m in 0.01s]
[0m13:35:42.526530 [info ] [Thread-4 (]: 16 of 46 START test not_null_fact_orders_amount ................................ [RUN]
[0m13:35:42.526673 [debug] [Thread-1 (]: Began compiling node test.data_pipeline_example.not_null_dim_customers_segment.6643314026
[0m13:35:42.526840 [debug] [Thread-3 (]: Finished running node test.data_pipeline_example.not_null_dim_customers_customer_id.dd91cd1c8d
[0m13:35:42.526963 [debug] [Thread-4 (]: Re-using an available connection from the pool (formerly test.data_pipeline_example.fact_orders_delivery_after_shipment, now test.data_pipeline_example.not_null_fact_orders_amount.059526f383)
[0m13:35:42.528187 [debug] [Thread-1 (]: Writing injected SQL for node "test.data_pipeline_example.not_null_dim_customers_segment.6643314026"
[0m13:35:42.528338 [debug] [Thread-3 (]: Began running node test.data_pipeline_example.not_null_fact_orders_customer_id.9c2270d0dc
[0m13:35:42.528470 [debug] [Thread-4 (]: Began compiling node test.data_pipeline_example.not_null_fact_orders_amount.059526f383
[0m13:35:42.528584 [debug] [Thread-2 (]: Began executing node test.data_pipeline_example.not_null_dim_customers_customer_name.c8ab2d704d
[0m13:35:42.529838 [debug] [Thread-4 (]: Writing injected SQL for node "test.data_pipeline_example.not_null_fact_orders_amount.059526f383"
[0m13:35:42.528714 [info ] [Thread-3 (]: 17 of 46 START test not_null_fact_orders_customer_id ........................... [RUN]
[0m13:35:42.530610 [debug] [Thread-2 (]: Writing runtime sql for node "test.data_pipeline_example.not_null_dim_customers_customer_name.c8ab2d704d"
[0m13:35:42.530793 [debug] [Thread-3 (]: Re-using an available connection from the pool (formerly test.data_pipeline_example.not_null_dim_customers_customer_id.dd91cd1c8d, now test.data_pipeline_example.not_null_fact_orders_customer_id.9c2270d0dc)
[0m13:35:42.530911 [debug] [Thread-1 (]: Began executing node test.data_pipeline_example.not_null_dim_customers_segment.6643314026
[0m13:35:42.531057 [debug] [Thread-3 (]: Began compiling node test.data_pipeline_example.not_null_fact_orders_customer_id.9c2270d0dc
[0m13:35:42.531178 [debug] [Thread-4 (]: Began executing node test.data_pipeline_example.not_null_fact_orders_amount.059526f383
[0m13:35:42.531917 [debug] [Thread-1 (]: Writing runtime sql for node "test.data_pipeline_example.not_null_dim_customers_segment.6643314026"
[0m13:35:42.532061 [debug] [Thread-2 (]: Using duckdb connection "test.data_pipeline_example.not_null_dim_customers_customer_name.c8ab2d704d"
[0m13:35:42.533174 [debug] [Thread-3 (]: Writing injected SQL for node "test.data_pipeline_example.not_null_fact_orders_customer_id.9c2270d0dc"
[0m13:35:42.533861 [debug] [Thread-4 (]: Writing runtime sql for node "test.data_pipeline_example.not_null_fact_orders_amount.059526f383"
[0m13:35:42.534000 [debug] [Thread-2 (]: On test.data_pipeline_example.not_null_dim_customers_customer_name.c8ab2d704d: BEGIN
[0m13:35:42.534190 [debug] [Thread-1 (]: Using duckdb connection "test.data_pipeline_example.not_null_dim_customers_segment.6643314026"
[0m13:35:42.534298 [debug] [Thread-2 (]: Opening a new connection, currently in state closed
[0m13:35:42.534421 [debug] [Thread-1 (]: On test.data_pipeline_example.not_null_dim_customers_segment.6643314026: BEGIN
[0m13:35:42.534596 [debug] [Thread-1 (]: Opening a new connection, currently in state closed
[0m13:35:42.534718 [debug] [Thread-4 (]: Using duckdb connection "test.data_pipeline_example.not_null_fact_orders_amount.059526f383"
[0m13:35:42.534834 [debug] [Thread-3 (]: Began executing node test.data_pipeline_example.not_null_fact_orders_customer_id.9c2270d0dc
[0m13:35:42.534952 [debug] [Thread-4 (]: On test.data_pipeline_example.not_null_fact_orders_amount.059526f383: BEGIN
[0m13:35:42.535633 [debug] [Thread-3 (]: Writing runtime sql for node "test.data_pipeline_example.not_null_fact_orders_customer_id.9c2270d0dc"
[0m13:35:42.535742 [debug] [Thread-4 (]: Opening a new connection, currently in state closed
[0m13:35:42.536050 [debug] [Thread-3 (]: Using duckdb connection "test.data_pipeline_example.not_null_fact_orders_customer_id.9c2270d0dc"
[0m13:35:42.536160 [debug] [Thread-3 (]: On test.data_pipeline_example.not_null_fact_orders_customer_id.9c2270d0dc: BEGIN
[0m13:35:42.536260 [debug] [Thread-3 (]: Opening a new connection, currently in state closed
[0m13:35:42.538495 [debug] [Thread-2 (]: SQL status: OK in 0.004 seconds
[0m13:35:42.538619 [debug] [Thread-4 (]: SQL status: OK in 0.003 seconds
[0m13:35:42.538736 [debug] [Thread-1 (]: SQL status: OK in 0.004 seconds
[0m13:35:42.538851 [debug] [Thread-2 (]: Using duckdb connection "test.data_pipeline_example.not_null_dim_customers_customer_name.c8ab2d704d"
[0m13:35:42.538959 [debug] [Thread-3 (]: SQL status: OK in 0.003 seconds
[0m13:35:42.539070 [debug] [Thread-4 (]: Using duckdb connection "test.data_pipeline_example.not_null_fact_orders_amount.059526f383"
[0m13:35:42.539175 [debug] [Thread-1 (]: Using duckdb connection "test.data_pipeline_example.not_null_dim_customers_segment.6643314026"
[0m13:35:42.539293 [debug] [Thread-2 (]: On test.data_pipeline_example.not_null_dim_customers_customer_name.c8ab2d704d: /* {"app": "dbt", "dbt_version": "1.8.9", "profile_name": "data_pipeline_example", "target_name": "dev", "node_id": "test.data_pipeline_example.not_null_dim_customers_customer_name.c8ab2d704d"} */

    select
      count(*) as failures,
      count(*) != 0 as should_warn,
      count(*) != 0 as should_error
    from (
      
    
  
    
    



select customer_name
from "dev"."main"."dim_customers"
where customer_name is null



  
  
      
    ) dbt_internal_test
[0m13:35:42.539410 [debug] [Thread-3 (]: Using duckdb connection "test.data_pipeline_example.not_null_fact_orders_customer_id.9c2270d0dc"
[0m13:35:42.539525 [debug] [Thread-4 (]: On test.data_pipeline_example.not_null_fact_orders_amount.059526f383: /* {"app": "dbt", "dbt_version": "1.8.9", "profile_name": "data_pipeline_example", "target_name": "dev", "node_id": "test.data_pipeline_example.not_null_fact_orders_amount.059526f383"} */

    select
      count(*) as failures,
      count(*) != 0 as should_warn,
      count(*) != 0 as should_error
    from (
      
    
  
    
    



select amount
from "dev"."main"."fact_orders"
where amount is null



  
  
      
    ) dbt_internal_test
[0m13:35:42.539645 [debug] [Thread-1 (]: On test.data_pipeline_example.not_null_dim_customers_segment.6643314026: /* {"app": "dbt", "dbt_version": "1.8.9", "profile_name": "data_pipeline_example", "target_name": "dev", "node_id": "test.data_pipeline_example.not_null_dim_customers_segment.6643314026"} */

    select
      count(*) as failures,
      count(*) != 0 as should_warn,
      count(*) != 0 as should_error
    from (
      
    
  
    
    



select segment
from "dev"."main"."dim_customers"
where segment is null



  
  
      
    ) dbt_internal_test
[0m13:35:42.539808 [debug] [Thread-3 (]: On test.data_pipeline_example.not_null_fact_orders_customer_id.9c2270d0dc: /* {"app": "dbt", "dbt_version": "1.8.9", "profile_name": "data_pipeline_example", "target_name": "dev", "node_id": "test.data_pipeline_example.not_null_fact_orders_customer_id.9c2270d0dc"} */

    select
      count(*) as failures,
      count(*) != 0 as should_warn,
      count(*) != 0 as should_error
    from (
      
    
  
    
    



select customer_id
from "dev"."main"."fact_orders"
where customer_id is null



  
  
      
    ) dbt_internal_test
[0m13:35:42.539966 [debug] [Thread-2 (]: SQL status: OK in 0.000 seconds
[0m13:35:42.540095 [debug] [Thread-4 (]: SQL status: OK in 0.000 seconds
[0m13:35:42.540228 [debug] [Thread-1 (]: SQL status: OK in 0.000 seconds
[0m13:35:42.540735 [debug] [Thread-2 (]: On test.data_pipeline_example.not_null_dim_customers_customer_name.c8ab2d704d: ROLLBACK
[0m13:35:42.540839 [debug] [Thread-3 (]: SQL status: OK in 0.001 seconds
[0m13:35:42.541248 [debug] [Thread-4 (]: On test.data_pipeline_example.not_null_fact_orders_amount.059526f383: ROLLBACK
[0m13:35:42.541649 [debug] [Thread-1 (]: On test.data_pipeline_example.not_null_dim_customers_segment.6643314026: ROLLBACK
[0m13:35:42.541978 [debug] [Thread-2 (]: Failed to rollback 'test.data_pipeline_example.not_null_dim_customers_customer_name.c8ab2d704d'
[0m13:35:42.542373 [debug] [Thread-3 (]: On test.data_pipeline_example.not_null_fact_orders_customer_id.9c2270d0dc: ROLLBACK
[0m13:35:42.542657 [debug] [Thread-4 (]: Failed to rollback 'test.data_pipeline_example.not_null_fact_orders_amount.059526f383'
[0m13:35:42.542945 [debug] [Thread-1 (]: Failed to rollback 'test.data_pipeline_example.not_null_dim_customers_segment.6643314026'
[0m13:35:42.543065 [debug] [Thread-2 (]: On test.data_pipeline_example.not_null_dim_customers_customer_name.c8ab2d704d: Close
[0m13:35:42.543369 [debug] [Thread-3 (]: Failed to rollback 'test.data_pipeline_example.not_null_fact_orders_customer_id.9c2270d0dc'
[0m13:35:42.543466 [debug] [Thread-4 (]: On test.data_pipeline_example.not_null_fact_orders_amount.059526f383: Close
[0m13:35:42.543567 [debug] [Thread-1 (]: On test.data_pipeline_example.not_null_dim_customers_segment.6643314026: Close
[0m13:35:42.543842 [debug] [Thread-3 (]: On test.data_pipeline_example.not_null_fact_orders_customer_id.9c2270d0dc: Close
[0m13:35:42.543749 [info ] [Thread-2 (]: 14 of 46 PASS not_null_dim_customers_customer_name ............................. [[32mPASS[0m in 0.02s]
[0m13:35:42.544044 [info ] [Thread-4 (]: 16 of 46 PASS not_null_fact_orders_amount ...................................... [[32mPASS[0m in 0.02s]
[0m13:35:42.544218 [info ] [Thread-1 (]: 15 of 46 PASS not_null_dim_customers_segment ................................... [[32mPASS[0m in 0.02s]
[0m13:35:42.544415 [debug] [Thread-2 (]: Finished running node test.data_pipeline_example.not_null_dim_customers_customer_name.c8ab2d704d
[0m13:35:42.544577 [debug] [Thread-4 (]: Finished running node test.data_pipeline_example.not_null_fact_orders_amount.059526f383
[0m13:35:42.544742 [debug] [Thread-1 (]: Finished running node test.data_pipeline_example.not_null_dim_customers_segment.6643314026
[0m13:35:42.545011 [debug] [Thread-2 (]: Began running node test.data_pipeline_example.not_null_fact_orders_customer_running_total.67c8c243d9
[0m13:35:42.544894 [info ] [Thread-3 (]: 17 of 46 PASS not_null_fact_orders_customer_id ................................. [[32mPASS[0m in 0.01s]
[0m13:35:42.545192 [debug] [Thread-4 (]: Began running node test.data_pipeline_example.not_null_fact_orders_order_id.6ba6d3f0a0
[0m13:35:42.545337 [debug] [Thread-1 (]: Began running node test.data_pipeline_example.not_null_fact_orders_ordered_date.17dfca2004
[0m13:35:42.545469 [info ] [Thread-2 (]: 18 of 46 START test not_null_fact_orders_customer_running_total ................ [RUN]
[0m13:35:42.545636 [debug] [Thread-3 (]: Finished running node test.data_pipeline_example.not_null_fact_orders_customer_id.9c2270d0dc
[0m13:35:42.545754 [info ] [Thread-4 (]: 19 of 46 START test not_null_fact_orders_order_id .............................. [RUN]
[0m13:35:42.545882 [info ] [Thread-1 (]: 20 of 46 START test not_null_fact_orders_ordered_date .......................... [RUN]
[0m13:35:42.546015 [debug] [Thread-2 (]: Re-using an available connection from the pool (formerly test.data_pipeline_example.not_null_dim_customers_customer_name.c8ab2d704d, now test.data_pipeline_example.not_null_fact_orders_customer_running_total.67c8c243d9)
[0m13:35:42.546148 [debug] [Thread-3 (]: Began running node test.data_pipeline_example.not_null_fact_orders_product_category.5f2cbf4dfa
[0m13:35:42.546282 [debug] [Thread-4 (]: Re-using an available connection from the pool (formerly test.data_pipeline_example.not_null_fact_orders_amount.059526f383, now test.data_pipeline_example.not_null_fact_orders_order_id.6ba6d3f0a0)
[0m13:35:42.546411 [debug] [Thread-1 (]: Re-using an available connection from the pool (formerly test.data_pipeline_example.not_null_dim_customers_segment.6643314026, now test.data_pipeline_example.not_null_fact_orders_ordered_date.17dfca2004)
[0m13:35:42.546529 [debug] [Thread-2 (]: Began compiling node test.data_pipeline_example.not_null_fact_orders_customer_running_total.67c8c243d9
[0m13:35:42.546650 [info ] [Thread-3 (]: 21 of 46 START test not_null_fact_orders_product_category ...................... [RUN]
[0m13:35:42.546768 [debug] [Thread-4 (]: Began compiling node test.data_pipeline_example.not_null_fact_orders_order_id.6ba6d3f0a0
[0m13:35:42.546878 [debug] [Thread-1 (]: Began compiling node test.data_pipeline_example.not_null_fact_orders_ordered_date.17dfca2004
[0m13:35:42.548165 [debug] [Thread-2 (]: Writing injected SQL for node "test.data_pipeline_example.not_null_fact_orders_customer_running_total.67c8c243d9"
[0m13:35:42.548314 [debug] [Thread-3 (]: Re-using an available connection from the pool (formerly test.data_pipeline_example.not_null_fact_orders_customer_id.9c2270d0dc, now test.data_pipeline_example.not_null_fact_orders_product_category.5f2cbf4dfa)
[0m13:35:42.550232 [debug] [Thread-4 (]: Writing injected SQL for node "test.data_pipeline_example.not_null_fact_orders_order_id.6ba6d3f0a0"
[0m13:35:42.572134 [debug] [Thread-1 (]: Writing injected SQL for node "test.data_pipeline_example.not_null_fact_orders_ordered_date.17dfca2004"
[0m13:35:42.572356 [debug] [Thread-3 (]: Began compiling node test.data_pipeline_example.not_null_fact_orders_product_category.5f2cbf4dfa
[0m13:35:42.573733 [debug] [Thread-3 (]: Writing injected SQL for node "test.data_pipeline_example.not_null_fact_orders_product_category.5f2cbf4dfa"
[0m13:35:42.573963 [debug] [Thread-1 (]: Began executing node test.data_pipeline_example.not_null_fact_orders_ordered_date.17dfca2004
[0m13:35:42.574109 [debug] [Thread-2 (]: Began executing node test.data_pipeline_example.not_null_fact_orders_customer_running_total.67c8c243d9
[0m13:35:42.574868 [debug] [Thread-1 (]: Writing runtime sql for node "test.data_pipeline_example.not_null_fact_orders_ordered_date.17dfca2004"
[0m13:35:42.574977 [debug] [Thread-4 (]: Began executing node test.data_pipeline_example.not_null_fact_orders_order_id.6ba6d3f0a0
[0m13:35:42.575698 [debug] [Thread-2 (]: Writing runtime sql for node "test.data_pipeline_example.not_null_fact_orders_customer_running_total.67c8c243d9"
[0m13:35:42.575844 [debug] [Thread-3 (]: Began executing node test.data_pipeline_example.not_null_fact_orders_product_category.5f2cbf4dfa
[0m13:35:42.576564 [debug] [Thread-4 (]: Writing runtime sql for node "test.data_pipeline_example.not_null_fact_orders_order_id.6ba6d3f0a0"
[0m13:35:42.577343 [debug] [Thread-3 (]: Writing runtime sql for node "test.data_pipeline_example.not_null_fact_orders_product_category.5f2cbf4dfa"
[0m13:35:42.577553 [debug] [Thread-1 (]: Using duckdb connection "test.data_pipeline_example.not_null_fact_orders_ordered_date.17dfca2004"
[0m13:35:42.577718 [debug] [Thread-2 (]: Using duckdb connection "test.data_pipeline_example.not_null_fact_orders_customer_running_total.67c8c243d9"
[0m13:35:42.577858 [debug] [Thread-1 (]: On test.data_pipeline_example.not_null_fact_orders_ordered_date.17dfca2004: BEGIN
[0m13:35:42.577994 [debug] [Thread-2 (]: On test.data_pipeline_example.not_null_fact_orders_customer_running_total.67c8c243d9: BEGIN
[0m13:35:42.578117 [debug] [Thread-4 (]: Using duckdb connection "test.data_pipeline_example.not_null_fact_orders_order_id.6ba6d3f0a0"
[0m13:35:42.578245 [debug] [Thread-1 (]: Opening a new connection, currently in state closed
[0m13:35:42.578373 [debug] [Thread-3 (]: Using duckdb connection "test.data_pipeline_example.not_null_fact_orders_product_category.5f2cbf4dfa"
[0m13:35:42.578479 [debug] [Thread-2 (]: Opening a new connection, currently in state closed
[0m13:35:42.578591 [debug] [Thread-4 (]: On test.data_pipeline_example.not_null_fact_orders_order_id.6ba6d3f0a0: BEGIN
[0m13:35:42.578763 [debug] [Thread-3 (]: On test.data_pipeline_example.not_null_fact_orders_product_category.5f2cbf4dfa: BEGIN
[0m13:35:42.578884 [debug] [Thread-4 (]: Opening a new connection, currently in state closed
[0m13:35:42.578989 [debug] [Thread-3 (]: Opening a new connection, currently in state closed
[0m13:35:42.582713 [debug] [Thread-2 (]: SQL status: OK in 0.004 seconds
[0m13:35:42.582835 [debug] [Thread-4 (]: SQL status: OK in 0.004 seconds
[0m13:35:42.582951 [debug] [Thread-2 (]: Using duckdb connection "test.data_pipeline_example.not_null_fact_orders_customer_running_total.67c8c243d9"
[0m13:35:42.583076 [debug] [Thread-1 (]: SQL status: OK in 0.005 seconds
[0m13:35:42.583198 [debug] [Thread-3 (]: SQL status: OK in 0.004 seconds
[0m13:35:42.583312 [debug] [Thread-4 (]: Using duckdb connection "test.data_pipeline_example.not_null_fact_orders_order_id.6ba6d3f0a0"
[0m13:35:42.583436 [debug] [Thread-2 (]: On test.data_pipeline_example.not_null_fact_orders_customer_running_total.67c8c243d9: /* {"app": "dbt", "dbt_version": "1.8.9", "profile_name": "data_pipeline_example", "target_name": "dev", "node_id": "test.data_pipeline_example.not_null_fact_orders_customer_running_total.67c8c243d9"} */

    select
      count(*) as failures,
      count(*) != 0 as should_warn,
      count(*) != 0 as should_error
    from (
      
    
  
    
    



select customer_running_total
from "dev"."main"."fact_orders"
where customer_running_total is null



  
  
      
    ) dbt_internal_test
[0m13:35:42.583560 [debug] [Thread-1 (]: Using duckdb connection "test.data_pipeline_example.not_null_fact_orders_ordered_date.17dfca2004"
[0m13:35:42.583673 [debug] [Thread-3 (]: Using duckdb connection "test.data_pipeline_example.not_null_fact_orders_product_category.5f2cbf4dfa"
[0m13:35:42.583790 [debug] [Thread-4 (]: On test.data_pipeline_example.not_null_fact_orders_order_id.6ba6d3f0a0: /* {"app": "dbt", "dbt_version": "1.8.9", "profile_name": "data_pipeline_example", "target_name": "dev", "node_id": "test.data_pipeline_example.not_null_fact_orders_order_id.6ba6d3f0a0"} */

    select
      count(*) as failures,
      count(*) != 0 as should_warn,
      count(*) != 0 as should_error
    from (
      
    
  
    
    



select order_id
from "dev"."main"."fact_orders"
where order_id is null



  
  
      
    ) dbt_internal_test
[0m13:35:42.583955 [debug] [Thread-1 (]: On test.data_pipeline_example.not_null_fact_orders_ordered_date.17dfca2004: /* {"app": "dbt", "dbt_version": "1.8.9", "profile_name": "data_pipeline_example", "target_name": "dev", "node_id": "test.data_pipeline_example.not_null_fact_orders_ordered_date.17dfca2004"} */

    select
      count(*) as failures,
      count(*) != 0 as should_warn,
      count(*) != 0 as should_error
    from (
      
    
  
    
    



select ordered_date
from "dev"."main"."fact_orders"
where ordered_date is null



  
  
      
    ) dbt_internal_test
[0m13:35:42.584091 [debug] [Thread-3 (]: On test.data_pipeline_example.not_null_fact_orders_product_category.5f2cbf4dfa: /* {"app": "dbt", "dbt_version": "1.8.9", "profile_name": "data_pipeline_example", "target_name": "dev", "node_id": "test.data_pipeline_example.not_null_fact_orders_product_category.5f2cbf4dfa"} */

    select
      count(*) as failures,
      count(*) != 0 as should_warn,
      count(*) != 0 as should_error
    from (
      
    
  
    
    



select product_category
from "dev"."main"."fact_orders"
where product_category is null



  
  
      
    ) dbt_internal_test
[0m13:35:42.584215 [debug] [Thread-2 (]: SQL status: OK in 0.000 seconds
[0m13:35:42.584894 [debug] [Thread-2 (]: On test.data_pipeline_example.not_null_fact_orders_customer_running_total.67c8c243d9: ROLLBACK
[0m13:35:42.585038 [debug] [Thread-4 (]: SQL status: OK in 0.001 seconds
[0m13:35:42.585155 [debug] [Thread-1 (]: SQL status: OK in 0.001 seconds
[0m13:35:42.585455 [debug] [Thread-2 (]: Failed to rollback 'test.data_pipeline_example.not_null_fact_orders_customer_running_total.67c8c243d9'
[0m13:35:42.585595 [debug] [Thread-3 (]: SQL status: OK in 0.001 seconds
[0m13:35:42.586073 [debug] [Thread-4 (]: On test.data_pipeline_example.not_null_fact_orders_order_id.6ba6d3f0a0: ROLLBACK
[0m13:35:42.586198 [debug] [Thread-2 (]: On test.data_pipeline_example.not_null_fact_orders_customer_running_total.67c8c243d9: Close
[0m13:35:42.586665 [debug] [Thread-1 (]: On test.data_pipeline_example.not_null_fact_orders_ordered_date.17dfca2004: ROLLBACK
[0m13:35:42.587119 [debug] [Thread-3 (]: On test.data_pipeline_example.not_null_fact_orders_product_category.5f2cbf4dfa: ROLLBACK
[0m13:35:42.587431 [debug] [Thread-4 (]: Failed to rollback 'test.data_pipeline_example.not_null_fact_orders_order_id.6ba6d3f0a0'
[0m13:35:42.587625 [info ] [Thread-2 (]: 18 of 46 PASS not_null_fact_orders_customer_running_total ...................... [[32mPASS[0m in 0.04s]
[0m13:35:42.587956 [debug] [Thread-1 (]: Failed to rollback 'test.data_pipeline_example.not_null_fact_orders_ordered_date.17dfca2004'
[0m13:35:42.588259 [debug] [Thread-3 (]: Failed to rollback 'test.data_pipeline_example.not_null_fact_orders_product_category.5f2cbf4dfa'
[0m13:35:42.588375 [debug] [Thread-4 (]: On test.data_pipeline_example.not_null_fact_orders_order_id.6ba6d3f0a0: Close
[0m13:35:42.588559 [debug] [Thread-2 (]: Finished running node test.data_pipeline_example.not_null_fact_orders_customer_running_total.67c8c243d9
[0m13:35:42.588681 [debug] [Thread-1 (]: On test.data_pipeline_example.not_null_fact_orders_ordered_date.17dfca2004: Close
[0m13:35:42.588793 [debug] [Thread-3 (]: On test.data_pipeline_example.not_null_fact_orders_product_category.5f2cbf4dfa: Close
[0m13:35:42.589082 [debug] [Thread-2 (]: Began running node test.data_pipeline_example.not_null_fact_orders_product_id.346126b727
[0m13:35:42.588965 [info ] [Thread-4 (]: 19 of 46 PASS not_null_fact_orders_order_id .................................... [[32mPASS[0m in 0.04s]
[0m13:35:42.589316 [info ] [Thread-1 (]: 20 of 46 PASS not_null_fact_orders_ordered_date ................................ [[32mPASS[0m in 0.04s]
[0m13:35:42.589474 [info ] [Thread-2 (]: 22 of 46 START test not_null_fact_orders_product_id ............................ [RUN]
[0m13:35:42.589656 [debug] [Thread-4 (]: Finished running node test.data_pipeline_example.not_null_fact_orders_order_id.6ba6d3f0a0
[0m13:35:42.589816 [debug] [Thread-1 (]: Finished running node test.data_pipeline_example.not_null_fact_orders_ordered_date.17dfca2004
[0m13:35:42.590080 [debug] [Thread-2 (]: Re-using an available connection from the pool (formerly test.data_pipeline_example.not_null_fact_orders_customer_running_total.67c8c243d9, now test.data_pipeline_example.not_null_fact_orders_product_id.346126b727)
[0m13:35:42.589972 [info ] [Thread-3 (]: 21 of 46 PASS not_null_fact_orders_product_category ............................ [[32mPASS[0m in 0.04s]
[0m13:35:42.590252 [debug] [Thread-4 (]: Began running node test.data_pipeline_example.not_null_fact_orders_product_name.6a2c0c0c51
[0m13:35:42.590392 [debug] [Thread-1 (]: Began running node test.data_pipeline_example.not_null_fact_orders_status.8a0b8e3294
[0m13:35:42.590521 [debug] [Thread-2 (]: Began compiling node test.data_pipeline_example.not_null_fact_orders_product_id.346126b727
[0m13:35:42.590667 [debug] [Thread-3 (]: Finished running node test.data_pipeline_example.not_null_fact_orders_product_category.5f2cbf4dfa
[0m13:35:42.590768 [info ] [Thread-4 (]: 23 of 46 START test not_null_fact_orders_product_name .......................... [RUN]
[0m13:35:42.590889 [info ] [Thread-1 (]: 24 of 46 START test not_null_fact_orders_status ................................ [RUN]
[0m13:35:42.592198 [debug] [Thread-2 (]: Writing injected SQL for node "test.data_pipeline_example.not_null_fact_orders_product_id.346126b727"
[0m13:35:42.592321 [debug] [Thread-3 (]: Began running node test.data_pipeline_example.not_null_stg_customers_created_date.7d1c548822
[0m13:35:42.592459 [debug] [Thread-4 (]: Re-using an available connection from the pool (formerly test.data_pipeline_example.not_null_fact_orders_order_id.6ba6d3f0a0, now test.data_pipeline_example.not_null_fact_orders_product_name.6a2c0c0c51)
[0m13:35:42.592576 [debug] [Thread-1 (]: Re-using an available connection from the pool (formerly test.data_pipeline_example.not_null_fact_orders_ordered_date.17dfca2004, now test.data_pipeline_example.not_null_fact_orders_status.8a0b8e3294)
[0m13:35:42.592720 [info ] [Thread-3 (]: 25 of 46 START test not_null_stg_customers_created_date ........................ [RUN]
[0m13:35:42.592863 [debug] [Thread-4 (]: Began compiling node test.data_pipeline_example.not_null_fact_orders_product_name.6a2c0c0c51
[0m13:35:42.592974 [debug] [Thread-1 (]: Began compiling node test.data_pipeline_example.not_null_fact_orders_status.8a0b8e3294
[0m13:35:42.593106 [debug] [Thread-3 (]: Re-using an available connection from the pool (formerly test.data_pipeline_example.not_null_fact_orders_product_category.5f2cbf4dfa, now test.data_pipeline_example.not_null_stg_customers_created_date.7d1c548822)
[0m13:35:42.594249 [debug] [Thread-4 (]: Writing injected SQL for node "test.data_pipeline_example.not_null_fact_orders_product_name.6a2c0c0c51"
[0m13:35:42.595354 [debug] [Thread-1 (]: Writing injected SQL for node "test.data_pipeline_example.not_null_fact_orders_status.8a0b8e3294"
[0m13:35:42.595469 [debug] [Thread-2 (]: Began executing node test.data_pipeline_example.not_null_fact_orders_product_id.346126b727
[0m13:35:42.595581 [debug] [Thread-3 (]: Began compiling node test.data_pipeline_example.not_null_stg_customers_created_date.7d1c548822
[0m13:35:42.596344 [debug] [Thread-2 (]: Writing runtime sql for node "test.data_pipeline_example.not_null_fact_orders_product_id.346126b727"
[0m13:35:42.597472 [debug] [Thread-3 (]: Writing injected SQL for node "test.data_pipeline_example.not_null_stg_customers_created_date.7d1c548822"
[0m13:35:42.597657 [debug] [Thread-4 (]: Began executing node test.data_pipeline_example.not_null_fact_orders_product_name.6a2c0c0c51
[0m13:35:42.598957 [debug] [Thread-4 (]: Writing runtime sql for node "test.data_pipeline_example.not_null_fact_orders_product_name.6a2c0c0c51"
[0m13:35:42.599081 [debug] [Thread-1 (]: Began executing node test.data_pipeline_example.not_null_fact_orders_status.8a0b8e3294
[0m13:35:42.599247 [debug] [Thread-2 (]: Using duckdb connection "test.data_pipeline_example.not_null_fact_orders_product_id.346126b727"
[0m13:35:42.599962 [debug] [Thread-1 (]: Writing runtime sql for node "test.data_pipeline_example.not_null_fact_orders_status.8a0b8e3294"
[0m13:35:42.600102 [debug] [Thread-2 (]: On test.data_pipeline_example.not_null_fact_orders_product_id.346126b727: BEGIN
[0m13:35:42.600232 [debug] [Thread-3 (]: Began executing node test.data_pipeline_example.not_null_stg_customers_created_date.7d1c548822
[0m13:35:42.600370 [debug] [Thread-2 (]: Opening a new connection, currently in state closed
[0m13:35:42.600496 [debug] [Thread-4 (]: Using duckdb connection "test.data_pipeline_example.not_null_fact_orders_product_name.6a2c0c0c51"
[0m13:35:42.601156 [debug] [Thread-3 (]: Writing runtime sql for node "test.data_pipeline_example.not_null_stg_customers_created_date.7d1c548822"
[0m13:35:42.601326 [debug] [Thread-4 (]: On test.data_pipeline_example.not_null_fact_orders_product_name.6a2c0c0c51: BEGIN
[0m13:35:42.601453 [debug] [Thread-1 (]: Using duckdb connection "test.data_pipeline_example.not_null_fact_orders_status.8a0b8e3294"
[0m13:35:42.601580 [debug] [Thread-4 (]: Opening a new connection, currently in state closed
[0m13:35:42.601688 [debug] [Thread-1 (]: On test.data_pipeline_example.not_null_fact_orders_status.8a0b8e3294: BEGIN
[0m13:35:42.601810 [debug] [Thread-1 (]: Opening a new connection, currently in state closed
[0m13:35:42.601942 [debug] [Thread-3 (]: Using duckdb connection "test.data_pipeline_example.not_null_stg_customers_created_date.7d1c548822"
[0m13:35:42.602059 [debug] [Thread-3 (]: On test.data_pipeline_example.not_null_stg_customers_created_date.7d1c548822: BEGIN
[0m13:35:42.602161 [debug] [Thread-3 (]: Opening a new connection, currently in state closed
[0m13:35:42.605000 [debug] [Thread-2 (]: SQL status: OK in 0.005 seconds
[0m13:35:42.605145 [debug] [Thread-4 (]: SQL status: OK in 0.004 seconds
[0m13:35:42.605253 [debug] [Thread-2 (]: Using duckdb connection "test.data_pipeline_example.not_null_fact_orders_product_id.346126b727"
[0m13:35:42.605371 [debug] [Thread-1 (]: SQL status: OK in 0.004 seconds
[0m13:35:42.605474 [debug] [Thread-3 (]: SQL status: OK in 0.003 seconds
[0m13:35:42.605582 [debug] [Thread-4 (]: Using duckdb connection "test.data_pipeline_example.not_null_fact_orders_product_name.6a2c0c0c51"
[0m13:35:42.605707 [debug] [Thread-2 (]: On test.data_pipeline_example.not_null_fact_orders_product_id.346126b727: /* {"app": "dbt", "dbt_version": "1.8.9", "profile_name": "data_pipeline_example", "target_name": "dev", "node_id": "test.data_pipeline_example.not_null_fact_orders_product_id.346126b727"} */

    select
      count(*) as failures,
      count(*) != 0 as should_warn,
      count(*) != 0 as should_error
    from (
      
    
  
    
    



select product_id
from "dev"."main"."fact_orders"
where product_id is null



  
  
      
    ) dbt_internal_test
[0m13:35:42.605836 [debug] [Thread-1 (]: Using duckdb connection "test.data_pipeline_example.not_null_fact_orders_status.8a0b8e3294"
[0m13:35:42.605958 [debug] [Thread-3 (]: Using duckdb connection "test.data_pipeline_example.not_null_stg_customers_created_date.7d1c548822"
[0m13:35:42.606081 [debug] [Thread-4 (]: On test.data_pipeline_example.not_null_fact_orders_product_name.6a2c0c0c51: /* {"app": "dbt", "dbt_version": "1.8.9", "profile_name": "data_pipeline_example", "target_name": "dev", "node_id": "test.data_pipeline_example.not_null_fact_orders_product_name.6a2c0c0c51"} */

    select
      count(*) as failures,
      count(*) != 0 as should_warn,
      count(*) != 0 as should_error
    from (
      
    
  
    
    



select product_name
from "dev"."main"."fact_orders"
where product_name is null



  
  
      
    ) dbt_internal_test
[0m13:35:42.606243 [debug] [Thread-1 (]: On test.data_pipeline_example.not_null_fact_orders_status.8a0b8e3294: /* {"app": "dbt", "dbt_version": "1.8.9", "profile_name": "data_pipeline_example", "target_name": "dev", "node_id": "test.data_pipeline_example.not_null_fact_orders_status.8a0b8e3294"} */

    select
      count(*) as failures,
      count(*) != 0 as should_warn,
      count(*) != 0 as should_error
    from (
      
    
  
    
    



select status
from "dev"."main"."fact_orders"
where status is null



  
  
      
    ) dbt_internal_test
[0m13:35:42.606383 [debug] [Thread-3 (]: On test.data_pipeline_example.not_null_stg_customers_created_date.7d1c548822: /* {"app": "dbt", "dbt_version": "1.8.9", "profile_name": "data_pipeline_example", "target_name": "dev", "node_id": "test.data_pipeline_example.not_null_stg_customers_created_date.7d1c548822"} */

    select
      count(*) as failures,
      count(*) != 0 as should_warn,
      count(*) != 0 as should_error
    from (
      
    
  
    
    



select created_date
from "dev"."main"."stg_customers"
where created_date is null



  
  
      
    ) dbt_internal_test
[0m13:35:42.606497 [debug] [Thread-2 (]: SQL status: OK in 0.000 seconds
[0m13:35:42.607064 [debug] [Thread-2 (]: On test.data_pipeline_example.not_null_fact_orders_product_id.346126b727: ROLLBACK
[0m13:35:42.607206 [debug] [Thread-4 (]: SQL status: OK in 0.001 seconds
[0m13:35:42.607497 [debug] [Thread-2 (]: Failed to rollback 'test.data_pipeline_example.not_null_fact_orders_product_id.346126b727'
[0m13:35:42.607599 [debug] [Thread-3 (]: SQL status: OK in 0.001 seconds
[0m13:35:42.607697 [debug] [Thread-1 (]: SQL status: OK in 0.001 seconds
[0m13:35:42.608181 [debug] [Thread-4 (]: On test.data_pipeline_example.not_null_fact_orders_product_name.6a2c0c0c51: ROLLBACK
[0m13:35:42.608293 [debug] [Thread-2 (]: On test.data_pipeline_example.not_null_fact_orders_product_id.346126b727: Close
[0m13:35:42.608701 [debug] [Thread-3 (]: On test.data_pipeline_example.not_null_stg_customers_created_date.7d1c548822: ROLLBACK
[0m13:35:42.609102 [debug] [Thread-1 (]: On test.data_pipeline_example.not_null_fact_orders_status.8a0b8e3294: ROLLBACK
[0m13:35:42.609396 [debug] [Thread-4 (]: Failed to rollback 'test.data_pipeline_example.not_null_fact_orders_product_name.6a2c0c0c51'
[0m13:35:42.609589 [info ] [Thread-2 (]: 22 of 46 PASS not_null_fact_orders_product_id .................................. [[32mPASS[0m in 0.02s]
[0m13:35:42.609915 [debug] [Thread-3 (]: Failed to rollback 'test.data_pipeline_example.not_null_stg_customers_created_date.7d1c548822'
[0m13:35:42.610210 [debug] [Thread-1 (]: Failed to rollback 'test.data_pipeline_example.not_null_fact_orders_status.8a0b8e3294'
[0m13:35:42.610318 [debug] [Thread-4 (]: On test.data_pipeline_example.not_null_fact_orders_product_name.6a2c0c0c51: Close
[0m13:35:42.610487 [debug] [Thread-2 (]: Finished running node test.data_pipeline_example.not_null_fact_orders_product_id.346126b727
[0m13:35:42.610602 [debug] [Thread-3 (]: On test.data_pipeline_example.not_null_stg_customers_created_date.7d1c548822: Close
[0m13:35:42.610725 [debug] [Thread-1 (]: On test.data_pipeline_example.not_null_fact_orders_status.8a0b8e3294: Close
[0m13:35:42.611017 [debug] [Thread-2 (]: Began running node test.data_pipeline_example.not_null_stg_customers_customer_id.e2cfb1f9aa
[0m13:35:42.610901 [info ] [Thread-4 (]: 23 of 46 PASS not_null_fact_orders_product_name ................................ [[32mPASS[0m in 0.02s]
[0m13:35:42.611238 [info ] [Thread-3 (]: 25 of 46 PASS not_null_stg_customers_created_date .............................. [[32mPASS[0m in 0.02s]
[0m13:35:42.611384 [info ] [Thread-2 (]: 26 of 46 START test not_null_stg_customers_customer_id ......................... [RUN]
[0m13:35:42.611570 [debug] [Thread-4 (]: Finished running node test.data_pipeline_example.not_null_fact_orders_product_name.6a2c0c0c51
[0m13:35:42.611732 [debug] [Thread-3 (]: Finished running node test.data_pipeline_example.not_null_stg_customers_created_date.7d1c548822
[0m13:35:42.611889 [info ] [Thread-1 (]: 24 of 46 PASS not_null_fact_orders_status ...................................... [[32mPASS[0m in 0.02s]
[0m13:35:42.612026 [debug] [Thread-2 (]: Re-using an available connection from the pool (formerly test.data_pipeline_example.not_null_fact_orders_product_id.346126b727, now test.data_pipeline_example.not_null_stg_customers_customer_id.e2cfb1f9aa)
[0m13:35:42.612167 [debug] [Thread-4 (]: Began running node test.data_pipeline_example.not_null_stg_customers_customer_name.5c92a78a60
[0m13:35:42.612308 [debug] [Thread-3 (]: Began running node test.data_pipeline_example.not_null_stg_customers_segment.54e04798f3
[0m13:35:42.612491 [debug] [Thread-1 (]: Finished running node test.data_pipeline_example.not_null_fact_orders_status.8a0b8e3294
[0m13:35:42.612611 [debug] [Thread-2 (]: Began compiling node test.data_pipeline_example.not_null_stg_customers_customer_id.e2cfb1f9aa
[0m13:35:42.612734 [info ] [Thread-4 (]: 27 of 46 START test not_null_stg_customers_customer_name ....................... [RUN]
[0m13:35:42.612864 [info ] [Thread-3 (]: 28 of 46 START test not_null_stg_customers_segment ............................. [RUN]
[0m13:35:42.613007 [debug] [Thread-1 (]: Began running node test.data_pipeline_example.not_null_stg_orders_amount.2546645448
[0m13:35:42.614254 [debug] [Thread-2 (]: Writing injected SQL for node "test.data_pipeline_example.not_null_stg_customers_customer_id.e2cfb1f9aa"
[0m13:35:42.614374 [debug] [Thread-4 (]: Re-using an available connection from the pool (formerly test.data_pipeline_example.not_null_fact_orders_product_name.6a2c0c0c51, now test.data_pipeline_example.not_null_stg_customers_customer_name.5c92a78a60)
[0m13:35:42.614479 [debug] [Thread-3 (]: Re-using an available connection from the pool (formerly test.data_pipeline_example.not_null_stg_customers_created_date.7d1c548822, now test.data_pipeline_example.not_null_stg_customers_segment.54e04798f3)
[0m13:35:42.614583 [info ] [Thread-1 (]: 29 of 46 START test not_null_stg_orders_amount ................................. [RUN]
[0m13:35:42.614742 [debug] [Thread-4 (]: Began compiling node test.data_pipeline_example.not_null_stg_customers_customer_name.5c92a78a60
[0m13:35:42.614854 [debug] [Thread-3 (]: Began compiling node test.data_pipeline_example.not_null_stg_customers_segment.54e04798f3
[0m13:35:42.614983 [debug] [Thread-1 (]: Re-using an available connection from the pool (formerly test.data_pipeline_example.not_null_fact_orders_status.8a0b8e3294, now test.data_pipeline_example.not_null_stg_orders_amount.2546645448)
[0m13:35:42.616152 [debug] [Thread-4 (]: Writing injected SQL for node "test.data_pipeline_example.not_null_stg_customers_customer_name.5c92a78a60"
[0m13:35:42.617255 [debug] [Thread-3 (]: Writing injected SQL for node "test.data_pipeline_example.not_null_stg_customers_segment.54e04798f3"
[0m13:35:42.617387 [debug] [Thread-1 (]: Began compiling node test.data_pipeline_example.not_null_stg_orders_amount.2546645448
[0m13:35:42.617502 [debug] [Thread-2 (]: Began executing node test.data_pipeline_example.not_null_stg_customers_customer_id.e2cfb1f9aa
[0m13:35:42.618793 [debug] [Thread-1 (]: Writing injected SQL for node "test.data_pipeline_example.not_null_stg_orders_amount.2546645448"
[0m13:35:42.619533 [debug] [Thread-2 (]: Writing runtime sql for node "test.data_pipeline_example.not_null_stg_customers_customer_id.e2cfb1f9aa"
[0m13:35:42.619678 [debug] [Thread-3 (]: Began executing node test.data_pipeline_example.not_null_stg_customers_segment.54e04798f3
[0m13:35:42.619792 [debug] [Thread-4 (]: Began executing node test.data_pipeline_example.not_null_stg_customers_customer_name.5c92a78a60
[0m13:35:42.620533 [debug] [Thread-3 (]: Writing runtime sql for node "test.data_pipeline_example.not_null_stg_customers_segment.54e04798f3"
[0m13:35:42.621191 [debug] [Thread-4 (]: Writing runtime sql for node "test.data_pipeline_example.not_null_stg_customers_customer_name.5c92a78a60"
[0m13:35:42.621426 [debug] [Thread-1 (]: Began executing node test.data_pipeline_example.not_null_stg_orders_amount.2546645448
[0m13:35:42.621564 [debug] [Thread-2 (]: Using duckdb connection "test.data_pipeline_example.not_null_stg_customers_customer_id.e2cfb1f9aa"
[0m13:35:42.622247 [debug] [Thread-1 (]: Writing runtime sql for node "test.data_pipeline_example.not_null_stg_orders_amount.2546645448"
[0m13:35:42.622386 [debug] [Thread-2 (]: On test.data_pipeline_example.not_null_stg_customers_customer_id.e2cfb1f9aa: BEGIN
[0m13:35:42.622532 [debug] [Thread-3 (]: Using duckdb connection "test.data_pipeline_example.not_null_stg_customers_segment.54e04798f3"
[0m13:35:42.622687 [debug] [Thread-4 (]: Using duckdb connection "test.data_pipeline_example.not_null_stg_customers_customer_name.5c92a78a60"
[0m13:35:42.622797 [debug] [Thread-2 (]: Opening a new connection, currently in state closed
[0m13:35:42.622911 [debug] [Thread-3 (]: On test.data_pipeline_example.not_null_stg_customers_segment.54e04798f3: BEGIN
[0m13:35:42.623031 [debug] [Thread-4 (]: On test.data_pipeline_example.not_null_stg_customers_customer_name.5c92a78a60: BEGIN
[0m13:35:42.623190 [debug] [Thread-1 (]: Using duckdb connection "test.data_pipeline_example.not_null_stg_orders_amount.2546645448"
[0m13:35:42.623289 [debug] [Thread-3 (]: Opening a new connection, currently in state closed
[0m13:35:42.623395 [debug] [Thread-4 (]: Opening a new connection, currently in state closed
[0m13:35:42.623505 [debug] [Thread-1 (]: On test.data_pipeline_example.not_null_stg_orders_amount.2546645448: BEGIN
[0m13:35:42.623622 [debug] [Thread-1 (]: Opening a new connection, currently in state closed
[0m13:35:42.627037 [debug] [Thread-2 (]: SQL status: OK in 0.004 seconds
[0m13:35:42.627175 [debug] [Thread-2 (]: Using duckdb connection "test.data_pipeline_example.not_null_stg_customers_customer_id.e2cfb1f9aa"
[0m13:35:42.627295 [debug] [Thread-2 (]: On test.data_pipeline_example.not_null_stg_customers_customer_id.e2cfb1f9aa: /* {"app": "dbt", "dbt_version": "1.8.9", "profile_name": "data_pipeline_example", "target_name": "dev", "node_id": "test.data_pipeline_example.not_null_stg_customers_customer_id.e2cfb1f9aa"} */

    select
      count(*) as failures,
      count(*) != 0 as should_warn,
      count(*) != 0 as should_error
    from (
      
    
  
    
    



select customer_id
from "dev"."main"."stg_customers"
where customer_id is null



  
  
      
    ) dbt_internal_test
[0m13:35:42.627411 [debug] [Thread-3 (]: SQL status: OK in 0.004 seconds
[0m13:35:42.627517 [debug] [Thread-4 (]: SQL status: OK in 0.004 seconds
[0m13:35:42.627688 [debug] [Thread-1 (]: SQL status: OK in 0.004 seconds
[0m13:35:42.627793 [debug] [Thread-3 (]: Using duckdb connection "test.data_pipeline_example.not_null_stg_customers_segment.54e04798f3"
[0m13:35:42.627912 [debug] [Thread-4 (]: Using duckdb connection "test.data_pipeline_example.not_null_stg_customers_customer_name.5c92a78a60"
[0m13:35:42.628027 [debug] [Thread-2 (]: SQL status: OK in 0.000 seconds
[0m13:35:42.628128 [debug] [Thread-1 (]: Using duckdb connection "test.data_pipeline_example.not_null_stg_orders_amount.2546645448"
[0m13:35:42.628245 [debug] [Thread-3 (]: On test.data_pipeline_example.not_null_stg_customers_segment.54e04798f3: /* {"app": "dbt", "dbt_version": "1.8.9", "profile_name": "data_pipeline_example", "target_name": "dev", "node_id": "test.data_pipeline_example.not_null_stg_customers_segment.54e04798f3"} */

    select
      count(*) as failures,
      count(*) != 0 as should_warn,
      count(*) != 0 as should_error
    from (
      
    
  
    
    



select segment
from "dev"."main"."stg_customers"
where segment is null



  
  
      
    ) dbt_internal_test
[0m13:35:42.628372 [debug] [Thread-4 (]: On test.data_pipeline_example.not_null_stg_customers_customer_name.5c92a78a60: /* {"app": "dbt", "dbt_version": "1.8.9", "profile_name": "data_pipeline_example", "target_name": "dev", "node_id": "test.data_pipeline_example.not_null_stg_customers_customer_name.5c92a78a60"} */

    select
      count(*) as failures,
      count(*) != 0 as should_warn,
      count(*) != 0 as should_error
    from (
      
    
  
    
    



select customer_name
from "dev"."main"."stg_customers"
where customer_name is null



  
  
      
    ) dbt_internal_test
[0m13:35:42.628529 [debug] [Thread-1 (]: On test.data_pipeline_example.not_null_stg_orders_amount.2546645448: /* {"app": "dbt", "dbt_version": "1.8.9", "profile_name": "data_pipeline_example", "target_name": "dev", "node_id": "test.data_pipeline_example.not_null_stg_orders_amount.2546645448"} */

    select
      count(*) as failures,
      count(*) != 0 as should_warn,
      count(*) != 0 as should_error
    from (
      
    
  
    
    



select amount
from "dev"."main"."stg_orders"
where amount is null



  
  
      
    ) dbt_internal_test
[0m13:35:42.629049 [debug] [Thread-2 (]: On test.data_pipeline_example.not_null_stg_customers_customer_id.e2cfb1f9aa: ROLLBACK
[0m13:35:42.629500 [debug] [Thread-2 (]: Failed to rollback 'test.data_pipeline_example.not_null_stg_customers_customer_id.e2cfb1f9aa'
[0m13:35:42.629625 [debug] [Thread-2 (]: On test.data_pipeline_example.not_null_stg_customers_customer_id.e2cfb1f9aa: Close
[0m13:35:42.629748 [debug] [Thread-4 (]: SQL status: OK in 0.001 seconds
[0m13:35:42.629867 [debug] [Thread-1 (]: SQL status: OK in 0.001 seconds
[0m13:35:42.630137 [debug] [Thread-3 (]: SQL status: OK in 0.001 seconds
[0m13:35:42.630034 [info ] [Thread-2 (]: 26 of 46 PASS not_null_stg_customers_customer_id ............................... [[32mPASS[0m in 0.02s]
[0m13:35:42.630630 [debug] [Thread-4 (]: On test.data_pipeline_example.not_null_stg_customers_customer_name.5c92a78a60: ROLLBACK
[0m13:35:42.631043 [debug] [Thread-1 (]: On test.data_pipeline_example.not_null_stg_orders_amount.2546645448: ROLLBACK
[0m13:35:42.631453 [debug] [Thread-3 (]: On test.data_pipeline_example.not_null_stg_customers_segment.54e04798f3: ROLLBACK
[0m13:35:42.631642 [debug] [Thread-2 (]: Finished running node test.data_pipeline_example.not_null_stg_customers_customer_id.e2cfb1f9aa
[0m13:35:42.631970 [debug] [Thread-4 (]: Failed to rollback 'test.data_pipeline_example.not_null_stg_customers_customer_name.5c92a78a60'
[0m13:35:42.632303 [debug] [Thread-1 (]: Failed to rollback 'test.data_pipeline_example.not_null_stg_orders_amount.2546645448'
[0m13:35:42.632586 [debug] [Thread-3 (]: Failed to rollback 'test.data_pipeline_example.not_null_stg_customers_segment.54e04798f3'
[0m13:35:42.632725 [debug] [Thread-2 (]: Began running node test.data_pipeline_example.not_null_stg_orders_customer_id.af79d5e4b5
[0m13:35:42.632873 [debug] [Thread-4 (]: On test.data_pipeline_example.not_null_stg_customers_customer_name.5c92a78a60: Close
[0m13:35:42.632994 [debug] [Thread-1 (]: On test.data_pipeline_example.not_null_stg_orders_amount.2546645448: Close
[0m13:35:42.633098 [debug] [Thread-3 (]: On test.data_pipeline_example.not_null_stg_customers_segment.54e04798f3: Close
[0m13:35:42.633234 [info ] [Thread-2 (]: 30 of 46 START test not_null_stg_orders_customer_id ............................ [RUN]
[0m13:35:42.633441 [info ] [Thread-4 (]: 27 of 46 PASS not_null_stg_customers_customer_name ............................. [[32mPASS[0m in 0.02s]
[0m13:35:42.633621 [info ] [Thread-1 (]: 29 of 46 PASS not_null_stg_orders_amount ....................................... [[32mPASS[0m in 0.02s]
[0m13:35:42.633778 [debug] [Thread-2 (]: Re-using an available connection from the pool (formerly test.data_pipeline_example.not_null_stg_customers_customer_id.e2cfb1f9aa, now test.data_pipeline_example.not_null_stg_orders_customer_id.af79d5e4b5)
[0m13:35:42.633949 [debug] [Thread-4 (]: Finished running node test.data_pipeline_example.not_null_stg_customers_customer_name.5c92a78a60
[0m13:35:42.634127 [debug] [Thread-1 (]: Finished running node test.data_pipeline_example.not_null_stg_orders_amount.2546645448
[0m13:35:42.634376 [debug] [Thread-2 (]: Began compiling node test.data_pipeline_example.not_null_stg_orders_customer_id.af79d5e4b5
[0m13:35:42.634282 [info ] [Thread-3 (]: 28 of 46 PASS not_null_stg_customers_segment ................................... [[32mPASS[0m in 0.02s]
[0m13:35:42.634548 [debug] [Thread-4 (]: Began running node test.data_pipeline_example.not_null_stg_orders_order_id.81cfe2fe64
[0m13:35:42.634708 [debug] [Thread-1 (]: Began running node test.data_pipeline_example.not_null_stg_orders_ordered_date.925362d84d
[0m13:35:42.636074 [debug] [Thread-2 (]: Writing injected SQL for node "test.data_pipeline_example.not_null_stg_orders_customer_id.af79d5e4b5"
[0m13:35:42.636248 [debug] [Thread-3 (]: Finished running node test.data_pipeline_example.not_null_stg_customers_segment.54e04798f3
[0m13:35:42.636373 [info ] [Thread-4 (]: 31 of 46 START test not_null_stg_orders_order_id ............................... [RUN]
[0m13:35:42.636509 [info ] [Thread-1 (]: 32 of 46 START test not_null_stg_orders_ordered_date ........................... [RUN]
[0m13:35:42.636668 [debug] [Thread-3 (]: Began running node test.data_pipeline_example.not_null_stg_orders_product_id.034adb910e
[0m13:35:42.636814 [debug] [Thread-4 (]: Re-using an available connection from the pool (formerly test.data_pipeline_example.not_null_stg_customers_customer_name.5c92a78a60, now test.data_pipeline_example.not_null_stg_orders_order_id.81cfe2fe64)
[0m13:35:42.636946 [debug] [Thread-1 (]: Re-using an available connection from the pool (formerly test.data_pipeline_example.not_null_stg_orders_amount.2546645448, now test.data_pipeline_example.not_null_stg_orders_ordered_date.925362d84d)
[0m13:35:42.637070 [info ] [Thread-3 (]: 33 of 46 START test not_null_stg_orders_product_id ............................. [RUN]
[0m13:35:42.637204 [debug] [Thread-4 (]: Began compiling node test.data_pipeline_example.not_null_stg_orders_order_id.81cfe2fe64
[0m13:35:42.637321 [debug] [Thread-1 (]: Began compiling node test.data_pipeline_example.not_null_stg_orders_ordered_date.925362d84d
[0m13:35:42.637442 [debug] [Thread-2 (]: Began executing node test.data_pipeline_example.not_null_stg_orders_customer_id.af79d5e4b5
[0m13:35:42.637561 [debug] [Thread-3 (]: Re-using an available connection from the pool (formerly test.data_pipeline_example.not_null_stg_customers_segment.54e04798f3, now test.data_pipeline_example.not_null_stg_orders_product_id.034adb910e)
[0m13:35:42.639596 [debug] [Thread-4 (]: Writing injected SQL for node "test.data_pipeline_example.not_null_stg_orders_order_id.81cfe2fe64"
[0m13:35:42.640732 [debug] [Thread-1 (]: Writing injected SQL for node "test.data_pipeline_example.not_null_stg_orders_ordered_date.925362d84d"
[0m13:35:42.641437 [debug] [Thread-2 (]: Writing runtime sql for node "test.data_pipeline_example.not_null_stg_orders_customer_id.af79d5e4b5"
[0m13:35:42.641540 [debug] [Thread-3 (]: Began compiling node test.data_pipeline_example.not_null_stg_orders_product_id.034adb910e
[0m13:35:42.642738 [debug] [Thread-3 (]: Writing injected SQL for node "test.data_pipeline_example.not_null_stg_orders_product_id.034adb910e"
[0m13:35:42.642950 [debug] [Thread-2 (]: Using duckdb connection "test.data_pipeline_example.not_null_stg_orders_customer_id.af79d5e4b5"
[0m13:35:42.643067 [debug] [Thread-1 (]: Began executing node test.data_pipeline_example.not_null_stg_orders_ordered_date.925362d84d
[0m13:35:42.643176 [debug] [Thread-4 (]: Began executing node test.data_pipeline_example.not_null_stg_orders_order_id.81cfe2fe64
[0m13:35:42.643287 [debug] [Thread-2 (]: On test.data_pipeline_example.not_null_stg_orders_customer_id.af79d5e4b5: BEGIN
[0m13:35:42.644020 [debug] [Thread-1 (]: Writing runtime sql for node "test.data_pipeline_example.not_null_stg_orders_ordered_date.925362d84d"
[0m13:35:42.644698 [debug] [Thread-4 (]: Writing runtime sql for node "test.data_pipeline_example.not_null_stg_orders_order_id.81cfe2fe64"
[0m13:35:42.644814 [debug] [Thread-3 (]: Began executing node test.data_pipeline_example.not_null_stg_orders_product_id.034adb910e
[0m13:35:42.644924 [debug] [Thread-2 (]: Opening a new connection, currently in state closed
[0m13:35:42.645673 [debug] [Thread-3 (]: Writing runtime sql for node "test.data_pipeline_example.not_null_stg_orders_product_id.034adb910e"
[0m13:35:42.645902 [debug] [Thread-1 (]: Using duckdb connection "test.data_pipeline_example.not_null_stg_orders_ordered_date.925362d84d"
[0m13:35:42.646035 [debug] [Thread-4 (]: Using duckdb connection "test.data_pipeline_example.not_null_stg_orders_order_id.81cfe2fe64"
[0m13:35:42.646151 [debug] [Thread-1 (]: On test.data_pipeline_example.not_null_stg_orders_ordered_date.925362d84d: BEGIN
[0m13:35:42.646275 [debug] [Thread-4 (]: On test.data_pipeline_example.not_null_stg_orders_order_id.81cfe2fe64: BEGIN
[0m13:35:42.646386 [debug] [Thread-1 (]: Opening a new connection, currently in state closed
[0m13:35:42.646503 [debug] [Thread-3 (]: Using duckdb connection "test.data_pipeline_example.not_null_stg_orders_product_id.034adb910e"
[0m13:35:42.646605 [debug] [Thread-4 (]: Opening a new connection, currently in state closed
[0m13:35:42.646723 [debug] [Thread-3 (]: On test.data_pipeline_example.not_null_stg_orders_product_id.034adb910e: BEGIN
[0m13:35:42.646835 [debug] [Thread-3 (]: Opening a new connection, currently in state closed
[0m13:35:42.649639 [debug] [Thread-2 (]: SQL status: OK in 0.005 seconds
[0m13:35:42.649787 [debug] [Thread-1 (]: SQL status: OK in 0.003 seconds
[0m13:35:42.649906 [debug] [Thread-2 (]: Using duckdb connection "test.data_pipeline_example.not_null_stg_orders_customer_id.af79d5e4b5"
[0m13:35:42.650016 [debug] [Thread-4 (]: SQL status: OK in 0.003 seconds
[0m13:35:42.650133 [debug] [Thread-3 (]: SQL status: OK in 0.003 seconds
[0m13:35:42.650238 [debug] [Thread-1 (]: Using duckdb connection "test.data_pipeline_example.not_null_stg_orders_ordered_date.925362d84d"
[0m13:35:42.650368 [debug] [Thread-2 (]: On test.data_pipeline_example.not_null_stg_orders_customer_id.af79d5e4b5: /* {"app": "dbt", "dbt_version": "1.8.9", "profile_name": "data_pipeline_example", "target_name": "dev", "node_id": "test.data_pipeline_example.not_null_stg_orders_customer_id.af79d5e4b5"} */

    select
      count(*) as failures,
      count(*) != 0 as should_warn,
      count(*) != 0 as should_error
    from (
      
    
  
    
    



select customer_id
from "dev"."main"."stg_orders"
where customer_id is null



  
  
      
    ) dbt_internal_test
[0m13:35:42.650493 [debug] [Thread-4 (]: Using duckdb connection "test.data_pipeline_example.not_null_stg_orders_order_id.81cfe2fe64"
[0m13:35:42.650608 [debug] [Thread-3 (]: Using duckdb connection "test.data_pipeline_example.not_null_stg_orders_product_id.034adb910e"
[0m13:35:42.650732 [debug] [Thread-1 (]: On test.data_pipeline_example.not_null_stg_orders_ordered_date.925362d84d: /* {"app": "dbt", "dbt_version": "1.8.9", "profile_name": "data_pipeline_example", "target_name": "dev", "node_id": "test.data_pipeline_example.not_null_stg_orders_ordered_date.925362d84d"} */

    select
      count(*) as failures,
      count(*) != 0 as should_warn,
      count(*) != 0 as should_error
    from (
      
    
  
    
    



select ordered_date
from "dev"."main"."stg_orders"
where ordered_date is null



  
  
      
    ) dbt_internal_test
[0m13:35:42.650899 [debug] [Thread-4 (]: On test.data_pipeline_example.not_null_stg_orders_order_id.81cfe2fe64: /* {"app": "dbt", "dbt_version": "1.8.9", "profile_name": "data_pipeline_example", "target_name": "dev", "node_id": "test.data_pipeline_example.not_null_stg_orders_order_id.81cfe2fe64"} */

    select
      count(*) as failures,
      count(*) != 0 as should_warn,
      count(*) != 0 as should_error
    from (
      
    
  
    
    



select order_id
from "dev"."main"."stg_orders"
where order_id is null



  
  
      
    ) dbt_internal_test
[0m13:35:42.651023 [debug] [Thread-3 (]: On test.data_pipeline_example.not_null_stg_orders_product_id.034adb910e: /* {"app": "dbt", "dbt_version": "1.8.9", "profile_name": "data_pipeline_example", "target_name": "dev", "node_id": "test.data_pipeline_example.not_null_stg_orders_product_id.034adb910e"} */

    select
      count(*) as failures,
      count(*) != 0 as should_warn,
      count(*) != 0 as should_error
    from (
      
    
  
    
    



select product_id
from "dev"."main"."stg_orders"
where product_id is null



  
  
      
    ) dbt_internal_test
[0m13:35:42.651172 [debug] [Thread-2 (]: SQL status: OK in 0.000 seconds
[0m13:35:42.651373 [debug] [Thread-1 (]: SQL status: OK in 0.000 seconds
[0m13:35:42.651911 [debug] [Thread-2 (]: On test.data_pipeline_example.not_null_stg_orders_customer_id.af79d5e4b5: ROLLBACK
[0m13:35:42.652370 [debug] [Thread-1 (]: On test.data_pipeline_example.not_null_stg_orders_ordered_date.925362d84d: ROLLBACK
[0m13:35:42.652491 [debug] [Thread-4 (]: SQL status: OK in 0.001 seconds
[0m13:35:42.652781 [debug] [Thread-2 (]: Failed to rollback 'test.data_pipeline_example.not_null_stg_orders_customer_id.af79d5e4b5'
[0m13:35:42.652894 [debug] [Thread-3 (]: SQL status: OK in 0.002 seconds
[0m13:35:42.653181 [debug] [Thread-1 (]: Failed to rollback 'test.data_pipeline_example.not_null_stg_orders_ordered_date.925362d84d'
[0m13:35:42.653601 [debug] [Thread-4 (]: On test.data_pipeline_example.not_null_stg_orders_order_id.81cfe2fe64: ROLLBACK
[0m13:35:42.653717 [debug] [Thread-2 (]: On test.data_pipeline_example.not_null_stg_orders_customer_id.af79d5e4b5: Close
[0m13:35:42.653850 [debug] [Thread-1 (]: On test.data_pipeline_example.not_null_stg_orders_ordered_date.925362d84d: Close
[0m13:35:42.654286 [debug] [Thread-3 (]: On test.data_pipeline_example.not_null_stg_orders_product_id.034adb910e: ROLLBACK
[0m13:35:42.654591 [debug] [Thread-4 (]: Failed to rollback 'test.data_pipeline_example.not_null_stg_orders_order_id.81cfe2fe64'
[0m13:35:42.654759 [info ] [Thread-2 (]: 30 of 46 PASS not_null_stg_orders_customer_id .................................. [[32mPASS[0m in 0.02s]
[0m13:35:42.654956 [info ] [Thread-1 (]: 32 of 46 PASS not_null_stg_orders_ordered_date ................................. [[32mPASS[0m in 0.02s]
[0m13:35:42.655270 [debug] [Thread-3 (]: Failed to rollback 'test.data_pipeline_example.not_null_stg_orders_product_id.034adb910e'
[0m13:35:42.655381 [debug] [Thread-4 (]: On test.data_pipeline_example.not_null_stg_orders_order_id.81cfe2fe64: Close
[0m13:35:42.655564 [debug] [Thread-2 (]: Finished running node test.data_pipeline_example.not_null_stg_orders_customer_id.af79d5e4b5
[0m13:35:42.655736 [debug] [Thread-1 (]: Finished running node test.data_pipeline_example.not_null_stg_orders_ordered_date.925362d84d
[0m13:35:42.655851 [debug] [Thread-3 (]: On test.data_pipeline_example.not_null_stg_orders_product_id.034adb910e: Close
[0m13:35:42.656029 [info ] [Thread-4 (]: 31 of 46 PASS not_null_stg_orders_order_id ..................................... [[32mPASS[0m in 0.02s]
[0m13:35:42.656185 [debug] [Thread-2 (]: Began running node test.data_pipeline_example.not_null_stg_orders_status.2b01eecbd6
[0m13:35:42.656334 [debug] [Thread-1 (]: Began running node test.data_pipeline_example.not_null_stg_products_category.6007d8b2d1
[0m13:35:42.656521 [debug] [Thread-4 (]: Finished running node test.data_pipeline_example.not_null_stg_orders_order_id.81cfe2fe64
[0m13:35:42.656643 [info ] [Thread-2 (]: 34 of 46 START test not_null_stg_orders_status ................................. [RUN]
[0m13:35:42.656814 [info ] [Thread-1 (]: 35 of 46 START test not_null_stg_products_category ............................. [RUN]
[0m13:35:42.657098 [debug] [Thread-4 (]: Began running node test.data_pipeline_example.not_null_stg_products_product_id.6373b0acf3
[0m13:35:42.656988 [info ] [Thread-3 (]: 33 of 46 PASS not_null_stg_orders_product_id ................................... [[32mPASS[0m in 0.02s]
[0m13:35:42.657273 [debug] [Thread-2 (]: Re-using an available connection from the pool (formerly test.data_pipeline_example.not_null_stg_orders_customer_id.af79d5e4b5, now test.data_pipeline_example.not_null_stg_orders_status.2b01eecbd6)
[0m13:35:42.657408 [debug] [Thread-1 (]: Re-using an available connection from the pool (formerly test.data_pipeline_example.not_null_stg_orders_ordered_date.925362d84d, now test.data_pipeline_example.not_null_stg_products_category.6007d8b2d1)
[0m13:35:42.657534 [info ] [Thread-4 (]: 36 of 46 START test not_null_stg_products_product_id ........................... [RUN]
[0m13:35:42.657712 [debug] [Thread-3 (]: Finished running node test.data_pipeline_example.not_null_stg_orders_product_id.034adb910e
[0m13:35:42.657828 [debug] [Thread-2 (]: Began compiling node test.data_pipeline_example.not_null_stg_orders_status.2b01eecbd6
[0m13:35:42.657944 [debug] [Thread-1 (]: Began compiling node test.data_pipeline_example.not_null_stg_products_category.6007d8b2d1
[0m13:35:42.658070 [debug] [Thread-4 (]: Re-using an available connection from the pool (formerly test.data_pipeline_example.not_null_stg_orders_order_id.81cfe2fe64, now test.data_pipeline_example.not_null_stg_products_product_id.6373b0acf3)
[0m13:35:42.658204 [debug] [Thread-3 (]: Began running node test.data_pipeline_example.not_null_stg_products_product_name.0b59e4b939
[0m13:35:42.659519 [debug] [Thread-2 (]: Writing injected SQL for node "test.data_pipeline_example.not_null_stg_orders_status.2b01eecbd6"
[0m13:35:42.660718 [debug] [Thread-1 (]: Writing injected SQL for node "test.data_pipeline_example.not_null_stg_products_category.6007d8b2d1"
[0m13:35:42.660848 [debug] [Thread-4 (]: Began compiling node test.data_pipeline_example.not_null_stg_products_product_id.6373b0acf3
[0m13:35:42.660968 [info ] [Thread-3 (]: 37 of 46 START test not_null_stg_products_product_name ......................... [RUN]
[0m13:35:42.662134 [debug] [Thread-4 (]: Writing injected SQL for node "test.data_pipeline_example.not_null_stg_products_product_id.6373b0acf3"
[0m13:35:42.662280 [debug] [Thread-3 (]: Re-using an available connection from the pool (formerly test.data_pipeline_example.not_null_stg_orders_product_id.034adb910e, now test.data_pipeline_example.not_null_stg_products_product_name.0b59e4b939)
[0m13:35:42.662432 [debug] [Thread-3 (]: Began compiling node test.data_pipeline_example.not_null_stg_products_product_name.0b59e4b939
[0m13:35:42.663547 [debug] [Thread-3 (]: Writing injected SQL for node "test.data_pipeline_example.not_null_stg_products_product_name.0b59e4b939"
[0m13:35:42.663683 [debug] [Thread-2 (]: Began executing node test.data_pipeline_example.not_null_stg_orders_status.2b01eecbd6
[0m13:35:42.664435 [debug] [Thread-2 (]: Writing runtime sql for node "test.data_pipeline_example.not_null_stg_orders_status.2b01eecbd6"
[0m13:35:42.664569 [debug] [Thread-1 (]: Began executing node test.data_pipeline_example.not_null_stg_products_category.6007d8b2d1
[0m13:35:42.666029 [debug] [Thread-1 (]: Writing runtime sql for node "test.data_pipeline_example.not_null_stg_products_category.6007d8b2d1"
[0m13:35:42.666197 [debug] [Thread-4 (]: Began executing node test.data_pipeline_example.not_null_stg_products_product_id.6373b0acf3
[0m13:35:42.666901 [debug] [Thread-4 (]: Writing runtime sql for node "test.data_pipeline_example.not_null_stg_products_product_id.6373b0acf3"
[0m13:35:42.667066 [debug] [Thread-2 (]: Using duckdb connection "test.data_pipeline_example.not_null_stg_orders_status.2b01eecbd6"
[0m13:35:42.667186 [debug] [Thread-2 (]: On test.data_pipeline_example.not_null_stg_orders_status.2b01eecbd6: BEGIN
[0m13:35:42.667306 [debug] [Thread-3 (]: Began executing node test.data_pipeline_example.not_null_stg_products_product_name.0b59e4b939
[0m13:35:42.667426 [debug] [Thread-2 (]: Opening a new connection, currently in state closed
[0m13:35:42.667568 [debug] [Thread-1 (]: Using duckdb connection "test.data_pipeline_example.not_null_stg_products_category.6007d8b2d1"
[0m13:35:42.668224 [debug] [Thread-3 (]: Writing runtime sql for node "test.data_pipeline_example.not_null_stg_products_product_name.0b59e4b939"
[0m13:35:42.668360 [debug] [Thread-4 (]: Using duckdb connection "test.data_pipeline_example.not_null_stg_products_product_id.6373b0acf3"
[0m13:35:42.668512 [debug] [Thread-1 (]: On test.data_pipeline_example.not_null_stg_products_category.6007d8b2d1: BEGIN
[0m13:35:42.668653 [debug] [Thread-4 (]: On test.data_pipeline_example.not_null_stg_products_product_id.6373b0acf3: BEGIN
[0m13:35:42.668767 [debug] [Thread-1 (]: Opening a new connection, currently in state closed
[0m13:35:42.668884 [debug] [Thread-4 (]: Opening a new connection, currently in state closed
[0m13:35:42.669032 [debug] [Thread-3 (]: Using duckdb connection "test.data_pipeline_example.not_null_stg_products_product_name.0b59e4b939"
[0m13:35:42.669139 [debug] [Thread-3 (]: On test.data_pipeline_example.not_null_stg_products_product_name.0b59e4b939: BEGIN
[0m13:35:42.669238 [debug] [Thread-3 (]: Opening a new connection, currently in state closed
[0m13:35:42.672268 [debug] [Thread-2 (]: SQL status: OK in 0.005 seconds
[0m13:35:42.672383 [debug] [Thread-2 (]: Using duckdb connection "test.data_pipeline_example.not_null_stg_orders_status.2b01eecbd6"
[0m13:35:42.672492 [debug] [Thread-1 (]: SQL status: OK in 0.004 seconds
[0m13:35:42.672600 [debug] [Thread-4 (]: SQL status: OK in 0.004 seconds
[0m13:35:42.672745 [debug] [Thread-2 (]: On test.data_pipeline_example.not_null_stg_orders_status.2b01eecbd6: /* {"app": "dbt", "dbt_version": "1.8.9", "profile_name": "data_pipeline_example", "target_name": "dev", "node_id": "test.data_pipeline_example.not_null_stg_orders_status.2b01eecbd6"} */

    select
      count(*) as failures,
      count(*) != 0 as should_warn,
      count(*) != 0 as should_error
    from (
      
    
  
    
    



select status
from "dev"."main"."stg_orders"
where status is null



  
  
      
    ) dbt_internal_test
[0m13:35:42.672874 [debug] [Thread-1 (]: Using duckdb connection "test.data_pipeline_example.not_null_stg_products_category.6007d8b2d1"
[0m13:35:42.672982 [debug] [Thread-3 (]: SQL status: OK in 0.004 seconds
[0m13:35:42.673084 [debug] [Thread-4 (]: Using duckdb connection "test.data_pipeline_example.not_null_stg_products_product_id.6373b0acf3"
[0m13:35:42.673271 [debug] [Thread-1 (]: On test.data_pipeline_example.not_null_stg_products_category.6007d8b2d1: /* {"app": "dbt", "dbt_version": "1.8.9", "profile_name": "data_pipeline_example", "target_name": "dev", "node_id": "test.data_pipeline_example.not_null_stg_products_category.6007d8b2d1"} */

    select
      count(*) as failures,
      count(*) != 0 as should_warn,
      count(*) != 0 as should_error
    from (
      
    
  
    
    



select category
from "dev"."main"."stg_products"
where category is null



  
  
      
    ) dbt_internal_test
[0m13:35:42.673397 [debug] [Thread-3 (]: Using duckdb connection "test.data_pipeline_example.not_null_stg_products_product_name.0b59e4b939"
[0m13:35:42.673517 [debug] [Thread-4 (]: On test.data_pipeline_example.not_null_stg_products_product_id.6373b0acf3: /* {"app": "dbt", "dbt_version": "1.8.9", "profile_name": "data_pipeline_example", "target_name": "dev", "node_id": "test.data_pipeline_example.not_null_stg_products_product_id.6373b0acf3"} */

    select
      count(*) as failures,
      count(*) != 0 as should_warn,
      count(*) != 0 as should_error
    from (
      
    
  
    
    



select product_id
from "dev"."main"."stg_products"
where product_id is null



  
  
      
    ) dbt_internal_test
[0m13:35:42.673633 [debug] [Thread-2 (]: SQL status: OK in 0.000 seconds
[0m13:35:42.673782 [debug] [Thread-3 (]: On test.data_pipeline_example.not_null_stg_products_product_name.0b59e4b939: /* {"app": "dbt", "dbt_version": "1.8.9", "profile_name": "data_pipeline_example", "target_name": "dev", "node_id": "test.data_pipeline_example.not_null_stg_products_product_name.0b59e4b939"} */

    select
      count(*) as failures,
      count(*) != 0 as should_warn,
      count(*) != 0 as should_error
    from (
      
    
  
    
    



select product_name
from "dev"."main"."stg_products"
where product_name is null



  
  
      
    ) dbt_internal_test
[0m13:35:42.673967 [debug] [Thread-1 (]: SQL status: OK in 0.000 seconds
[0m13:35:42.674525 [debug] [Thread-2 (]: On test.data_pipeline_example.not_null_stg_orders_status.2b01eecbd6: ROLLBACK
[0m13:35:42.674716 [debug] [Thread-4 (]: SQL status: OK in 0.001 seconds
[0m13:35:42.675158 [debug] [Thread-1 (]: On test.data_pipeline_example.not_null_stg_products_category.6007d8b2d1: ROLLBACK
[0m13:35:42.675297 [debug] [Thread-3 (]: SQL status: OK in 0.001 seconds
[0m13:35:42.675601 [debug] [Thread-2 (]: Failed to rollback 'test.data_pipeline_example.not_null_stg_orders_status.2b01eecbd6'
[0m13:35:42.676014 [debug] [Thread-4 (]: On test.data_pipeline_example.not_null_stg_products_product_id.6373b0acf3: ROLLBACK
[0m13:35:42.676313 [debug] [Thread-1 (]: Failed to rollback 'test.data_pipeline_example.not_null_stg_products_category.6007d8b2d1'
[0m13:35:42.676708 [debug] [Thread-3 (]: On test.data_pipeline_example.not_null_stg_products_product_name.0b59e4b939: ROLLBACK
[0m13:35:42.676813 [debug] [Thread-2 (]: On test.data_pipeline_example.not_null_stg_orders_status.2b01eecbd6: Close
[0m13:35:42.677111 [debug] [Thread-4 (]: Failed to rollback 'test.data_pipeline_example.not_null_stg_products_product_id.6373b0acf3'
[0m13:35:42.677219 [debug] [Thread-1 (]: On test.data_pipeline_example.not_null_stg_products_category.6007d8b2d1: Close
[0m13:35:42.677528 [debug] [Thread-3 (]: Failed to rollback 'test.data_pipeline_example.not_null_stg_products_product_name.0b59e4b939'
[0m13:35:42.677817 [debug] [Thread-4 (]: On test.data_pipeline_example.not_null_stg_products_product_id.6373b0acf3: Close
[0m13:35:42.677721 [info ] [Thread-2 (]: 34 of 46 PASS not_null_stg_orders_status ....................................... [[32mPASS[0m in 0.02s]
[0m13:35:42.678124 [debug] [Thread-3 (]: On test.data_pipeline_example.not_null_stg_products_product_name.0b59e4b939: Close
[0m13:35:42.678030 [info ] [Thread-1 (]: 35 of 46 PASS not_null_stg_products_category ................................... [[32mPASS[0m in 0.02s]
[0m13:35:42.678477 [debug] [Thread-2 (]: Finished running node test.data_pipeline_example.not_null_stg_orders_status.2b01eecbd6
[0m13:35:42.678327 [info ] [Thread-4 (]: 36 of 46 PASS not_null_stg_products_product_id ................................. [[32mPASS[0m in 0.02s]
[0m13:35:42.678683 [debug] [Thread-1 (]: Finished running node test.data_pipeline_example.not_null_stg_products_category.6007d8b2d1
[0m13:35:42.678822 [debug] [Thread-2 (]: Began running node test.data_pipeline_example.not_null_stg_products_unit_price.0be67d1be2
[0m13:35:42.679031 [debug] [Thread-4 (]: Finished running node test.data_pipeline_example.not_null_stg_products_product_id.6373b0acf3
[0m13:35:42.679310 [debug] [Thread-1 (]: Began running node test.data_pipeline_example.relationships_fact_orders_customer_id__customer_id__ref_dim_customers_.990af5a19b
[0m13:35:42.679196 [info ] [Thread-3 (]: 37 of 46 PASS not_null_stg_products_product_name ............................... [[32mPASS[0m in 0.02s]
[0m13:35:42.679468 [info ] [Thread-2 (]: 38 of 46 START test not_null_stg_products_unit_price ........................... [RUN]
[0m13:35:42.679612 [debug] [Thread-4 (]: Began running node test.data_pipeline_example.relationships_stg_orders_customer_id__customer_id__ref_stg_customers_.430bf21500
[0m13:35:42.679745 [info ] [Thread-1 (]: 39 of 46 START test relationships_fact_orders_customer_id__customer_id__ref_dim_customers_  [RUN]
[0m13:35:42.679921 [debug] [Thread-3 (]: Finished running node test.data_pipeline_example.not_null_stg_products_product_name.0b59e4b939
[0m13:35:42.680061 [debug] [Thread-2 (]: Re-using an available connection from the pool (formerly test.data_pipeline_example.not_null_stg_orders_status.2b01eecbd6, now test.data_pipeline_example.not_null_stg_products_unit_price.0be67d1be2)
[0m13:35:42.680290 [debug] [Thread-1 (]: Re-using an available connection from the pool (formerly test.data_pipeline_example.not_null_stg_products_category.6007d8b2d1, now test.data_pipeline_example.relationships_fact_orders_customer_id__customer_id__ref_dim_customers_.990af5a19b)
[0m13:35:42.680180 [info ] [Thread-4 (]: 40 of 46 START test relationships_stg_orders_customer_id__customer_id__ref_stg_customers_  [RUN]
[0m13:35:42.680452 [debug] [Thread-3 (]: Began running node test.data_pipeline_example.relationships_stg_orders_product_id__product_id__ref_stg_products_.9f9d411d80
[0m13:35:42.680574 [debug] [Thread-2 (]: Began compiling node test.data_pipeline_example.not_null_stg_products_unit_price.0be67d1be2
[0m13:35:42.680687 [debug] [Thread-1 (]: Began compiling node test.data_pipeline_example.relationships_fact_orders_customer_id__customer_id__ref_dim_customers_.990af5a19b
[0m13:35:42.680815 [debug] [Thread-4 (]: Re-using an available connection from the pool (formerly test.data_pipeline_example.not_null_stg_products_product_id.6373b0acf3, now test.data_pipeline_example.relationships_stg_orders_customer_id__customer_id__ref_stg_customers_.430bf21500)
[0m13:35:42.680940 [info ] [Thread-3 (]: 41 of 46 START test relationships_stg_orders_product_id__product_id__ref_stg_products_  [RUN]
[0m13:35:42.682262 [debug] [Thread-2 (]: Writing injected SQL for node "test.data_pipeline_example.not_null_stg_products_unit_price.0be67d1be2"
[0m13:35:42.684671 [debug] [Thread-1 (]: Writing injected SQL for node "test.data_pipeline_example.relationships_fact_orders_customer_id__customer_id__ref_dim_customers_.990af5a19b"
[0m13:35:42.684788 [debug] [Thread-4 (]: Began compiling node test.data_pipeline_example.relationships_stg_orders_customer_id__customer_id__ref_stg_customers_.430bf21500
[0m13:35:42.684907 [debug] [Thread-3 (]: Re-using an available connection from the pool (formerly test.data_pipeline_example.not_null_stg_products_product_name.0b59e4b939, now test.data_pipeline_example.relationships_stg_orders_product_id__product_id__ref_stg_products_.9f9d411d80)
[0m13:35:42.686520 [debug] [Thread-4 (]: Writing injected SQL for node "test.data_pipeline_example.relationships_stg_orders_customer_id__customer_id__ref_stg_customers_.430bf21500"
[0m13:35:42.686649 [debug] [Thread-3 (]: Began compiling node test.data_pipeline_example.relationships_stg_orders_product_id__product_id__ref_stg_products_.9f9d411d80
[0m13:35:42.688245 [debug] [Thread-3 (]: Writing injected SQL for node "test.data_pipeline_example.relationships_stg_orders_product_id__product_id__ref_stg_products_.9f9d411d80"
[0m13:35:42.688423 [debug] [Thread-2 (]: Began executing node test.data_pipeline_example.not_null_stg_products_unit_price.0be67d1be2
[0m13:35:42.688544 [debug] [Thread-1 (]: Began executing node test.data_pipeline_example.relationships_fact_orders_customer_id__customer_id__ref_dim_customers_.990af5a19b
[0m13:35:42.689295 [debug] [Thread-2 (]: Writing runtime sql for node "test.data_pipeline_example.not_null_stg_products_unit_price.0be67d1be2"
[0m13:35:42.689401 [debug] [Thread-4 (]: Began executing node test.data_pipeline_example.relationships_stg_orders_customer_id__customer_id__ref_stg_customers_.430bf21500
[0m13:35:42.689524 [debug] [Thread-3 (]: Began executing node test.data_pipeline_example.relationships_stg_orders_product_id__product_id__ref_stg_products_.9f9d411d80
[0m13:35:42.690181 [debug] [Thread-1 (]: Writing runtime sql for node "test.data_pipeline_example.relationships_fact_orders_customer_id__customer_id__ref_dim_customers_.990af5a19b"
[0m13:35:42.690904 [debug] [Thread-4 (]: Writing runtime sql for node "test.data_pipeline_example.relationships_stg_orders_customer_id__customer_id__ref_stg_customers_.430bf21500"
[0m13:35:42.691553 [debug] [Thread-3 (]: Writing runtime sql for node "test.data_pipeline_example.relationships_stg_orders_product_id__product_id__ref_stg_products_.9f9d411d80"
[0m13:35:42.691742 [debug] [Thread-2 (]: Using duckdb connection "test.data_pipeline_example.not_null_stg_products_unit_price.0be67d1be2"
[0m13:35:42.691905 [debug] [Thread-2 (]: On test.data_pipeline_example.not_null_stg_products_unit_price.0be67d1be2: BEGIN
[0m13:35:42.692021 [debug] [Thread-2 (]: Opening a new connection, currently in state closed
[0m13:35:42.692149 [debug] [Thread-4 (]: Using duckdb connection "test.data_pipeline_example.relationships_stg_orders_customer_id__customer_id__ref_stg_customers_.430bf21500"
[0m13:35:42.692272 [debug] [Thread-1 (]: Using duckdb connection "test.data_pipeline_example.relationships_fact_orders_customer_id__customer_id__ref_dim_customers_.990af5a19b"
[0m13:35:42.692438 [debug] [Thread-4 (]: On test.data_pipeline_example.relationships_stg_orders_customer_id__customer_id__ref_stg_customers_.430bf21500: BEGIN
[0m13:35:42.692562 [debug] [Thread-3 (]: Using duckdb connection "test.data_pipeline_example.relationships_stg_orders_product_id__product_id__ref_stg_products_.9f9d411d80"
[0m13:35:42.692714 [debug] [Thread-1 (]: On test.data_pipeline_example.relationships_fact_orders_customer_id__customer_id__ref_dim_customers_.990af5a19b: BEGIN
[0m13:35:42.692824 [debug] [Thread-4 (]: Opening a new connection, currently in state closed
[0m13:35:42.692935 [debug] [Thread-3 (]: On test.data_pipeline_example.relationships_stg_orders_product_id__product_id__ref_stg_products_.9f9d411d80: BEGIN
[0m13:35:42.693044 [debug] [Thread-1 (]: Opening a new connection, currently in state closed
[0m13:35:42.693159 [debug] [Thread-3 (]: Opening a new connection, currently in state closed
[0m13:35:42.696159 [debug] [Thread-4 (]: SQL status: OK in 0.003 seconds
[0m13:35:42.696282 [debug] [Thread-4 (]: Using duckdb connection "test.data_pipeline_example.relationships_stg_orders_customer_id__customer_id__ref_stg_customers_.430bf21500"
[0m13:35:42.696409 [debug] [Thread-1 (]: SQL status: OK in 0.003 seconds
[0m13:35:42.696528 [debug] [Thread-3 (]: SQL status: OK in 0.003 seconds
[0m13:35:42.696638 [debug] [Thread-2 (]: SQL status: OK in 0.005 seconds
[0m13:35:42.696763 [debug] [Thread-4 (]: On test.data_pipeline_example.relationships_stg_orders_customer_id__customer_id__ref_stg_customers_.430bf21500: /* {"app": "dbt", "dbt_version": "1.8.9", "profile_name": "data_pipeline_example", "target_name": "dev", "node_id": "test.data_pipeline_example.relationships_stg_orders_customer_id__customer_id__ref_stg_customers_.430bf21500"} */

    select
      count(*) as failures,
      count(*) != 0 as should_warn,
      count(*) != 0 as should_error
    from (
      
    
  
    
    

with child as (
    select customer_id as from_field
    from "dev"."main"."stg_orders"
    where customer_id is not null
),

parent as (
    select customer_id as to_field
    from "dev"."main"."stg_customers"
)

select
    from_field

from child
left join parent
    on child.from_field = parent.to_field

where parent.to_field is null



  
  
      
    ) dbt_internal_test
[0m13:35:42.696894 [debug] [Thread-1 (]: Using duckdb connection "test.data_pipeline_example.relationships_fact_orders_customer_id__customer_id__ref_dim_customers_.990af5a19b"
[0m13:35:42.697013 [debug] [Thread-3 (]: Using duckdb connection "test.data_pipeline_example.relationships_stg_orders_product_id__product_id__ref_stg_products_.9f9d411d80"
[0m13:35:42.697118 [debug] [Thread-2 (]: Using duckdb connection "test.data_pipeline_example.not_null_stg_products_unit_price.0be67d1be2"
[0m13:35:42.697283 [debug] [Thread-1 (]: On test.data_pipeline_example.relationships_fact_orders_customer_id__customer_id__ref_dim_customers_.990af5a19b: /* {"app": "dbt", "dbt_version": "1.8.9", "profile_name": "data_pipeline_example", "target_name": "dev", "node_id": "test.data_pipeline_example.relationships_fact_orders_customer_id__customer_id__ref_dim_customers_.990af5a19b"} */

    select
      count(*) as failures,
      count(*) != 0 as should_warn,
      count(*) != 0 as should_error
    from (
      
    
  
    
    

with child as (
    select customer_id as from_field
    from "dev"."main"."fact_orders"
    where customer_id is not null
),

parent as (
    select customer_id as to_field
    from "dev"."main"."dim_customers"
)

select
    from_field

from child
left join parent
    on child.from_field = parent.to_field

where parent.to_field is null



  
  
      
    ) dbt_internal_test
[0m13:35:42.697422 [debug] [Thread-3 (]: On test.data_pipeline_example.relationships_stg_orders_product_id__product_id__ref_stg_products_.9f9d411d80: /* {"app": "dbt", "dbt_version": "1.8.9", "profile_name": "data_pipeline_example", "target_name": "dev", "node_id": "test.data_pipeline_example.relationships_stg_orders_product_id__product_id__ref_stg_products_.9f9d411d80"} */

    select
      count(*) as failures,
      count(*) != 0 as should_warn,
      count(*) != 0 as should_error
    from (
      
    
  
    
    

with child as (
    select product_id as from_field
    from "dev"."main"."stg_orders"
    where product_id is not null
),

parent as (
    select product_id as to_field
    from "dev"."main"."stg_products"
)

select
    from_field

from child
left join parent
    on child.from_field = parent.to_field

where parent.to_field is null



  
  
      
    ) dbt_internal_test
[0m13:35:42.697554 [debug] [Thread-2 (]: On test.data_pipeline_example.not_null_stg_products_unit_price.0be67d1be2: /* {"app": "dbt", "dbt_version": "1.8.9", "profile_name": "data_pipeline_example", "target_name": "dev", "node_id": "test.data_pipeline_example.not_null_stg_products_unit_price.0be67d1be2"} */

    select
      count(*) as failures,
      count(*) != 0 as should_warn,
      count(*) != 0 as should_error
    from (
      
    
  
    
    



select unit_price
from "dev"."main"."stg_products"
where unit_price is null



  
  
      
    ) dbt_internal_test
[0m13:35:42.697991 [debug] [Thread-4 (]: SQL status: OK in 0.001 seconds
[0m13:35:42.698226 [debug] [Thread-2 (]: SQL status: OK in 0.000 seconds
[0m13:35:42.698356 [debug] [Thread-3 (]: SQL status: OK in 0.001 seconds
[0m13:35:42.698880 [debug] [Thread-2 (]: On test.data_pipeline_example.not_null_stg_products_unit_price.0be67d1be2: ROLLBACK
[0m13:35:42.699024 [debug] [Thread-1 (]: SQL status: OK in 0.001 seconds
[0m13:35:42.699436 [debug] [Thread-3 (]: On test.data_pipeline_example.relationships_stg_orders_product_id__product_id__ref_stg_products_.9f9d411d80: ROLLBACK
[0m13:35:42.699707 [debug] [Thread-2 (]: Failed to rollback 'test.data_pipeline_example.not_null_stg_products_unit_price.0be67d1be2'
[0m13:35:42.700068 [debug] [Thread-4 (]: On test.data_pipeline_example.relationships_stg_orders_customer_id__customer_id__ref_stg_customers_.430bf21500: ROLLBACK
[0m13:35:42.700487 [debug] [Thread-1 (]: On test.data_pipeline_example.relationships_fact_orders_customer_id__customer_id__ref_dim_customers_.990af5a19b: ROLLBACK
[0m13:35:42.700600 [debug] [Thread-2 (]: On test.data_pipeline_example.not_null_stg_products_unit_price.0be67d1be2: Close
[0m13:35:42.700880 [debug] [Thread-3 (]: Failed to rollback 'test.data_pipeline_example.relationships_stg_orders_product_id__product_id__ref_stg_products_.9f9d411d80'
[0m13:35:42.701172 [debug] [Thread-4 (]: Failed to rollback 'test.data_pipeline_example.relationships_stg_orders_customer_id__customer_id__ref_stg_customers_.430bf21500'
[0m13:35:42.701461 [debug] [Thread-1 (]: Failed to rollback 'test.data_pipeline_example.relationships_fact_orders_customer_id__customer_id__ref_dim_customers_.990af5a19b'
[0m13:35:42.701719 [debug] [Thread-3 (]: On test.data_pipeline_example.relationships_stg_orders_product_id__product_id__ref_stg_products_.9f9d411d80: Close
[0m13:35:42.701623 [info ] [Thread-2 (]: 38 of 46 PASS not_null_stg_products_unit_price ................................. [[32mPASS[0m in 0.02s]
[0m13:35:42.701865 [debug] [Thread-4 (]: On test.data_pipeline_example.relationships_stg_orders_customer_id__customer_id__ref_stg_customers_.430bf21500: Close
[0m13:35:42.701976 [debug] [Thread-1 (]: On test.data_pipeline_example.relationships_fact_orders_customer_id__customer_id__ref_dim_customers_.990af5a19b: Close
[0m13:35:42.702271 [debug] [Thread-2 (]: Finished running node test.data_pipeline_example.not_null_stg_products_unit_price.0be67d1be2
[0m13:35:42.702124 [info ] [Thread-3 (]: 41 of 46 PASS relationships_stg_orders_product_id__product_id__ref_stg_products_  [[32mPASS[0m in 0.02s]
[0m13:35:42.702481 [info ] [Thread-4 (]: 40 of 46 PASS relationships_stg_orders_customer_id__customer_id__ref_stg_customers_  [[32mPASS[0m in 0.02s]
[0m13:35:42.702650 [debug] [Thread-2 (]: Began running node test.data_pipeline_example.unique_dim_customers_customer_id.15c9f1e2fd
[0m13:35:42.702832 [debug] [Thread-3 (]: Finished running node test.data_pipeline_example.relationships_stg_orders_product_id__product_id__ref_stg_products_.9f9d411d80
[0m13:35:42.702988 [debug] [Thread-4 (]: Finished running node test.data_pipeline_example.relationships_stg_orders_customer_id__customer_id__ref_stg_customers_.430bf21500
[0m13:35:42.703143 [info ] [Thread-1 (]: 39 of 46 PASS relationships_fact_orders_customer_id__customer_id__ref_dim_customers_  [[32mPASS[0m in 0.02s]
[0m13:35:42.703396 [debug] [Thread-3 (]: Began running node test.data_pipeline_example.unique_fact_orders_order_id.93a68b4064
[0m13:35:42.703249 [info ] [Thread-2 (]: 42 of 46 START test unique_dim_customers_customer_id ........................... [RUN]
[0m13:35:42.703566 [debug] [Thread-4 (]: Began running node test.data_pipeline_example.unique_stg_customers_customer_id.c7614daada
[0m13:35:42.703751 [debug] [Thread-1 (]: Finished running node test.data_pipeline_example.relationships_fact_orders_customer_id__customer_id__ref_dim_customers_.990af5a19b
[0m13:35:42.703868 [info ] [Thread-3 (]: 43 of 46 START test unique_fact_orders_order_id ................................ [RUN]
[0m13:35:42.704023 [debug] [Thread-2 (]: Re-using an available connection from the pool (formerly test.data_pipeline_example.not_null_stg_products_unit_price.0be67d1be2, now test.data_pipeline_example.unique_dim_customers_customer_id.15c9f1e2fd)
[0m13:35:42.704150 [info ] [Thread-4 (]: 44 of 46 START test unique_stg_customers_customer_id ........................... [RUN]
[0m13:35:42.704294 [debug] [Thread-1 (]: Began running node test.data_pipeline_example.unique_stg_orders_order_id.e3b841c71a
[0m13:35:42.704424 [debug] [Thread-3 (]: Re-using an available connection from the pool (formerly test.data_pipeline_example.relationships_stg_orders_product_id__product_id__ref_stg_products_.9f9d411d80, now test.data_pipeline_example.unique_fact_orders_order_id.93a68b4064)
[0m13:35:42.704545 [debug] [Thread-2 (]: Began compiling node test.data_pipeline_example.unique_dim_customers_customer_id.15c9f1e2fd
[0m13:35:42.704674 [debug] [Thread-4 (]: Re-using an available connection from the pool (formerly test.data_pipeline_example.relationships_stg_orders_customer_id__customer_id__ref_stg_customers_.430bf21500, now test.data_pipeline_example.unique_stg_customers_customer_id.c7614daada)
[0m13:35:42.704797 [info ] [Thread-1 (]: 45 of 46 START test unique_stg_orders_order_id ................................. [RUN]
[0m13:35:42.704913 [debug] [Thread-3 (]: Began compiling node test.data_pipeline_example.unique_fact_orders_order_id.93a68b4064
[0m13:35:42.707711 [debug] [Thread-2 (]: Writing injected SQL for node "test.data_pipeline_example.unique_dim_customers_customer_id.15c9f1e2fd"
[0m13:35:42.707830 [debug] [Thread-4 (]: Began compiling node test.data_pipeline_example.unique_stg_customers_customer_id.c7614daada
[0m13:35:42.707951 [debug] [Thread-1 (]: Re-using an available connection from the pool (formerly test.data_pipeline_example.relationships_fact_orders_customer_id__customer_id__ref_dim_customers_.990af5a19b, now test.data_pipeline_example.unique_stg_orders_order_id.e3b841c71a)
[0m13:35:42.709047 [debug] [Thread-3 (]: Writing injected SQL for node "test.data_pipeline_example.unique_fact_orders_order_id.93a68b4064"
[0m13:35:42.710245 [debug] [Thread-4 (]: Writing injected SQL for node "test.data_pipeline_example.unique_stg_customers_customer_id.c7614daada"
[0m13:35:42.710360 [debug] [Thread-1 (]: Began compiling node test.data_pipeline_example.unique_stg_orders_order_id.e3b841c71a
[0m13:35:42.711617 [debug] [Thread-1 (]: Writing injected SQL for node "test.data_pipeline_example.unique_stg_orders_order_id.e3b841c71a"
[0m13:35:42.711729 [debug] [Thread-2 (]: Began executing node test.data_pipeline_example.unique_dim_customers_customer_id.15c9f1e2fd
[0m13:35:42.712494 [debug] [Thread-2 (]: Writing runtime sql for node "test.data_pipeline_example.unique_dim_customers_customer_id.15c9f1e2fd"
[0m13:35:42.712601 [debug] [Thread-3 (]: Began executing node test.data_pipeline_example.unique_fact_orders_order_id.93a68b4064
[0m13:35:42.712715 [debug] [Thread-4 (]: Began executing node test.data_pipeline_example.unique_stg_customers_customer_id.c7614daada
[0m13:35:42.713447 [debug] [Thread-3 (]: Writing runtime sql for node "test.data_pipeline_example.unique_fact_orders_order_id.93a68b4064"
[0m13:35:42.714114 [debug] [Thread-4 (]: Writing runtime sql for node "test.data_pipeline_example.unique_stg_customers_customer_id.c7614daada"
[0m13:35:42.714220 [debug] [Thread-1 (]: Began executing node test.data_pipeline_example.unique_stg_orders_order_id.e3b841c71a
[0m13:35:42.714982 [debug] [Thread-1 (]: Writing runtime sql for node "test.data_pipeline_example.unique_stg_orders_order_id.e3b841c71a"
[0m13:35:42.715118 [debug] [Thread-2 (]: Using duckdb connection "test.data_pipeline_example.unique_dim_customers_customer_id.15c9f1e2fd"
[0m13:35:42.715341 [debug] [Thread-3 (]: Using duckdb connection "test.data_pipeline_example.unique_fact_orders_order_id.93a68b4064"
[0m13:35:42.715465 [debug] [Thread-2 (]: On test.data_pipeline_example.unique_dim_customers_customer_id.15c9f1e2fd: BEGIN
[0m13:35:42.715586 [debug] [Thread-3 (]: On test.data_pipeline_example.unique_fact_orders_order_id.93a68b4064: BEGIN
[0m13:35:42.715712 [debug] [Thread-2 (]: Opening a new connection, currently in state closed
[0m13:35:42.715836 [debug] [Thread-4 (]: Using duckdb connection "test.data_pipeline_example.unique_stg_customers_customer_id.c7614daada"
[0m13:35:42.715942 [debug] [Thread-3 (]: Opening a new connection, currently in state closed
[0m13:35:42.716060 [debug] [Thread-1 (]: Using duckdb connection "test.data_pipeline_example.unique_stg_orders_order_id.e3b841c71a"
[0m13:35:42.716212 [debug] [Thread-4 (]: On test.data_pipeline_example.unique_stg_customers_customer_id.c7614daada: BEGIN
[0m13:35:42.716325 [debug] [Thread-1 (]: On test.data_pipeline_example.unique_stg_orders_order_id.e3b841c71a: BEGIN
[0m13:35:42.716428 [debug] [Thread-4 (]: Opening a new connection, currently in state closed
[0m13:35:42.716532 [debug] [Thread-1 (]: Opening a new connection, currently in state closed
[0m13:35:42.720031 [debug] [Thread-2 (]: SQL status: OK in 0.004 seconds
[0m13:35:42.720169 [debug] [Thread-2 (]: Using duckdb connection "test.data_pipeline_example.unique_dim_customers_customer_id.15c9f1e2fd"
[0m13:35:42.720296 [debug] [Thread-3 (]: SQL status: OK in 0.004 seconds
[0m13:35:42.720417 [debug] [Thread-1 (]: SQL status: OK in 0.004 seconds
[0m13:35:42.720535 [debug] [Thread-2 (]: On test.data_pipeline_example.unique_dim_customers_customer_id.15c9f1e2fd: /* {"app": "dbt", "dbt_version": "1.8.9", "profile_name": "data_pipeline_example", "target_name": "dev", "node_id": "test.data_pipeline_example.unique_dim_customers_customer_id.15c9f1e2fd"} */

    select
      count(*) as failures,
      count(*) != 0 as should_warn,
      count(*) != 0 as should_error
    from (
      
    
  
    
    

select
    customer_id as unique_field,
    count(*) as n_records

from "dev"."main"."dim_customers"
where customer_id is not null
group by customer_id
having count(*) > 1



  
  
      
    ) dbt_internal_test
[0m13:35:42.720662 [debug] [Thread-4 (]: SQL status: OK in 0.004 seconds
[0m13:35:42.720768 [debug] [Thread-3 (]: Using duckdb connection "test.data_pipeline_example.unique_fact_orders_order_id.93a68b4064"
[0m13:35:42.720878 [debug] [Thread-1 (]: Using duckdb connection "test.data_pipeline_example.unique_stg_orders_order_id.e3b841c71a"
[0m13:35:42.721028 [debug] [Thread-4 (]: Using duckdb connection "test.data_pipeline_example.unique_stg_customers_customer_id.c7614daada"
[0m13:35:42.721157 [debug] [Thread-3 (]: On test.data_pipeline_example.unique_fact_orders_order_id.93a68b4064: /* {"app": "dbt", "dbt_version": "1.8.9", "profile_name": "data_pipeline_example", "target_name": "dev", "node_id": "test.data_pipeline_example.unique_fact_orders_order_id.93a68b4064"} */

    select
      count(*) as failures,
      count(*) != 0 as should_warn,
      count(*) != 0 as should_error
    from (
      
    
  
    
    

select
    order_id as unique_field,
    count(*) as n_records

from "dev"."main"."fact_orders"
where order_id is not null
group by order_id
having count(*) > 1



  
  
      
    ) dbt_internal_test
[0m13:35:42.721298 [debug] [Thread-1 (]: On test.data_pipeline_example.unique_stg_orders_order_id.e3b841c71a: /* {"app": "dbt", "dbt_version": "1.8.9", "profile_name": "data_pipeline_example", "target_name": "dev", "node_id": "test.data_pipeline_example.unique_stg_orders_order_id.e3b841c71a"} */

    select
      count(*) as failures,
      count(*) != 0 as should_warn,
      count(*) != 0 as should_error
    from (
      
    
  
    
    

select
    order_id as unique_field,
    count(*) as n_records

from "dev"."main"."stg_orders"
where order_id is not null
group by order_id
having count(*) > 1



  
  
      
    ) dbt_internal_test
[0m13:35:42.721423 [debug] [Thread-2 (]: SQL status: OK in 0.000 seconds
[0m13:35:42.721541 [debug] [Thread-4 (]: On test.data_pipeline_example.unique_stg_customers_customer_id.c7614daada: /* {"app": "dbt", "dbt_version": "1.8.9", "profile_name": "data_pipeline_example", "target_name": "dev", "node_id": "test.data_pipeline_example.unique_stg_customers_customer_id.c7614daada"} */

    select
      count(*) as failures,
      count(*) != 0 as should_warn,
      count(*) != 0 as should_error
    from (
      
    
  
    
    

select
    customer_id as unique_field,
    count(*) as n_records

from "dev"."main"."stg_customers"
where customer_id is not null
group by customer_id
having count(*) > 1



  
  
      
    ) dbt_internal_test
[0m13:35:42.722233 [debug] [Thread-2 (]: On test.data_pipeline_example.unique_dim_customers_customer_id.15c9f1e2fd: ROLLBACK
[0m13:35:42.722385 [debug] [Thread-1 (]: SQL status: OK in 0.001 seconds
[0m13:35:42.722507 [debug] [Thread-4 (]: SQL status: OK in 0.001 seconds
[0m13:35:42.722827 [debug] [Thread-2 (]: Failed to rollback 'test.data_pipeline_example.unique_dim_customers_customer_id.15c9f1e2fd'
[0m13:35:42.722945 [debug] [Thread-3 (]: SQL status: OK in 0.001 seconds
[0m13:35:42.723432 [debug] [Thread-1 (]: On test.data_pipeline_example.unique_stg_orders_order_id.e3b841c71a: ROLLBACK
[0m13:35:42.723559 [debug] [Thread-2 (]: On test.data_pipeline_example.unique_dim_customers_customer_id.15c9f1e2fd: Close
[0m13:35:42.723965 [debug] [Thread-4 (]: On test.data_pipeline_example.unique_stg_customers_customer_id.c7614daada: ROLLBACK
[0m13:35:42.724455 [debug] [Thread-3 (]: On test.data_pipeline_example.unique_fact_orders_order_id.93a68b4064: ROLLBACK
[0m13:35:42.724804 [debug] [Thread-1 (]: Failed to rollback 'test.data_pipeline_example.unique_stg_orders_order_id.e3b841c71a'
[0m13:35:42.725090 [debug] [Thread-4 (]: Failed to rollback 'test.data_pipeline_example.unique_stg_customers_customer_id.c7614daada'
[0m13:35:42.725615 [debug] [Thread-3 (]: Failed to rollback 'test.data_pipeline_example.unique_fact_orders_order_id.93a68b4064'
[0m13:35:42.725305 [info ] [Thread-2 (]: 42 of 46 PASS unique_dim_customers_customer_id ................................. [[32mPASS[0m in 0.02s]
[0m13:35:42.725764 [debug] [Thread-1 (]: On test.data_pipeline_example.unique_stg_orders_order_id.e3b841c71a: Close
[0m13:35:42.725875 [debug] [Thread-4 (]: On test.data_pipeline_example.unique_stg_customers_customer_id.c7614daada: Close
[0m13:35:42.725989 [debug] [Thread-3 (]: On test.data_pipeline_example.unique_fact_orders_order_id.93a68b4064: Close
[0m13:35:42.726170 [debug] [Thread-2 (]: Finished running node test.data_pipeline_example.unique_dim_customers_customer_id.15c9f1e2fd
[0m13:35:42.726345 [info ] [Thread-1 (]: 45 of 46 PASS unique_stg_orders_order_id ....................................... [[32mPASS[0m in 0.02s]
[0m13:35:42.726541 [info ] [Thread-4 (]: 44 of 46 PASS unique_stg_customers_customer_id ................................. [[32mPASS[0m in 0.02s]
[0m13:35:42.726712 [debug] [Thread-2 (]: Began running node test.data_pipeline_example.unique_stg_products_product_id.7d950a1467
[0m13:35:42.726905 [debug] [Thread-1 (]: Finished running node test.data_pipeline_example.unique_stg_orders_order_id.e3b841c71a
[0m13:35:42.727123 [debug] [Thread-4 (]: Finished running node test.data_pipeline_example.unique_stg_customers_customer_id.c7614daada
[0m13:35:42.727287 [info ] [Thread-3 (]: 43 of 46 PASS unique_fact_orders_order_id ...................................... [[32mPASS[0m in 0.02s]
[0m13:35:42.727388 [info ] [Thread-2 (]: 46 of 46 START test unique_stg_products_product_id ............................. [RUN]
[0m13:35:42.727652 [debug] [Thread-3 (]: Finished running node test.data_pipeline_example.unique_fact_orders_order_id.93a68b4064
[0m13:35:42.727793 [debug] [Thread-2 (]: Re-using an available connection from the pool (formerly test.data_pipeline_example.unique_dim_customers_customer_id.15c9f1e2fd, now test.data_pipeline_example.unique_stg_products_product_id.7d950a1467)
[0m13:35:42.727938 [debug] [Thread-2 (]: Began compiling node test.data_pipeline_example.unique_stg_products_product_id.7d950a1467
[0m13:35:42.729367 [debug] [Thread-2 (]: Writing injected SQL for node "test.data_pipeline_example.unique_stg_products_product_id.7d950a1467"
[0m13:35:42.729743 [debug] [Thread-2 (]: Began executing node test.data_pipeline_example.unique_stg_products_product_id.7d950a1467
[0m13:35:42.730404 [debug] [Thread-2 (]: Writing runtime sql for node "test.data_pipeline_example.unique_stg_products_product_id.7d950a1467"
[0m13:35:42.730721 [debug] [Thread-2 (]: Using duckdb connection "test.data_pipeline_example.unique_stg_products_product_id.7d950a1467"
[0m13:35:42.730860 [debug] [Thread-2 (]: On test.data_pipeline_example.unique_stg_products_product_id.7d950a1467: BEGIN
[0m13:35:42.730957 [debug] [Thread-2 (]: Opening a new connection, currently in state closed
[0m13:35:42.734632 [debug] [Thread-2 (]: SQL status: OK in 0.004 seconds
[0m13:35:42.734760 [debug] [Thread-2 (]: Using duckdb connection "test.data_pipeline_example.unique_stg_products_product_id.7d950a1467"
[0m13:35:42.734870 [debug] [Thread-2 (]: On test.data_pipeline_example.unique_stg_products_product_id.7d950a1467: /* {"app": "dbt", "dbt_version": "1.8.9", "profile_name": "data_pipeline_example", "target_name": "dev", "node_id": "test.data_pipeline_example.unique_stg_products_product_id.7d950a1467"} */

    select
      count(*) as failures,
      count(*) != 0 as should_warn,
      count(*) != 0 as should_error
    from (
      
    
  
    
    

select
    product_id as unique_field,
    count(*) as n_records

from "dev"."main"."stg_products"
where product_id is not null
group by product_id
having count(*) > 1



  
  
      
    ) dbt_internal_test
[0m13:35:42.735517 [debug] [Thread-2 (]: SQL status: OK in 0.001 seconds
[0m13:35:42.736019 [debug] [Thread-2 (]: On test.data_pipeline_example.unique_stg_products_product_id.7d950a1467: ROLLBACK
[0m13:35:42.736306 [debug] [Thread-2 (]: Failed to rollback 'test.data_pipeline_example.unique_stg_products_product_id.7d950a1467'
[0m13:35:42.736402 [debug] [Thread-2 (]: On test.data_pipeline_example.unique_stg_products_product_id.7d950a1467: Close
[0m13:35:42.736900 [info ] [Thread-2 (]: 46 of 46 PASS unique_stg_products_product_id ................................... [[32mPASS[0m in 0.01s]
[0m13:35:42.737095 [debug] [Thread-2 (]: Finished running node test.data_pipeline_example.unique_stg_products_product_id.7d950a1467
[0m13:35:42.737583 [debug] [MainThread]: Using duckdb connection "master"
[0m13:35:42.737682 [debug] [MainThread]: On master: BEGIN
[0m13:35:42.737760 [debug] [MainThread]: Opening a new connection, currently in state closed
[0m13:35:42.741325 [debug] [MainThread]: SQL status: OK in 0.004 seconds
[0m13:35:42.741427 [debug] [MainThread]: On master: COMMIT
[0m13:35:42.741512 [debug] [MainThread]: Using duckdb connection "master"
[0m13:35:42.741591 [debug] [MainThread]: On master: COMMIT
[0m13:35:42.741727 [debug] [MainThread]: SQL status: OK in 0.000 seconds
[0m13:35:42.741831 [debug] [MainThread]: On master: Close
[0m13:35:42.742216 [debug] [MainThread]: Connection 'master' was properly closed.
[0m13:35:42.742307 [debug] [MainThread]: Connection 'test.data_pipeline_example.unique_stg_orders_order_id.e3b841c71a' was properly closed.
[0m13:35:42.742381 [debug] [MainThread]: Connection 'test.data_pipeline_example.unique_stg_products_product_id.7d950a1467' was properly closed.
[0m13:35:42.742452 [debug] [MainThread]: Connection 'test.data_pipeline_example.unique_fact_orders_order_id.93a68b4064' was properly closed.
[0m13:35:42.742521 [debug] [MainThread]: Connection 'test.data_pipeline_example.unique_stg_customers_customer_id.c7614daada' was properly closed.
[0m13:35:42.742628 [info ] [MainThread]: 
[0m13:35:42.742734 [info ] [MainThread]: Finished running 46 data tests in 0 hours 0 minutes and 0.36 seconds (0.36s).
[0m13:35:42.744419 [debug] [MainThread]: Command end result
[0m13:35:42.757114 [info ] [MainThread]: 
[0m13:35:42.757263 [info ] [MainThread]: [31mCompleted with 1 error and 0 warnings:[0m
[0m13:35:42.757372 [info ] [MainThread]: 
[0m13:35:42.757501 [error] [MainThread]:   Compilation Error in test dbt_utils_expression_is_true_fact_orders_count_0 (models/marts/schema.yml)
  'dbt_utils' is undefined. This can happen when calling a macro that does not exist. Check for typos and/or install package dependencies with "dbt deps".
[0m13:35:42.757608 [info ] [MainThread]: 
[0m13:35:42.757714 [info ] [MainThread]: Done. PASS=45 WARN=0 ERROR=1 SKIP=0 TOTAL=46
[0m13:35:42.759141 [debug] [MainThread]: Resource report: {"command_name": "test", "command_success": false, "command_wall_clock_time": 0.68613565, "process_in_blocks": "0", "process_kernel_time": 0.168922, "process_mem_max_rss": "156024832", "process_out_blocks": "0", "process_user_time": 0.975725}
[0m13:35:42.759302 [debug] [MainThread]: Command `dbt test` failed at 13:35:42.759270 after 0.69 seconds
[0m13:35:42.759432 [debug] [MainThread]: Sending event: {'category': 'dbt', 'action': 'invocation', 'label': 'end', 'context': [<snowplow_tracker.self_describing_json.SelfDescribingJson object at 0x10475ac60>, <snowplow_tracker.self_describing_json.SelfDescribingJson object at 0x10cbc6db0>, <snowplow_tracker.self_describing_json.SelfDescribingJson object at 0x10dcdfe60>]}
[0m13:35:42.759549 [debug] [MainThread]: Flushing usage events
[0m13:46:07.996527 [debug] [MainThread]: Sending event: {'category': 'dbt', 'action': 'invocation', 'label': 'start', 'context': [<snowplow_tracker.self_describing_json.SelfDescribingJson object at 0x10b4a66f0>, <snowplow_tracker.self_describing_json.SelfDescribingJson object at 0x10b8dc1d0>, <snowplow_tracker.self_describing_json.SelfDescribingJson object at 0x10b9f5eb0>]}


============================== 13:46:07.999643 | b7e1180e-f658-484a-8bf0-4f2b7a31293b ==============================
[0m13:46:07.999643 [info ] [MainThread]: Running with dbt=1.8.9
[0m13:46:07.999907 [debug] [MainThread]: running dbt with arguments {'printer_width': '80', 'indirect_selection': 'eager', 'write_json': 'True', 'log_cache_events': 'False', 'partial_parse': 'True', 'cache_selected_only': 'False', 'warn_error': 'None', 'version_check': 'True', 'profiles_dir': '/Users/mbarrio/dev/data-template/examples/data-pipeline-example', 'log_path': '/Users/mbarrio/dev/data-template/examples/data-pipeline-example/logs', 'fail_fast': 'False', 'debug': 'False', 'use_colors': 'True', 'use_experimental_parser': 'False', 'empty': 'None', 'quiet': 'False', 'no_print': 'None', 'log_format': 'default', 'introspect': 'True', 'static_parser': 'True', 'invocation_command': 'dbt deps', 'target_path': 'None', 'warn_error_options': 'WarnErrorOptions(include=[], exclude=[])', 'send_anonymous_usage_stats': 'True'}
[0m13:46:08.040904 [debug] [MainThread]: Sending event: {'category': 'dbt', 'action': 'project_id', 'label': 'b7e1180e-f658-484a-8bf0-4f2b7a31293b', 'context': [<snowplow_tracker.self_describing_json.SelfDescribingJson object at 0x10af23530>]}
[0m13:46:08.053042 [debug] [MainThread]: Set downloads directory='/var/folders/zj/5_rfcm994zd9xhsdxt5yzc_80000gp/T/dbt-downloads-9u3bz7yb'
[0m13:46:08.053234 [debug] [MainThread]: Making package index registry request: GET https://hub.getdbt.com/api/v1/index.json
[0m13:46:08.134409 [debug] [MainThread]: Response from registry index: GET https://hub.getdbt.com/api/v1/index.json 200
[0m13:46:08.134981 [debug] [MainThread]: Making package registry request: GET https://hub.getdbt.com/api/v1/dbt-labs/dbt_utils.json
[0m13:46:08.173437 [debug] [MainThread]: Response from registry: GET https://hub.getdbt.com/api/v1/dbt-labs/dbt_utils.json 200
[0m13:46:08.180502 [info ] [MainThread]: Updating lock file in file path: /Users/mbarrio/dev/data-template/examples/data-pipeline-example/package-lock.yml
[0m13:46:08.181869 [debug] [MainThread]: Set downloads directory='/var/folders/zj/5_rfcm994zd9xhsdxt5yzc_80000gp/T/dbt-downloads-rnega2x0'
[0m13:46:08.183534 [info ] [MainThread]: Installing dbt-labs/dbt_utils
[0m13:46:08.465490 [info ] [MainThread]: Installed from version 1.3.0
[0m13:46:08.465683 [info ] [MainThread]: Updated version available: 1.4.0
[0m13:46:08.465824 [debug] [MainThread]: Sending event: {'category': 'dbt', 'action': 'package', 'label': 'b7e1180e-f658-484a-8bf0-4f2b7a31293b', 'property_': 'install', 'context': [<snowplow_tracker.self_describing_json.SelfDescribingJson object at 0x10b9da720>, <snowplow_tracker.self_describing_json.SelfDescribingJson object at 0x10b9d8f80>]}
[0m13:46:08.465971 [info ] [MainThread]: 
[0m13:46:08.466084 [info ] [MainThread]: Updates available for packages: ['dbt-labs/dbt_utils']                 
Update your versions in packages.yml, then run dbt deps
[0m13:46:08.468214 [debug] [MainThread]: Resource report: {"command_name": "deps", "command_success": true, "command_wall_clock_time": 0.5287555, "process_in_blocks": "0", "process_kernel_time": 0.171952, "process_mem_max_rss": "114950144", "process_out_blocks": "0", "process_user_time": 0.526973}
[0m13:46:08.468432 [debug] [MainThread]: Command `dbt deps` succeeded at 13:46:08.468390 after 0.53 seconds
[0m13:46:08.468582 [debug] [MainThread]: Sending event: {'category': 'dbt', 'action': 'invocation', 'label': 'end', 'context': [<snowplow_tracker.self_describing_json.SelfDescribingJson object at 0x102a8ec60>, <snowplow_tracker.self_describing_json.SelfDescribingJson object at 0x10b16d010>, <snowplow_tracker.self_describing_json.SelfDescribingJson object at 0x10b5a80b0>]}
[0m13:46:08.468711 [debug] [MainThread]: Flushing usage events
[0m13:46:09.813856 [debug] [MainThread]: Sending event: {'category': 'dbt', 'action': 'invocation', 'label': 'start', 'context': [<snowplow_tracker.self_describing_json.SelfDescribingJson object at 0x10cbc3fe0>, <snowplow_tracker.self_describing_json.SelfDescribingJson object at 0x10d94e8a0>, <snowplow_tracker.self_describing_json.SelfDescribingJson object at 0x10d94e630>]}


============================== 13:46:09.816461 | 5a42b8cd-41a0-4e61-8834-a195261c9cad ==============================
[0m13:46:09.816461 [info ] [MainThread]: Running with dbt=1.8.9
[0m13:46:09.816712 [debug] [MainThread]: running dbt with arguments {'printer_width': '80', 'indirect_selection': 'eager', 'write_json': 'True', 'log_cache_events': 'False', 'partial_parse': 'True', 'cache_selected_only': 'False', 'warn_error': 'None', 'debug': 'False', 'profiles_dir': '/Users/mbarrio/dev/data-template/examples/data-pipeline-example', 'log_path': '/Users/mbarrio/dev/data-template/examples/data-pipeline-example/logs', 'fail_fast': 'False', 'version_check': 'True', 'use_colors': 'True', 'use_experimental_parser': 'False', 'no_print': 'None', 'quiet': 'False', 'empty': 'None', 'log_format': 'default', 'invocation_command': 'dbt test', 'static_parser': 'True', 'warn_error_options': 'WarnErrorOptions(include=[], exclude=[])', 'target_path': 'None', 'introspect': 'True', 'send_anonymous_usage_stats': 'True'}
[0m13:46:09.945571 [debug] [MainThread]: Sending event: {'category': 'dbt', 'action': 'project_id', 'label': '5a42b8cd-41a0-4e61-8834-a195261c9cad', 'context': [<snowplow_tracker.self_describing_json.SelfDescribingJson object at 0x10bbcfd70>]}
[0m13:46:09.961176 [debug] [MainThread]: Sending event: {'category': 'dbt', 'action': 'adapter_info', 'label': '5a42b8cd-41a0-4e61-8834-a195261c9cad', 'context': [<snowplow_tracker.self_describing_json.SelfDescribingJson object at 0x10d0beb40>]}
[0m13:46:09.962885 [info ] [MainThread]: Registered adapter: duckdb=1.8.4
[0m13:46:10.008998 [debug] [MainThread]: checksum: 132857a23e9d07220246854f7763165174ce9b737cfc7867629ace4294e520b1, vars: {}, profile: , target: , version: 1.8.9
[0m13:46:10.041754 [info ] [MainThread]: Unable to do partial parsing because a project dependency has been added
[0m13:46:10.041962 [debug] [MainThread]: Sending event: {'category': 'dbt', 'action': 'partial_parser', 'label': '5a42b8cd-41a0-4e61-8834-a195261c9cad', 'context': [<snowplow_tracker.self_describing_json.SelfDescribingJson object at 0x10d041790>]}
[0m13:46:10.465137 [warn ] [MainThread]: [[33mWARNING[0m]: Deprecated functionality
The `tests` config has been renamed to `data_tests`. Please see
https://docs.getdbt.com/docs/build/data-tests#new-data_tests-syntax for more
information.
[0m13:46:10.465374 [debug] [MainThread]: Sending event: {'category': 'dbt', 'action': 'deprecation', 'label': '5a42b8cd-41a0-4e61-8834-a195261c9cad', 'property_': 'warn', 'context': [<snowplow_tracker.self_describing_json.SelfDescribingJson object at 0x10e03fd40>]}
[0m13:46:10.552471 [debug] [MainThread]: Sending event: {'category': 'dbt', 'action': 'load_project', 'label': '5a42b8cd-41a0-4e61-8834-a195261c9cad', 'context': [<snowplow_tracker.self_describing_json.SelfDescribingJson object at 0x10de63680>]}
[0m13:46:10.597017 [debug] [MainThread]: Sending event: {'category': 'dbt', 'action': 'resource_counts', 'label': '5a42b8cd-41a0-4e61-8834-a195261c9cad', 'context': [<snowplow_tracker.self_describing_json.SelfDescribingJson object at 0x10e191c40>]}
[0m13:46:10.597211 [info ] [MainThread]: Found 5 models, 46 data tests, 3 seeds, 542 macros
[0m13:46:10.597334 [debug] [MainThread]: Sending event: {'category': 'dbt', 'action': 'runnable_timing', 'label': '5a42b8cd-41a0-4e61-8834-a195261c9cad', 'context': [<snowplow_tracker.self_describing_json.SelfDescribingJson object at 0x10ddf5970>]}
[0m13:46:10.598577 [info ] [MainThread]: 
[0m13:46:10.598779 [debug] [MainThread]: Acquiring new duckdb connection 'master'
[0m13:46:10.600503 [debug] [ThreadPool]: Acquiring new duckdb connection 'list_dev_main'
[0m13:46:10.651310 [debug] [ThreadPool]: Using duckdb connection "list_dev_main"
[0m13:46:10.651473 [debug] [ThreadPool]: On list_dev_main: BEGIN
[0m13:46:10.651570 [debug] [ThreadPool]: Opening a new connection, currently in state init
[0m13:46:10.659335 [debug] [ThreadPool]: SQL status: OK in 0.008 seconds
[0m13:46:10.659474 [debug] [ThreadPool]: Using duckdb connection "list_dev_main"
[0m13:46:10.659583 [debug] [ThreadPool]: On list_dev_main: /* {"app": "dbt", "dbt_version": "1.8.9", "profile_name": "data_pipeline_example", "target_name": "dev", "connection_name": "list_dev_main"} */
select
      'dev' as database,
      table_name as name,
      table_schema as schema,
      CASE table_type
        WHEN 'BASE TABLE' THEN 'table'
        WHEN 'VIEW' THEN 'view'
        WHEN 'LOCAL TEMPORARY' THEN 'table'
        END as type
    from system.information_schema.tables
    where table_schema = 'main'
    and table_catalog = 'dev'
  
[0m13:46:10.664655 [debug] [ThreadPool]: SQL status: OK in 0.005 seconds
[0m13:46:10.665230 [debug] [ThreadPool]: On list_dev_main: ROLLBACK
[0m13:46:10.665938 [debug] [ThreadPool]: Failed to rollback 'list_dev_main'
[0m13:46:10.666050 [debug] [ThreadPool]: On list_dev_main: Close
[0m13:46:10.667296 [debug] [MainThread]: Sending event: {'category': 'dbt', 'action': 'runnable_timing', 'label': '5a42b8cd-41a0-4e61-8834-a195261c9cad', 'context': [<snowplow_tracker.self_describing_json.SelfDescribingJson object at 0x10e191460>]}
[0m13:46:10.667446 [debug] [MainThread]: Using duckdb connection "master"
[0m13:46:10.667534 [debug] [MainThread]: On master: BEGIN
[0m13:46:10.667615 [debug] [MainThread]: Opening a new connection, currently in state init
[0m13:46:10.671225 [debug] [MainThread]: SQL status: OK in 0.004 seconds
[0m13:46:10.671347 [debug] [MainThread]: On master: COMMIT
[0m13:46:10.671447 [debug] [MainThread]: Using duckdb connection "master"
[0m13:46:10.671537 [debug] [MainThread]: On master: COMMIT
[0m13:46:10.671668 [debug] [MainThread]: SQL status: OK in 0.000 seconds
[0m13:46:10.671762 [debug] [MainThread]: On master: Close
[0m13:46:10.672213 [info ] [MainThread]: Concurrency: 4 threads (target='dev')
[0m13:46:10.672347 [info ] [MainThread]: 
[0m13:46:10.673582 [debug] [Thread-1 (]: Began running node test.data_pipeline_example.accepted_values_dim_customers_country__US__UK__CA__DE__FR__AU.75261bc7e7
[0m13:46:10.673737 [debug] [Thread-2 (]: Began running node test.data_pipeline_example.accepted_values_dim_customers_segment__enterprise__smb__startup.fd3e4d32ce
[0m13:46:10.674047 [debug] [Thread-3 (]: Began running node test.data_pipeline_example.accepted_values_fact_orders_product_category__software__service__hardware.6763e2e805
[0m13:46:10.674189 [debug] [Thread-4 (]: Began running node test.data_pipeline_example.accepted_values_fact_orders_status__pending__shipped__delivered.05a019011d
[0m13:46:10.673935 [info ] [Thread-1 (]: 1 of 46 START test accepted_values_dim_customers_country__US__UK__CA__DE__FR__AU  [RUN]
[0m13:46:10.674360 [info ] [Thread-2 (]: 2 of 46 START test accepted_values_dim_customers_segment__enterprise__smb__startup  [RUN]
[0m13:46:10.674531 [info ] [Thread-3 (]: 3 of 46 START test accepted_values_fact_orders_product_category__software__service__hardware  [RUN]
[0m13:46:10.674657 [info ] [Thread-4 (]: 4 of 46 START test accepted_values_fact_orders_status__pending__shipped__delivered  [RUN]
[0m13:46:10.674819 [debug] [Thread-1 (]: Re-using an available connection from the pool (formerly list_dev_main, now test.data_pipeline_example.accepted_values_dim_customers_country__US__UK__CA__DE__FR__AU.75261bc7e7)
[0m13:46:10.675002 [debug] [Thread-2 (]: Acquiring new duckdb connection 'test.data_pipeline_example.accepted_values_dim_customers_segment__enterprise__smb__startup.fd3e4d32ce'
[0m13:46:10.675178 [debug] [Thread-3 (]: Acquiring new duckdb connection 'test.data_pipeline_example.accepted_values_fact_orders_product_category__software__service__hardware.6763e2e805'
[0m13:46:10.675327 [debug] [Thread-4 (]: Acquiring new duckdb connection 'test.data_pipeline_example.accepted_values_fact_orders_status__pending__shipped__delivered.05a019011d'
[0m13:46:10.675447 [debug] [Thread-1 (]: Began compiling node test.data_pipeline_example.accepted_values_dim_customers_country__US__UK__CA__DE__FR__AU.75261bc7e7
[0m13:46:10.675566 [debug] [Thread-2 (]: Began compiling node test.data_pipeline_example.accepted_values_dim_customers_segment__enterprise__smb__startup.fd3e4d32ce
[0m13:46:10.675683 [debug] [Thread-3 (]: Began compiling node test.data_pipeline_example.accepted_values_fact_orders_product_category__software__service__hardware.6763e2e805
[0m13:46:10.675796 [debug] [Thread-4 (]: Began compiling node test.data_pipeline_example.accepted_values_fact_orders_status__pending__shipped__delivered.05a019011d
[0m13:46:10.678784 [debug] [Thread-1 (]: Writing injected SQL for node "test.data_pipeline_example.accepted_values_dim_customers_country__US__UK__CA__DE__FR__AU.75261bc7e7"
[0m13:46:10.680052 [debug] [Thread-2 (]: Writing injected SQL for node "test.data_pipeline_example.accepted_values_dim_customers_segment__enterprise__smb__startup.fd3e4d32ce"
[0m13:46:10.681281 [debug] [Thread-3 (]: Writing injected SQL for node "test.data_pipeline_example.accepted_values_fact_orders_product_category__software__service__hardware.6763e2e805"
[0m13:46:10.682392 [debug] [Thread-4 (]: Writing injected SQL for node "test.data_pipeline_example.accepted_values_fact_orders_status__pending__shipped__delivered.05a019011d"
[0m13:46:10.682939 [debug] [Thread-3 (]: Began executing node test.data_pipeline_example.accepted_values_fact_orders_product_category__software__service__hardware.6763e2e805
[0m13:46:10.683071 [debug] [Thread-4 (]: Began executing node test.data_pipeline_example.accepted_values_fact_orders_status__pending__shipped__delivered.05a019011d
[0m13:46:10.683177 [debug] [Thread-2 (]: Began executing node test.data_pipeline_example.accepted_values_dim_customers_segment__enterprise__smb__startup.fd3e4d32ce
[0m13:46:10.683268 [debug] [Thread-1 (]: Began executing node test.data_pipeline_example.accepted_values_dim_customers_country__US__UK__CA__DE__FR__AU.75261bc7e7
[0m13:46:10.689763 [debug] [Thread-3 (]: Writing runtime sql for node "test.data_pipeline_example.accepted_values_fact_orders_product_category__software__service__hardware.6763e2e805"
[0m13:46:10.690535 [debug] [Thread-4 (]: Writing runtime sql for node "test.data_pipeline_example.accepted_values_fact_orders_status__pending__shipped__delivered.05a019011d"
[0m13:46:10.691227 [debug] [Thread-2 (]: Writing runtime sql for node "test.data_pipeline_example.accepted_values_dim_customers_segment__enterprise__smb__startup.fd3e4d32ce"
[0m13:46:10.691884 [debug] [Thread-1 (]: Writing runtime sql for node "test.data_pipeline_example.accepted_values_dim_customers_country__US__UK__CA__DE__FR__AU.75261bc7e7"
[0m13:46:10.692266 [debug] [Thread-4 (]: Using duckdb connection "test.data_pipeline_example.accepted_values_fact_orders_status__pending__shipped__delivered.05a019011d"
[0m13:46:10.692395 [debug] [Thread-4 (]: On test.data_pipeline_example.accepted_values_fact_orders_status__pending__shipped__delivered.05a019011d: BEGIN
[0m13:46:10.692507 [debug] [Thread-4 (]: Opening a new connection, currently in state init
[0m13:46:10.692643 [debug] [Thread-2 (]: Using duckdb connection "test.data_pipeline_example.accepted_values_dim_customers_segment__enterprise__smb__startup.fd3e4d32ce"
[0m13:46:10.692784 [debug] [Thread-1 (]: Using duckdb connection "test.data_pipeline_example.accepted_values_dim_customers_country__US__UK__CA__DE__FR__AU.75261bc7e7"
[0m13:46:10.692962 [debug] [Thread-2 (]: On test.data_pipeline_example.accepted_values_dim_customers_segment__enterprise__smb__startup.fd3e4d32ce: BEGIN
[0m13:46:10.693089 [debug] [Thread-3 (]: Using duckdb connection "test.data_pipeline_example.accepted_values_fact_orders_product_category__software__service__hardware.6763e2e805"
[0m13:46:10.693203 [debug] [Thread-1 (]: On test.data_pipeline_example.accepted_values_dim_customers_country__US__UK__CA__DE__FR__AU.75261bc7e7: BEGIN
[0m13:46:10.693320 [debug] [Thread-2 (]: Opening a new connection, currently in state init
[0m13:46:10.693431 [debug] [Thread-3 (]: On test.data_pipeline_example.accepted_values_fact_orders_product_category__software__service__hardware.6763e2e805: BEGIN
[0m13:46:10.693538 [debug] [Thread-1 (]: Opening a new connection, currently in state closed
[0m13:46:10.693652 [debug] [Thread-3 (]: Opening a new connection, currently in state init
[0m13:46:10.696873 [debug] [Thread-4 (]: SQL status: OK in 0.004 seconds
[0m13:46:10.697016 [debug] [Thread-1 (]: SQL status: OK in 0.003 seconds
[0m13:46:10.697124 [debug] [Thread-2 (]: SQL status: OK in 0.004 seconds
[0m13:46:10.697232 [debug] [Thread-4 (]: Using duckdb connection "test.data_pipeline_example.accepted_values_fact_orders_status__pending__shipped__delivered.05a019011d"
[0m13:46:10.697343 [debug] [Thread-3 (]: SQL status: OK in 0.004 seconds
[0m13:46:10.697456 [debug] [Thread-1 (]: Using duckdb connection "test.data_pipeline_example.accepted_values_dim_customers_country__US__UK__CA__DE__FR__AU.75261bc7e7"
[0m13:46:10.697556 [debug] [Thread-2 (]: Using duckdb connection "test.data_pipeline_example.accepted_values_dim_customers_segment__enterprise__smb__startup.fd3e4d32ce"
[0m13:46:10.697664 [debug] [Thread-4 (]: On test.data_pipeline_example.accepted_values_fact_orders_status__pending__shipped__delivered.05a019011d: /* {"app": "dbt", "dbt_version": "1.8.9", "profile_name": "data_pipeline_example", "target_name": "dev", "node_id": "test.data_pipeline_example.accepted_values_fact_orders_status__pending__shipped__delivered.05a019011d"} */

    select
      count(*) as failures,
      count(*) != 0 as should_warn,
      count(*) != 0 as should_error
    from (
      
    
  
    
    

with all_values as (

    select
        status as value_field,
        count(*) as n_records

    from "dev"."main"."fact_orders"
    group by status

)

select *
from all_values
where value_field not in (
    'pending','shipped','delivered'
)



  
  
      
    ) dbt_internal_test
[0m13:46:10.697771 [debug] [Thread-3 (]: Using duckdb connection "test.data_pipeline_example.accepted_values_fact_orders_product_category__software__service__hardware.6763e2e805"
[0m13:46:10.697886 [debug] [Thread-1 (]: On test.data_pipeline_example.accepted_values_dim_customers_country__US__UK__CA__DE__FR__AU.75261bc7e7: /* {"app": "dbt", "dbt_version": "1.8.9", "profile_name": "data_pipeline_example", "target_name": "dev", "node_id": "test.data_pipeline_example.accepted_values_dim_customers_country__US__UK__CA__DE__FR__AU.75261bc7e7"} */

    select
      count(*) as failures,
      count(*) != 0 as should_warn,
      count(*) != 0 as should_error
    from (
      
    
  
    
    

with all_values as (

    select
        country as value_field,
        count(*) as n_records

    from "dev"."main"."dim_customers"
    group by country

)

select *
from all_values
where value_field not in (
    'US','UK','CA','DE','FR','AU'
)



  
  
      
    ) dbt_internal_test
[0m13:46:10.698019 [debug] [Thread-2 (]: On test.data_pipeline_example.accepted_values_dim_customers_segment__enterprise__smb__startup.fd3e4d32ce: /* {"app": "dbt", "dbt_version": "1.8.9", "profile_name": "data_pipeline_example", "target_name": "dev", "node_id": "test.data_pipeline_example.accepted_values_dim_customers_segment__enterprise__smb__startup.fd3e4d32ce"} */

    select
      count(*) as failures,
      count(*) != 0 as should_warn,
      count(*) != 0 as should_error
    from (
      
    
  
    
    

with all_values as (

    select
        segment as value_field,
        count(*) as n_records

    from "dev"."main"."dim_customers"
    group by segment

)

select *
from all_values
where value_field not in (
    'enterprise','smb','startup'
)



  
  
      
    ) dbt_internal_test
[0m13:46:10.698196 [debug] [Thread-3 (]: On test.data_pipeline_example.accepted_values_fact_orders_product_category__software__service__hardware.6763e2e805: /* {"app": "dbt", "dbt_version": "1.8.9", "profile_name": "data_pipeline_example", "target_name": "dev", "node_id": "test.data_pipeline_example.accepted_values_fact_orders_product_category__software__service__hardware.6763e2e805"} */

    select
      count(*) as failures,
      count(*) != 0 as should_warn,
      count(*) != 0 as should_error
    from (
      
    
  
    
    

with all_values as (

    select
        product_category as value_field,
        count(*) as n_records

    from "dev"."main"."fact_orders"
    group by product_category

)

select *
from all_values
where value_field not in (
    'software','service','hardware'
)



  
  
      
    ) dbt_internal_test
[0m13:46:10.700777 [debug] [Thread-4 (]: SQL status: OK in 0.003 seconds
[0m13:46:10.700937 [debug] [Thread-2 (]: SQL status: OK in 0.003 seconds
[0m13:46:10.701062 [debug] [Thread-3 (]: SQL status: OK in 0.003 seconds
[0m13:46:10.701209 [debug] [Thread-1 (]: SQL status: OK in 0.003 seconds
[0m13:46:10.702645 [debug] [Thread-4 (]: On test.data_pipeline_example.accepted_values_fact_orders_status__pending__shipped__delivered.05a019011d: ROLLBACK
[0m13:46:10.703126 [debug] [Thread-3 (]: On test.data_pipeline_example.accepted_values_fact_orders_product_category__software__service__hardware.6763e2e805: ROLLBACK
[0m13:46:10.703601 [debug] [Thread-2 (]: On test.data_pipeline_example.accepted_values_dim_customers_segment__enterprise__smb__startup.fd3e4d32ce: ROLLBACK
[0m13:46:10.704039 [debug] [Thread-1 (]: On test.data_pipeline_example.accepted_values_dim_customers_country__US__UK__CA__DE__FR__AU.75261bc7e7: ROLLBACK
[0m13:46:10.704354 [debug] [Thread-4 (]: Failed to rollback 'test.data_pipeline_example.accepted_values_fact_orders_status__pending__shipped__delivered.05a019011d'
[0m13:46:10.704656 [debug] [Thread-3 (]: Failed to rollback 'test.data_pipeline_example.accepted_values_fact_orders_product_category__software__service__hardware.6763e2e805'
[0m13:46:10.704947 [debug] [Thread-2 (]: Failed to rollback 'test.data_pipeline_example.accepted_values_dim_customers_segment__enterprise__smb__startup.fd3e4d32ce'
[0m13:46:10.705226 [debug] [Thread-1 (]: Failed to rollback 'test.data_pipeline_example.accepted_values_dim_customers_country__US__UK__CA__DE__FR__AU.75261bc7e7'
[0m13:46:10.705334 [debug] [Thread-4 (]: On test.data_pipeline_example.accepted_values_fact_orders_status__pending__shipped__delivered.05a019011d: Close
[0m13:46:10.705450 [debug] [Thread-3 (]: On test.data_pipeline_example.accepted_values_fact_orders_product_category__software__service__hardware.6763e2e805: Close
[0m13:46:10.705565 [debug] [Thread-2 (]: On test.data_pipeline_example.accepted_values_dim_customers_segment__enterprise__smb__startup.fd3e4d32ce: Close
[0m13:46:10.705662 [debug] [Thread-1 (]: On test.data_pipeline_example.accepted_values_dim_customers_country__US__UK__CA__DE__FR__AU.75261bc7e7: Close
[0m13:46:10.705863 [info ] [Thread-4 (]: 4 of 46 PASS accepted_values_fact_orders_status__pending__shipped__delivered ... [[32mPASS[0m in 0.03s]
[0m13:46:10.706071 [info ] [Thread-3 (]: 3 of 46 PASS accepted_values_fact_orders_product_category__software__service__hardware  [[32mPASS[0m in 0.03s]
[0m13:46:10.706273 [info ] [Thread-2 (]: 2 of 46 PASS accepted_values_dim_customers_segment__enterprise__smb__startup ... [[32mPASS[0m in 0.03s]
[0m13:46:10.706484 [debug] [Thread-4 (]: Finished running node test.data_pipeline_example.accepted_values_fact_orders_status__pending__shipped__delivered.05a019011d
[0m13:46:10.706660 [debug] [Thread-3 (]: Finished running node test.data_pipeline_example.accepted_values_fact_orders_product_category__software__service__hardware.6763e2e805
[0m13:46:10.706967 [debug] [Thread-2 (]: Finished running node test.data_pipeline_example.accepted_values_dim_customers_segment__enterprise__smb__startup.fd3e4d32ce
[0m13:46:10.706825 [info ] [Thread-1 (]: 1 of 46 PASS accepted_values_dim_customers_country__US__UK__CA__DE__FR__AU ..... [[32mPASS[0m in 0.03s]
[0m13:46:10.707161 [debug] [Thread-4 (]: Began running node test.data_pipeline_example.accepted_values_stg_customers_country__US__UK__CA__DE__FR__AU.f367ea8362
[0m13:46:10.707326 [debug] [Thread-3 (]: Began running node test.data_pipeline_example.accepted_values_stg_customers_segment__enterprise__smb__startup.aa95e7d18f
[0m13:46:10.707476 [debug] [Thread-2 (]: Began running node test.data_pipeline_example.accepted_values_stg_orders_status__pending__shipped__delivered__cancelled.f082775750
[0m13:46:10.707657 [debug] [Thread-1 (]: Finished running node test.data_pipeline_example.accepted_values_dim_customers_country__US__UK__CA__DE__FR__AU.75261bc7e7
[0m13:46:10.707783 [info ] [Thread-4 (]: 5 of 46 START test accepted_values_stg_customers_country__US__UK__CA__DE__FR__AU  [RUN]
[0m13:46:10.707927 [info ] [Thread-3 (]: 6 of 46 START test accepted_values_stg_customers_segment__enterprise__smb__startup  [RUN]
[0m13:46:10.708062 [info ] [Thread-2 (]: 7 of 46 START test accepted_values_stg_orders_status__pending__shipped__delivered__cancelled  [RUN]
[0m13:46:10.708200 [debug] [Thread-1 (]: Began running node test.data_pipeline_example.accepted_values_stg_products_category__software__service__hardware.22b47989a2
[0m13:46:10.708352 [debug] [Thread-4 (]: Re-using an available connection from the pool (formerly test.data_pipeline_example.accepted_values_fact_orders_status__pending__shipped__delivered.05a019011d, now test.data_pipeline_example.accepted_values_stg_customers_country__US__UK__CA__DE__FR__AU.f367ea8362)
[0m13:46:10.708496 [debug] [Thread-3 (]: Re-using an available connection from the pool (formerly test.data_pipeline_example.accepted_values_fact_orders_product_category__software__service__hardware.6763e2e805, now test.data_pipeline_example.accepted_values_stg_customers_segment__enterprise__smb__startup.aa95e7d18f)
[0m13:46:10.708646 [debug] [Thread-2 (]: Re-using an available connection from the pool (formerly test.data_pipeline_example.accepted_values_dim_customers_segment__enterprise__smb__startup.fd3e4d32ce, now test.data_pipeline_example.accepted_values_stg_orders_status__pending__shipped__delivered__cancelled.f082775750)
[0m13:46:10.708776 [info ] [Thread-1 (]: 8 of 46 START test accepted_values_stg_products_category__software__service__hardware  [RUN]
[0m13:46:10.708906 [debug] [Thread-4 (]: Began compiling node test.data_pipeline_example.accepted_values_stg_customers_country__US__UK__CA__DE__FR__AU.f367ea8362
[0m13:46:10.709021 [debug] [Thread-3 (]: Began compiling node test.data_pipeline_example.accepted_values_stg_customers_segment__enterprise__smb__startup.aa95e7d18f
[0m13:46:10.709126 [debug] [Thread-2 (]: Began compiling node test.data_pipeline_example.accepted_values_stg_orders_status__pending__shipped__delivered__cancelled.f082775750
[0m13:46:10.709239 [debug] [Thread-1 (]: Re-using an available connection from the pool (formerly test.data_pipeline_example.accepted_values_dim_customers_country__US__UK__CA__DE__FR__AU.75261bc7e7, now test.data_pipeline_example.accepted_values_stg_products_category__software__service__hardware.22b47989a2)
[0m13:46:10.710715 [debug] [Thread-4 (]: Writing injected SQL for node "test.data_pipeline_example.accepted_values_stg_customers_country__US__UK__CA__DE__FR__AU.f367ea8362"
[0m13:46:10.711919 [debug] [Thread-3 (]: Writing injected SQL for node "test.data_pipeline_example.accepted_values_stg_customers_segment__enterprise__smb__startup.aa95e7d18f"
[0m13:46:10.713078 [debug] [Thread-2 (]: Writing injected SQL for node "test.data_pipeline_example.accepted_values_stg_orders_status__pending__shipped__delivered__cancelled.f082775750"
[0m13:46:10.713189 [debug] [Thread-1 (]: Began compiling node test.data_pipeline_example.accepted_values_stg_products_category__software__service__hardware.22b47989a2
[0m13:46:10.714600 [debug] [Thread-1 (]: Writing injected SQL for node "test.data_pipeline_example.accepted_values_stg_products_category__software__service__hardware.22b47989a2"
[0m13:46:10.714841 [debug] [Thread-3 (]: Began executing node test.data_pipeline_example.accepted_values_stg_customers_segment__enterprise__smb__startup.aa95e7d18f
[0m13:46:10.714963 [debug] [Thread-4 (]: Began executing node test.data_pipeline_example.accepted_values_stg_customers_country__US__UK__CA__DE__FR__AU.f367ea8362
[0m13:46:10.715723 [debug] [Thread-3 (]: Writing runtime sql for node "test.data_pipeline_example.accepted_values_stg_customers_segment__enterprise__smb__startup.aa95e7d18f"
[0m13:46:10.715825 [debug] [Thread-2 (]: Began executing node test.data_pipeline_example.accepted_values_stg_orders_status__pending__shipped__delivered__cancelled.f082775750
[0m13:46:10.716526 [debug] [Thread-4 (]: Writing runtime sql for node "test.data_pipeline_example.accepted_values_stg_customers_country__US__UK__CA__DE__FR__AU.f367ea8362"
[0m13:46:10.716683 [debug] [Thread-1 (]: Began executing node test.data_pipeline_example.accepted_values_stg_products_category__software__service__hardware.22b47989a2
[0m13:46:10.717440 [debug] [Thread-2 (]: Writing runtime sql for node "test.data_pipeline_example.accepted_values_stg_orders_status__pending__shipped__delivered__cancelled.f082775750"
[0m13:46:10.718722 [debug] [Thread-1 (]: Writing runtime sql for node "test.data_pipeline_example.accepted_values_stg_products_category__software__service__hardware.22b47989a2"
[0m13:46:10.718851 [debug] [Thread-3 (]: Using duckdb connection "test.data_pipeline_example.accepted_values_stg_customers_segment__enterprise__smb__startup.aa95e7d18f"
[0m13:46:10.719041 [debug] [Thread-4 (]: Using duckdb connection "test.data_pipeline_example.accepted_values_stg_customers_country__US__UK__CA__DE__FR__AU.f367ea8362"
[0m13:46:10.740688 [debug] [Thread-3 (]: On test.data_pipeline_example.accepted_values_stg_customers_segment__enterprise__smb__startup.aa95e7d18f: BEGIN
[0m13:46:10.740880 [debug] [Thread-4 (]: On test.data_pipeline_example.accepted_values_stg_customers_country__US__UK__CA__DE__FR__AU.f367ea8362: BEGIN
[0m13:46:10.741034 [debug] [Thread-3 (]: Opening a new connection, currently in state closed
[0m13:46:10.741187 [debug] [Thread-4 (]: Opening a new connection, currently in state closed
[0m13:46:10.741339 [debug] [Thread-1 (]: Using duckdb connection "test.data_pipeline_example.accepted_values_stg_products_category__software__service__hardware.22b47989a2"
[0m13:46:10.741475 [debug] [Thread-2 (]: Using duckdb connection "test.data_pipeline_example.accepted_values_stg_orders_status__pending__shipped__delivered__cancelled.f082775750"
[0m13:46:10.741684 [debug] [Thread-1 (]: On test.data_pipeline_example.accepted_values_stg_products_category__software__service__hardware.22b47989a2: BEGIN
[0m13:46:10.741817 [debug] [Thread-2 (]: On test.data_pipeline_example.accepted_values_stg_orders_status__pending__shipped__delivered__cancelled.f082775750: BEGIN
[0m13:46:10.741951 [debug] [Thread-1 (]: Opening a new connection, currently in state closed
[0m13:46:10.742076 [debug] [Thread-2 (]: Opening a new connection, currently in state closed
[0m13:46:10.745767 [debug] [Thread-3 (]: SQL status: OK in 0.005 seconds
[0m13:46:10.745911 [debug] [Thread-3 (]: Using duckdb connection "test.data_pipeline_example.accepted_values_stg_customers_segment__enterprise__smb__startup.aa95e7d18f"
[0m13:46:10.746050 [debug] [Thread-4 (]: SQL status: OK in 0.005 seconds
[0m13:46:10.746181 [debug] [Thread-2 (]: SQL status: OK in 0.004 seconds
[0m13:46:10.746297 [debug] [Thread-1 (]: SQL status: OK in 0.004 seconds
[0m13:46:10.746419 [debug] [Thread-3 (]: On test.data_pipeline_example.accepted_values_stg_customers_segment__enterprise__smb__startup.aa95e7d18f: /* {"app": "dbt", "dbt_version": "1.8.9", "profile_name": "data_pipeline_example", "target_name": "dev", "node_id": "test.data_pipeline_example.accepted_values_stg_customers_segment__enterprise__smb__startup.aa95e7d18f"} */

    select
      count(*) as failures,
      count(*) != 0 as should_warn,
      count(*) != 0 as should_error
    from (
      
    
  
    
    

with all_values as (

    select
        segment as value_field,
        count(*) as n_records

    from "dev"."main"."stg_customers"
    group by segment

)

select *
from all_values
where value_field not in (
    'enterprise','smb','startup'
)



  
  
      
    ) dbt_internal_test
[0m13:46:10.746562 [debug] [Thread-4 (]: Using duckdb connection "test.data_pipeline_example.accepted_values_stg_customers_country__US__UK__CA__DE__FR__AU.f367ea8362"
[0m13:46:10.746685 [debug] [Thread-2 (]: Using duckdb connection "test.data_pipeline_example.accepted_values_stg_orders_status__pending__shipped__delivered__cancelled.f082775750"
[0m13:46:10.746800 [debug] [Thread-1 (]: Using duckdb connection "test.data_pipeline_example.accepted_values_stg_products_category__software__service__hardware.22b47989a2"
[0m13:46:10.746977 [debug] [Thread-4 (]: On test.data_pipeline_example.accepted_values_stg_customers_country__US__UK__CA__DE__FR__AU.f367ea8362: /* {"app": "dbt", "dbt_version": "1.8.9", "profile_name": "data_pipeline_example", "target_name": "dev", "node_id": "test.data_pipeline_example.accepted_values_stg_customers_country__US__UK__CA__DE__FR__AU.f367ea8362"} */

    select
      count(*) as failures,
      count(*) != 0 as should_warn,
      count(*) != 0 as should_error
    from (
      
    
  
    
    

with all_values as (

    select
        country as value_field,
        count(*) as n_records

    from "dev"."main"."stg_customers"
    group by country

)

select *
from all_values
where value_field not in (
    'US','UK','CA','DE','FR','AU'
)



  
  
      
    ) dbt_internal_test
[0m13:46:10.747115 [debug] [Thread-2 (]: On test.data_pipeline_example.accepted_values_stg_orders_status__pending__shipped__delivered__cancelled.f082775750: /* {"app": "dbt", "dbt_version": "1.8.9", "profile_name": "data_pipeline_example", "target_name": "dev", "node_id": "test.data_pipeline_example.accepted_values_stg_orders_status__pending__shipped__delivered__cancelled.f082775750"} */

    select
      count(*) as failures,
      count(*) != 0 as should_warn,
      count(*) != 0 as should_error
    from (
      
    
  
    
    

with all_values as (

    select
        status as value_field,
        count(*) as n_records

    from "dev"."main"."stg_orders"
    group by status

)

select *
from all_values
where value_field not in (
    'pending','shipped','delivered','cancelled'
)



  
  
      
    ) dbt_internal_test
[0m13:46:10.747259 [debug] [Thread-1 (]: On test.data_pipeline_example.accepted_values_stg_products_category__software__service__hardware.22b47989a2: /* {"app": "dbt", "dbt_version": "1.8.9", "profile_name": "data_pipeline_example", "target_name": "dev", "node_id": "test.data_pipeline_example.accepted_values_stg_products_category__software__service__hardware.22b47989a2"} */

    select
      count(*) as failures,
      count(*) != 0 as should_warn,
      count(*) != 0 as should_error
    from (
      
    
  
    
    

with all_values as (

    select
        category as value_field,
        count(*) as n_records

    from "dev"."main"."stg_products"
    group by category

)

select *
from all_values
where value_field not in (
    'software','service','hardware'
)



  
  
      
    ) dbt_internal_test
[0m13:46:10.747589 [debug] [Thread-3 (]: SQL status: OK in 0.001 seconds
[0m13:46:10.747754 [debug] [Thread-4 (]: SQL status: OK in 0.000 seconds
[0m13:46:10.747920 [debug] [Thread-2 (]: SQL status: OK in 0.000 seconds
[0m13:46:10.748455 [debug] [Thread-3 (]: On test.data_pipeline_example.accepted_values_stg_customers_segment__enterprise__smb__startup.aa95e7d18f: ROLLBACK
[0m13:46:10.748582 [debug] [Thread-1 (]: SQL status: OK in 0.001 seconds
[0m13:46:10.749043 [debug] [Thread-4 (]: On test.data_pipeline_example.accepted_values_stg_customers_country__US__UK__CA__DE__FR__AU.f367ea8362: ROLLBACK
[0m13:46:10.749546 [debug] [Thread-2 (]: On test.data_pipeline_example.accepted_values_stg_orders_status__pending__shipped__delivered__cancelled.f082775750: ROLLBACK
[0m13:46:10.749876 [debug] [Thread-3 (]: Failed to rollback 'test.data_pipeline_example.accepted_values_stg_customers_segment__enterprise__smb__startup.aa95e7d18f'
[0m13:46:10.750286 [debug] [Thread-1 (]: On test.data_pipeline_example.accepted_values_stg_products_category__software__service__hardware.22b47989a2: ROLLBACK
[0m13:46:10.750589 [debug] [Thread-4 (]: Failed to rollback 'test.data_pipeline_example.accepted_values_stg_customers_country__US__UK__CA__DE__FR__AU.f367ea8362'
[0m13:46:10.750879 [debug] [Thread-2 (]: Failed to rollback 'test.data_pipeline_example.accepted_values_stg_orders_status__pending__shipped__delivered__cancelled.f082775750'
[0m13:46:10.750995 [debug] [Thread-3 (]: On test.data_pipeline_example.accepted_values_stg_customers_segment__enterprise__smb__startup.aa95e7d18f: Close
[0m13:46:10.751310 [debug] [Thread-1 (]: Failed to rollback 'test.data_pipeline_example.accepted_values_stg_products_category__software__service__hardware.22b47989a2'
[0m13:46:10.751411 [debug] [Thread-4 (]: On test.data_pipeline_example.accepted_values_stg_customers_country__US__UK__CA__DE__FR__AU.f367ea8362: Close
[0m13:46:10.751516 [debug] [Thread-2 (]: On test.data_pipeline_example.accepted_values_stg_orders_status__pending__shipped__delivered__cancelled.f082775750: Close
[0m13:46:10.751797 [debug] [Thread-1 (]: On test.data_pipeline_example.accepted_values_stg_products_category__software__service__hardware.22b47989a2: Close
[0m13:46:10.751702 [info ] [Thread-3 (]: 6 of 46 PASS accepted_values_stg_customers_segment__enterprise__smb__startup ... [[32mPASS[0m in 0.04s]
[0m13:46:10.752019 [info ] [Thread-4 (]: 5 of 46 PASS accepted_values_stg_customers_country__US__UK__CA__DE__FR__AU ..... [[32mPASS[0m in 0.04s]
[0m13:46:10.752222 [info ] [Thread-2 (]: 7 of 46 PASS accepted_values_stg_orders_status__pending__shipped__delivered__cancelled  [[32mPASS[0m in 0.04s]
[0m13:46:10.752425 [debug] [Thread-3 (]: Finished running node test.data_pipeline_example.accepted_values_stg_customers_segment__enterprise__smb__startup.aa95e7d18f
[0m13:46:10.752595 [debug] [Thread-4 (]: Finished running node test.data_pipeline_example.accepted_values_stg_customers_country__US__UK__CA__DE__FR__AU.f367ea8362
[0m13:46:10.752777 [debug] [Thread-2 (]: Finished running node test.data_pipeline_example.accepted_values_stg_orders_status__pending__shipped__delivered__cancelled.f082775750
[0m13:46:10.753069 [debug] [Thread-3 (]: Began running node test.data_pipeline_example.fact_orders_delivery_after_shipment
[0m13:46:10.752945 [info ] [Thread-1 (]: 8 of 46 PASS accepted_values_stg_products_category__software__service__hardware  [[32mPASS[0m in 0.04s]
[0m13:46:10.753247 [debug] [Thread-4 (]: Began running node test.data_pipeline_example.fact_orders_no_negative_amount
[0m13:46:10.753386 [debug] [Thread-2 (]: Began running node test.data_pipeline_example.fact_orders_not_empty
[0m13:46:10.753520 [info ] [Thread-3 (]: 9 of 46 START test fact_orders_delivery_after_shipment ......................... [RUN]
[0m13:46:10.753691 [debug] [Thread-1 (]: Finished running node test.data_pipeline_example.accepted_values_stg_products_category__software__service__hardware.22b47989a2
[0m13:46:10.753803 [info ] [Thread-4 (]: 10 of 46 START test fact_orders_no_negative_amount ............................. [RUN]
[0m13:46:10.753948 [info ] [Thread-2 (]: 11 of 46 START test fact_orders_not_empty ...................................... [RUN]
[0m13:46:10.754098 [debug] [Thread-3 (]: Re-using an available connection from the pool (formerly test.data_pipeline_example.accepted_values_stg_customers_segment__enterprise__smb__startup.aa95e7d18f, now test.data_pipeline_example.fact_orders_delivery_after_shipment)
[0m13:46:10.754233 [debug] [Thread-1 (]: Began running node test.data_pipeline_example.not_null_dim_customers_created_date.271744b628
[0m13:46:10.754361 [debug] [Thread-4 (]: Re-using an available connection from the pool (formerly test.data_pipeline_example.accepted_values_stg_customers_country__US__UK__CA__DE__FR__AU.f367ea8362, now test.data_pipeline_example.fact_orders_no_negative_amount)
[0m13:46:10.754490 [debug] [Thread-2 (]: Re-using an available connection from the pool (formerly test.data_pipeline_example.accepted_values_stg_orders_status__pending__shipped__delivered__cancelled.f082775750, now test.data_pipeline_example.fact_orders_not_empty)
[0m13:46:10.754595 [debug] [Thread-3 (]: Began compiling node test.data_pipeline_example.fact_orders_delivery_after_shipment
[0m13:46:10.754696 [info ] [Thread-1 (]: 12 of 46 START test not_null_dim_customers_created_date ........................ [RUN]
[0m13:46:10.754810 [debug] [Thread-4 (]: Began compiling node test.data_pipeline_example.fact_orders_no_negative_amount
[0m13:46:10.754914 [debug] [Thread-2 (]: Began compiling node test.data_pipeline_example.fact_orders_not_empty
[0m13:46:10.755926 [debug] [Thread-3 (]: Writing injected SQL for node "test.data_pipeline_example.fact_orders_delivery_after_shipment"
[0m13:46:10.756047 [debug] [Thread-1 (]: Re-using an available connection from the pool (formerly test.data_pipeline_example.accepted_values_stg_products_category__software__service__hardware.22b47989a2, now test.data_pipeline_example.not_null_dim_customers_created_date.271744b628)
[0m13:46:10.756848 [debug] [Thread-4 (]: Writing injected SQL for node "test.data_pipeline_example.fact_orders_no_negative_amount"
[0m13:46:10.757597 [debug] [Thread-2 (]: Writing injected SQL for node "test.data_pipeline_example.fact_orders_not_empty"
[0m13:46:10.757754 [debug] [Thread-1 (]: Began compiling node test.data_pipeline_example.not_null_dim_customers_created_date.271744b628
[0m13:46:10.759981 [debug] [Thread-1 (]: Writing injected SQL for node "test.data_pipeline_example.not_null_dim_customers_created_date.271744b628"
[0m13:46:10.760472 [debug] [Thread-2 (]: Began executing node test.data_pipeline_example.fact_orders_not_empty
[0m13:46:10.760613 [debug] [Thread-4 (]: Began executing node test.data_pipeline_example.fact_orders_no_negative_amount
[0m13:46:10.760745 [debug] [Thread-3 (]: Began executing node test.data_pipeline_example.fact_orders_delivery_after_shipment
[0m13:46:10.761565 [debug] [Thread-2 (]: Writing runtime sql for node "test.data_pipeline_example.fact_orders_not_empty"
[0m13:46:10.762403 [debug] [Thread-4 (]: Writing runtime sql for node "test.data_pipeline_example.fact_orders_no_negative_amount"
[0m13:46:10.762522 [debug] [Thread-1 (]: Began executing node test.data_pipeline_example.not_null_dim_customers_created_date.271744b628
[0m13:46:10.763189 [debug] [Thread-3 (]: Writing runtime sql for node "test.data_pipeline_example.fact_orders_delivery_after_shipment"
[0m13:46:10.767305 [debug] [Thread-1 (]: Writing runtime sql for node "test.data_pipeline_example.not_null_dim_customers_created_date.271744b628"
[0m13:46:10.767528 [debug] [Thread-2 (]: Using duckdb connection "test.data_pipeline_example.fact_orders_not_empty"
[0m13:46:10.767679 [debug] [Thread-4 (]: Using duckdb connection "test.data_pipeline_example.fact_orders_no_negative_amount"
[0m13:46:10.767802 [debug] [Thread-2 (]: On test.data_pipeline_example.fact_orders_not_empty: BEGIN
[0m13:46:10.767916 [debug] [Thread-4 (]: On test.data_pipeline_example.fact_orders_no_negative_amount: BEGIN
[0m13:46:10.768043 [debug] [Thread-3 (]: Using duckdb connection "test.data_pipeline_example.fact_orders_delivery_after_shipment"
[0m13:46:10.768157 [debug] [Thread-2 (]: Opening a new connection, currently in state closed
[0m13:46:10.768277 [debug] [Thread-4 (]: Opening a new connection, currently in state closed
[0m13:46:10.768390 [debug] [Thread-3 (]: On test.data_pipeline_example.fact_orders_delivery_after_shipment: BEGIN
[0m13:46:10.768514 [debug] [Thread-1 (]: Using duckdb connection "test.data_pipeline_example.not_null_dim_customers_created_date.271744b628"
[0m13:46:10.768666 [debug] [Thread-3 (]: Opening a new connection, currently in state closed
[0m13:46:10.768780 [debug] [Thread-1 (]: On test.data_pipeline_example.not_null_dim_customers_created_date.271744b628: BEGIN
[0m13:46:10.768896 [debug] [Thread-1 (]: Opening a new connection, currently in state closed
[0m13:46:10.772487 [debug] [Thread-2 (]: SQL status: OK in 0.004 seconds
[0m13:46:10.772606 [debug] [Thread-2 (]: Using duckdb connection "test.data_pipeline_example.fact_orders_not_empty"
[0m13:46:10.772722 [debug] [Thread-1 (]: SQL status: OK in 0.004 seconds
[0m13:46:10.772846 [debug] [Thread-3 (]: SQL status: OK in 0.004 seconds
[0m13:46:10.772959 [debug] [Thread-4 (]: SQL status: OK in 0.005 seconds
[0m13:46:10.773078 [debug] [Thread-2 (]: On test.data_pipeline_example.fact_orders_not_empty: /* {"app": "dbt", "dbt_version": "1.8.9", "profile_name": "data_pipeline_example", "target_name": "dev", "node_id": "test.data_pipeline_example.fact_orders_not_empty"} */

    select
      count(*) as failures,
      count(*) != 0 as should_warn,
      count(*) != 0 as should_error
    from (
      
    
  -- Row count anomaly assertion (Critical tier requirement):
-- fact_orders must never be empty. An empty table means the pipeline failed silently.
-- Returns 1 row (test failure) when the table has zero rows.
SELECT 1 AS failure
FROM "dev"."main"."fact_orders"
HAVING COUNT(*) = 0
  
  
      
    ) dbt_internal_test
[0m13:46:10.773197 [debug] [Thread-1 (]: Using duckdb connection "test.data_pipeline_example.not_null_dim_customers_created_date.271744b628"
[0m13:46:10.773300 [debug] [Thread-3 (]: Using duckdb connection "test.data_pipeline_example.fact_orders_delivery_after_shipment"
[0m13:46:10.773399 [debug] [Thread-4 (]: Using duckdb connection "test.data_pipeline_example.fact_orders_no_negative_amount"
[0m13:46:10.773547 [debug] [Thread-1 (]: On test.data_pipeline_example.not_null_dim_customers_created_date.271744b628: /* {"app": "dbt", "dbt_version": "1.8.9", "profile_name": "data_pipeline_example", "target_name": "dev", "node_id": "test.data_pipeline_example.not_null_dim_customers_created_date.271744b628"} */

    select
      count(*) as failures,
      count(*) != 0 as should_warn,
      count(*) != 0 as should_error
    from (
      
    
  
    
    



select created_date
from "dev"."main"."dim_customers"
where created_date is null



  
  
      
    ) dbt_internal_test
[0m13:46:10.773679 [debug] [Thread-3 (]: On test.data_pipeline_example.fact_orders_delivery_after_shipment: /* {"app": "dbt", "dbt_version": "1.8.9", "profile_name": "data_pipeline_example", "target_name": "dev", "node_id": "test.data_pipeline_example.fact_orders_delivery_after_shipment"} */

    select
      count(*) as failures,
      count(*) != 0 as should_warn,
      count(*) != 0 as should_error
    from (
      
    
  -- Business logic assertion (Critical tier requirement):
-- A delivered order must have a delivered_date >= shipped_date.
-- Rows that violate this rule are returned (non-empty = test failure).
SELECT order_id, shipped_date, delivered_date
FROM "dev"."main"."fact_orders"
WHERE delivered_date IS NOT NULL
  AND shipped_date IS NOT NULL
  AND delivered_date < shipped_date
  
  
      
    ) dbt_internal_test
[0m13:46:10.773814 [debug] [Thread-4 (]: On test.data_pipeline_example.fact_orders_no_negative_amount: /* {"app": "dbt", "dbt_version": "1.8.9", "profile_name": "data_pipeline_example", "target_name": "dev", "node_id": "test.data_pipeline_example.fact_orders_no_negative_amount"} */

    select
      count(*) as failures,
      count(*) != 0 as should_warn,
      count(*) != 0 as should_error
    from (
      
    
  -- Business logic assertion (Critical tier requirement):
-- No order amount should be negative.
SELECT order_id, amount
FROM "dev"."main"."fact_orders"
WHERE amount < 0
  
  
      
    ) dbt_internal_test
[0m13:46:10.774107 [debug] [Thread-1 (]: SQL status: OK in 0.000 seconds
[0m13:46:10.774240 [debug] [Thread-2 (]: SQL status: OK in 0.001 seconds
[0m13:46:10.774774 [debug] [Thread-1 (]: On test.data_pipeline_example.not_null_dim_customers_created_date.271744b628: ROLLBACK
[0m13:46:10.775247 [debug] [Thread-2 (]: On test.data_pipeline_example.fact_orders_not_empty: ROLLBACK
[0m13:46:10.775371 [debug] [Thread-3 (]: SQL status: OK in 0.001 seconds
[0m13:46:10.775494 [debug] [Thread-4 (]: SQL status: OK in 0.001 seconds
[0m13:46:10.775781 [debug] [Thread-1 (]: Failed to rollback 'test.data_pipeline_example.not_null_dim_customers_created_date.271744b628'
[0m13:46:10.776070 [debug] [Thread-2 (]: Failed to rollback 'test.data_pipeline_example.fact_orders_not_empty'
[0m13:46:10.776520 [debug] [Thread-3 (]: On test.data_pipeline_example.fact_orders_delivery_after_shipment: ROLLBACK
[0m13:46:10.776925 [debug] [Thread-4 (]: On test.data_pipeline_example.fact_orders_no_negative_amount: ROLLBACK
[0m13:46:10.777034 [debug] [Thread-1 (]: On test.data_pipeline_example.not_null_dim_customers_created_date.271744b628: Close
[0m13:46:10.777149 [debug] [Thread-2 (]: On test.data_pipeline_example.fact_orders_not_empty: Close
[0m13:46:10.777432 [debug] [Thread-3 (]: Failed to rollback 'test.data_pipeline_example.fact_orders_delivery_after_shipment'
[0m13:46:10.777711 [debug] [Thread-4 (]: Failed to rollback 'test.data_pipeline_example.fact_orders_no_negative_amount'
[0m13:46:10.777889 [info ] [Thread-1 (]: 12 of 46 PASS not_null_dim_customers_created_date .............................. [[32mPASS[0m in 0.02s]
[0m13:46:10.778074 [info ] [Thread-2 (]: 11 of 46 PASS fact_orders_not_empty ............................................ [[32mPASS[0m in 0.02s]
[0m13:46:10.778202 [debug] [Thread-3 (]: On test.data_pipeline_example.fact_orders_delivery_after_shipment: Close
[0m13:46:10.778321 [debug] [Thread-4 (]: On test.data_pipeline_example.fact_orders_no_negative_amount: Close
[0m13:46:10.778478 [debug] [Thread-1 (]: Finished running node test.data_pipeline_example.not_null_dim_customers_created_date.271744b628
[0m13:46:10.778623 [debug] [Thread-2 (]: Finished running node test.data_pipeline_example.fact_orders_not_empty
[0m13:46:10.778785 [info ] [Thread-3 (]: 9 of 46 PASS fact_orders_delivery_after_shipment ............................... [[32mPASS[0m in 0.02s]
[0m13:46:10.778949 [debug] [Thread-1 (]: Began running node test.data_pipeline_example.not_null_dim_customers_customer_id.dd91cd1c8d
[0m13:46:10.779101 [debug] [Thread-2 (]: Began running node test.data_pipeline_example.not_null_dim_customers_customer_name.c8ab2d704d
[0m13:46:10.779280 [debug] [Thread-3 (]: Finished running node test.data_pipeline_example.fact_orders_delivery_after_shipment
[0m13:46:10.779447 [info ] [Thread-4 (]: 10 of 46 PASS fact_orders_no_negative_amount ................................... [[32mPASS[0m in 0.03s]
[0m13:46:10.779549 [info ] [Thread-1 (]: 13 of 46 START test not_null_dim_customers_customer_id ......................... [RUN]
[0m13:46:10.779823 [debug] [Thread-3 (]: Began running node test.data_pipeline_example.not_null_dim_customers_segment.6643314026
[0m13:46:10.779682 [info ] [Thread-2 (]: 14 of 46 START test not_null_dim_customers_customer_name ....................... [RUN]
[0m13:46:10.780017 [debug] [Thread-4 (]: Finished running node test.data_pipeline_example.fact_orders_no_negative_amount
[0m13:46:10.780129 [debug] [Thread-1 (]: Re-using an available connection from the pool (formerly test.data_pipeline_example.not_null_dim_customers_created_date.271744b628, now test.data_pipeline_example.not_null_dim_customers_customer_id.dd91cd1c8d)
[0m13:46:10.780253 [info ] [Thread-3 (]: 15 of 46 START test not_null_dim_customers_segment ............................. [RUN]
[0m13:46:10.780379 [debug] [Thread-2 (]: Re-using an available connection from the pool (formerly test.data_pipeline_example.fact_orders_not_empty, now test.data_pipeline_example.not_null_dim_customers_customer_name.c8ab2d704d)
[0m13:46:10.780506 [debug] [Thread-4 (]: Began running node test.data_pipeline_example.not_null_fact_orders_amount.059526f383
[0m13:46:10.780639 [debug] [Thread-1 (]: Began compiling node test.data_pipeline_example.not_null_dim_customers_customer_id.dd91cd1c8d
[0m13:46:10.780763 [debug] [Thread-3 (]: Re-using an available connection from the pool (formerly test.data_pipeline_example.fact_orders_delivery_after_shipment, now test.data_pipeline_example.not_null_dim_customers_segment.6643314026)
[0m13:46:10.780874 [debug] [Thread-2 (]: Began compiling node test.data_pipeline_example.not_null_dim_customers_customer_name.c8ab2d704d
[0m13:46:10.780972 [info ] [Thread-4 (]: 16 of 46 START test not_null_fact_orders_amount ................................ [RUN]
[0m13:46:10.782350 [debug] [Thread-1 (]: Writing injected SQL for node "test.data_pipeline_example.not_null_dim_customers_customer_id.dd91cd1c8d"
[0m13:46:10.782456 [debug] [Thread-3 (]: Began compiling node test.data_pipeline_example.not_null_dim_customers_segment.6643314026
[0m13:46:10.784371 [debug] [Thread-2 (]: Writing injected SQL for node "test.data_pipeline_example.not_null_dim_customers_customer_name.c8ab2d704d"
[0m13:46:10.784489 [debug] [Thread-4 (]: Re-using an available connection from the pool (formerly test.data_pipeline_example.fact_orders_no_negative_amount, now test.data_pipeline_example.not_null_fact_orders_amount.059526f383)
[0m13:46:10.785664 [debug] [Thread-3 (]: Writing injected SQL for node "test.data_pipeline_example.not_null_dim_customers_segment.6643314026"
[0m13:46:10.785836 [debug] [Thread-4 (]: Began compiling node test.data_pipeline_example.not_null_fact_orders_amount.059526f383
[0m13:46:10.786065 [debug] [Thread-2 (]: Began executing node test.data_pipeline_example.not_null_dim_customers_customer_name.c8ab2d704d
[0m13:46:10.787353 [debug] [Thread-4 (]: Writing injected SQL for node "test.data_pipeline_example.not_null_fact_orders_amount.059526f383"
[0m13:46:10.787490 [debug] [Thread-1 (]: Began executing node test.data_pipeline_example.not_null_dim_customers_customer_id.dd91cd1c8d
[0m13:46:10.788233 [debug] [Thread-2 (]: Writing runtime sql for node "test.data_pipeline_example.not_null_dim_customers_customer_name.c8ab2d704d"
[0m13:46:10.788362 [debug] [Thread-3 (]: Began executing node test.data_pipeline_example.not_null_dim_customers_segment.6643314026
[0m13:46:10.789084 [debug] [Thread-1 (]: Writing runtime sql for node "test.data_pipeline_example.not_null_dim_customers_customer_id.dd91cd1c8d"
[0m13:46:10.789803 [debug] [Thread-3 (]: Writing runtime sql for node "test.data_pipeline_example.not_null_dim_customers_segment.6643314026"
[0m13:46:10.789930 [debug] [Thread-4 (]: Began executing node test.data_pipeline_example.not_null_fact_orders_amount.059526f383
[0m13:46:10.790106 [debug] [Thread-2 (]: Using duckdb connection "test.data_pipeline_example.not_null_dim_customers_customer_name.c8ab2d704d"
[0m13:46:10.790892 [debug] [Thread-4 (]: Writing runtime sql for node "test.data_pipeline_example.not_null_fact_orders_amount.059526f383"
[0m13:46:10.791031 [debug] [Thread-2 (]: On test.data_pipeline_example.not_null_dim_customers_customer_name.c8ab2d704d: BEGIN
[0m13:46:10.791181 [debug] [Thread-1 (]: Using duckdb connection "test.data_pipeline_example.not_null_dim_customers_customer_id.dd91cd1c8d"
[0m13:46:10.791353 [debug] [Thread-3 (]: Using duckdb connection "test.data_pipeline_example.not_null_dim_customers_segment.6643314026"
[0m13:46:10.791464 [debug] [Thread-2 (]: Opening a new connection, currently in state closed
[0m13:46:10.791594 [debug] [Thread-1 (]: On test.data_pipeline_example.not_null_dim_customers_customer_id.dd91cd1c8d: BEGIN
[0m13:46:10.791708 [debug] [Thread-3 (]: On test.data_pipeline_example.not_null_dim_customers_segment.6643314026: BEGIN
[0m13:46:10.791850 [debug] [Thread-4 (]: Using duckdb connection "test.data_pipeline_example.not_null_fact_orders_amount.059526f383"
[0m13:46:10.792027 [debug] [Thread-1 (]: Opening a new connection, currently in state closed
[0m13:46:10.792138 [debug] [Thread-3 (]: Opening a new connection, currently in state closed
[0m13:46:10.792253 [debug] [Thread-4 (]: On test.data_pipeline_example.not_null_fact_orders_amount.059526f383: BEGIN
[0m13:46:10.792397 [debug] [Thread-4 (]: Opening a new connection, currently in state closed
[0m13:46:10.795970 [debug] [Thread-2 (]: SQL status: OK in 0.004 seconds
[0m13:46:10.796105 [debug] [Thread-2 (]: Using duckdb connection "test.data_pipeline_example.not_null_dim_customers_customer_name.c8ab2d704d"
[0m13:46:10.796254 [debug] [Thread-1 (]: SQL status: OK in 0.004 seconds
[0m13:46:10.796381 [debug] [Thread-2 (]: On test.data_pipeline_example.not_null_dim_customers_customer_name.c8ab2d704d: /* {"app": "dbt", "dbt_version": "1.8.9", "profile_name": "data_pipeline_example", "target_name": "dev", "node_id": "test.data_pipeline_example.not_null_dim_customers_customer_name.c8ab2d704d"} */

    select
      count(*) as failures,
      count(*) != 0 as should_warn,
      count(*) != 0 as should_error
    from (
      
    
  
    
    



select customer_name
from "dev"."main"."dim_customers"
where customer_name is null



  
  
      
    ) dbt_internal_test
[0m13:46:10.796504 [debug] [Thread-4 (]: SQL status: OK in 0.004 seconds
[0m13:46:10.796617 [debug] [Thread-3 (]: SQL status: OK in 0.004 seconds
[0m13:46:10.796730 [debug] [Thread-1 (]: Using duckdb connection "test.data_pipeline_example.not_null_dim_customers_customer_id.dd91cd1c8d"
[0m13:46:10.796880 [debug] [Thread-4 (]: Using duckdb connection "test.data_pipeline_example.not_null_fact_orders_amount.059526f383"
[0m13:46:10.796992 [debug] [Thread-3 (]: Using duckdb connection "test.data_pipeline_example.not_null_dim_customers_segment.6643314026"
[0m13:46:10.797111 [debug] [Thread-1 (]: On test.data_pipeline_example.not_null_dim_customers_customer_id.dd91cd1c8d: /* {"app": "dbt", "dbt_version": "1.8.9", "profile_name": "data_pipeline_example", "target_name": "dev", "node_id": "test.data_pipeline_example.not_null_dim_customers_customer_id.dd91cd1c8d"} */

    select
      count(*) as failures,
      count(*) != 0 as should_warn,
      count(*) != 0 as should_error
    from (
      
    
  
    
    



select customer_id
from "dev"."main"."dim_customers"
where customer_id is null



  
  
      
    ) dbt_internal_test
[0m13:46:10.797229 [debug] [Thread-2 (]: SQL status: OK in 0.000 seconds
[0m13:46:10.797337 [debug] [Thread-4 (]: On test.data_pipeline_example.not_null_fact_orders_amount.059526f383: /* {"app": "dbt", "dbt_version": "1.8.9", "profile_name": "data_pipeline_example", "target_name": "dev", "node_id": "test.data_pipeline_example.not_null_fact_orders_amount.059526f383"} */

    select
      count(*) as failures,
      count(*) != 0 as should_warn,
      count(*) != 0 as should_error
    from (
      
    
  
    
    



select amount
from "dev"."main"."fact_orders"
where amount is null



  
  
      
    ) dbt_internal_test
[0m13:46:10.797454 [debug] [Thread-3 (]: On test.data_pipeline_example.not_null_dim_customers_segment.6643314026: /* {"app": "dbt", "dbt_version": "1.8.9", "profile_name": "data_pipeline_example", "target_name": "dev", "node_id": "test.data_pipeline_example.not_null_dim_customers_segment.6643314026"} */

    select
      count(*) as failures,
      count(*) != 0 as should_warn,
      count(*) != 0 as should_error
    from (
      
    
  
    
    



select segment
from "dev"."main"."dim_customers"
where segment is null



  
  
      
    ) dbt_internal_test
[0m13:46:10.798039 [debug] [Thread-2 (]: On test.data_pipeline_example.not_null_dim_customers_customer_name.c8ab2d704d: ROLLBACK
[0m13:46:10.798192 [debug] [Thread-1 (]: SQL status: OK in 0.001 seconds
[0m13:46:10.798328 [debug] [Thread-4 (]: SQL status: OK in 0.000 seconds
[0m13:46:10.798452 [debug] [Thread-3 (]: SQL status: OK in 0.000 seconds
[0m13:46:10.798762 [debug] [Thread-2 (]: Failed to rollback 'test.data_pipeline_example.not_null_dim_customers_customer_name.c8ab2d704d'
[0m13:46:10.799151 [debug] [Thread-1 (]: On test.data_pipeline_example.not_null_dim_customers_customer_id.dd91cd1c8d: ROLLBACK
[0m13:46:10.799622 [debug] [Thread-4 (]: On test.data_pipeline_example.not_null_fact_orders_amount.059526f383: ROLLBACK
[0m13:46:10.800008 [debug] [Thread-3 (]: On test.data_pipeline_example.not_null_dim_customers_segment.6643314026: ROLLBACK
[0m13:46:10.800118 [debug] [Thread-2 (]: On test.data_pipeline_example.not_null_dim_customers_customer_name.c8ab2d704d: Close
[0m13:46:10.800419 [debug] [Thread-1 (]: Failed to rollback 'test.data_pipeline_example.not_null_dim_customers_customer_id.dd91cd1c8d'
[0m13:46:10.800705 [debug] [Thread-4 (]: Failed to rollback 'test.data_pipeline_example.not_null_fact_orders_amount.059526f383'
[0m13:46:10.800986 [debug] [Thread-3 (]: Failed to rollback 'test.data_pipeline_example.not_null_dim_customers_segment.6643314026'
[0m13:46:10.801276 [debug] [Thread-1 (]: On test.data_pipeline_example.not_null_dim_customers_customer_id.dd91cd1c8d: Close
[0m13:46:10.801181 [info ] [Thread-2 (]: 14 of 46 PASS not_null_dim_customers_customer_name ............................. [[32mPASS[0m in 0.02s]
[0m13:46:10.801418 [debug] [Thread-4 (]: On test.data_pipeline_example.not_null_fact_orders_amount.059526f383: Close
[0m13:46:10.801525 [debug] [Thread-3 (]: On test.data_pipeline_example.not_null_dim_customers_segment.6643314026: Close
[0m13:46:10.801826 [debug] [Thread-2 (]: Finished running node test.data_pipeline_example.not_null_dim_customers_customer_name.c8ab2d704d
[0m13:46:10.801673 [info ] [Thread-1 (]: 13 of 46 PASS not_null_dim_customers_customer_id ............................... [[32mPASS[0m in 0.02s]
[0m13:46:10.802028 [info ] [Thread-4 (]: 16 of 46 PASS not_null_fact_orders_amount ...................................... [[32mPASS[0m in 0.02s]
[0m13:46:10.802195 [debug] [Thread-2 (]: Began running node test.data_pipeline_example.not_null_fact_orders_customer_id.9c2270d0dc
[0m13:46:10.802386 [debug] [Thread-1 (]: Finished running node test.data_pipeline_example.not_null_dim_customers_customer_id.dd91cd1c8d
[0m13:46:10.802551 [debug] [Thread-4 (]: Finished running node test.data_pipeline_example.not_null_fact_orders_amount.059526f383
[0m13:46:10.802706 [info ] [Thread-3 (]: 15 of 46 PASS not_null_dim_customers_segment ................................... [[32mPASS[0m in 0.02s]
[0m13:46:10.802963 [debug] [Thread-1 (]: Began running node test.data_pipeline_example.not_null_fact_orders_customer_running_total.67c8c243d9
[0m13:46:10.802810 [info ] [Thread-2 (]: 17 of 46 START test not_null_fact_orders_customer_id ........................... [RUN]
[0m13:46:10.803130 [debug] [Thread-4 (]: Began running node test.data_pipeline_example.not_null_fact_orders_order_id.6ba6d3f0a0
[0m13:46:10.803284 [debug] [Thread-3 (]: Finished running node test.data_pipeline_example.not_null_dim_customers_segment.6643314026
[0m13:46:10.803387 [info ] [Thread-1 (]: 18 of 46 START test not_null_fact_orders_customer_running_total ................ [RUN]
[0m13:46:10.803529 [debug] [Thread-2 (]: Re-using an available connection from the pool (formerly test.data_pipeline_example.not_null_dim_customers_customer_name.c8ab2d704d, now test.data_pipeline_example.not_null_fact_orders_customer_id.9c2270d0dc)
[0m13:46:10.803657 [info ] [Thread-4 (]: 19 of 46 START test not_null_fact_orders_order_id .............................. [RUN]
[0m13:46:10.803799 [debug] [Thread-3 (]: Began running node test.data_pipeline_example.not_null_fact_orders_ordered_date.17dfca2004
[0m13:46:10.803938 [debug] [Thread-1 (]: Re-using an available connection from the pool (formerly test.data_pipeline_example.not_null_dim_customers_customer_id.dd91cd1c8d, now test.data_pipeline_example.not_null_fact_orders_customer_running_total.67c8c243d9)
[0m13:46:10.804052 [debug] [Thread-2 (]: Began compiling node test.data_pipeline_example.not_null_fact_orders_customer_id.9c2270d0dc
[0m13:46:10.804157 [debug] [Thread-4 (]: Re-using an available connection from the pool (formerly test.data_pipeline_example.not_null_fact_orders_amount.059526f383, now test.data_pipeline_example.not_null_fact_orders_order_id.6ba6d3f0a0)
[0m13:46:10.804265 [info ] [Thread-3 (]: 20 of 46 START test not_null_fact_orders_ordered_date .......................... [RUN]
[0m13:46:10.804385 [debug] [Thread-1 (]: Began compiling node test.data_pipeline_example.not_null_fact_orders_customer_running_total.67c8c243d9
[0m13:46:10.805799 [debug] [Thread-2 (]: Writing injected SQL for node "test.data_pipeline_example.not_null_fact_orders_customer_id.9c2270d0dc"
[0m13:46:10.805906 [debug] [Thread-4 (]: Began compiling node test.data_pipeline_example.not_null_fact_orders_order_id.6ba6d3f0a0
[0m13:46:10.806015 [debug] [Thread-3 (]: Re-using an available connection from the pool (formerly test.data_pipeline_example.not_null_dim_customers_segment.6643314026, now test.data_pipeline_example.not_null_fact_orders_ordered_date.17dfca2004)
[0m13:46:10.807138 [debug] [Thread-1 (]: Writing injected SQL for node "test.data_pipeline_example.not_null_fact_orders_customer_running_total.67c8c243d9"
[0m13:46:10.808359 [debug] [Thread-4 (]: Writing injected SQL for node "test.data_pipeline_example.not_null_fact_orders_order_id.6ba6d3f0a0"
[0m13:46:10.808478 [debug] [Thread-3 (]: Began compiling node test.data_pipeline_example.not_null_fact_orders_ordered_date.17dfca2004
[0m13:46:10.808673 [debug] [Thread-2 (]: Began executing node test.data_pipeline_example.not_null_fact_orders_customer_id.9c2270d0dc
[0m13:46:10.809798 [debug] [Thread-3 (]: Writing injected SQL for node "test.data_pipeline_example.not_null_fact_orders_ordered_date.17dfca2004"
[0m13:46:10.811406 [debug] [Thread-2 (]: Writing runtime sql for node "test.data_pipeline_example.not_null_fact_orders_customer_id.9c2270d0dc"
[0m13:46:10.811621 [debug] [Thread-4 (]: Began executing node test.data_pipeline_example.not_null_fact_orders_order_id.6ba6d3f0a0
[0m13:46:10.812416 [debug] [Thread-4 (]: Writing runtime sql for node "test.data_pipeline_example.not_null_fact_orders_order_id.6ba6d3f0a0"
[0m13:46:10.812535 [debug] [Thread-1 (]: Began executing node test.data_pipeline_example.not_null_fact_orders_customer_running_total.67c8c243d9
[0m13:46:10.813300 [debug] [Thread-1 (]: Writing runtime sql for node "test.data_pipeline_example.not_null_fact_orders_customer_running_total.67c8c243d9"
[0m13:46:10.813416 [debug] [Thread-3 (]: Began executing node test.data_pipeline_example.not_null_fact_orders_ordered_date.17dfca2004
[0m13:46:10.814151 [debug] [Thread-3 (]: Writing runtime sql for node "test.data_pipeline_example.not_null_fact_orders_ordered_date.17dfca2004"
[0m13:46:10.814291 [debug] [Thread-2 (]: Using duckdb connection "test.data_pipeline_example.not_null_fact_orders_customer_id.9c2270d0dc"
[0m13:46:10.814447 [debug] [Thread-4 (]: Using duckdb connection "test.data_pipeline_example.not_null_fact_orders_order_id.6ba6d3f0a0"
[0m13:46:10.814571 [debug] [Thread-2 (]: On test.data_pipeline_example.not_null_fact_orders_customer_id.9c2270d0dc: BEGIN
[0m13:46:10.814700 [debug] [Thread-4 (]: On test.data_pipeline_example.not_null_fact_orders_order_id.6ba6d3f0a0: BEGIN
[0m13:46:10.814831 [debug] [Thread-1 (]: Using duckdb connection "test.data_pipeline_example.not_null_fact_orders_customer_running_total.67c8c243d9"
[0m13:46:10.814937 [debug] [Thread-2 (]: Opening a new connection, currently in state closed
[0m13:46:10.815052 [debug] [Thread-3 (]: Using duckdb connection "test.data_pipeline_example.not_null_fact_orders_ordered_date.17dfca2004"
[0m13:46:10.815153 [debug] [Thread-4 (]: Opening a new connection, currently in state closed
[0m13:46:10.815262 [debug] [Thread-1 (]: On test.data_pipeline_example.not_null_fact_orders_customer_running_total.67c8c243d9: BEGIN
[0m13:46:10.815402 [debug] [Thread-3 (]: On test.data_pipeline_example.not_null_fact_orders_ordered_date.17dfca2004: BEGIN
[0m13:46:10.815511 [debug] [Thread-1 (]: Opening a new connection, currently in state closed
[0m13:46:10.815614 [debug] [Thread-3 (]: Opening a new connection, currently in state closed
[0m13:46:10.819094 [debug] [Thread-2 (]: SQL status: OK in 0.004 seconds
[0m13:46:10.819202 [debug] [Thread-2 (]: Using duckdb connection "test.data_pipeline_example.not_null_fact_orders_customer_id.9c2270d0dc"
[0m13:46:10.819313 [debug] [Thread-2 (]: On test.data_pipeline_example.not_null_fact_orders_customer_id.9c2270d0dc: /* {"app": "dbt", "dbt_version": "1.8.9", "profile_name": "data_pipeline_example", "target_name": "dev", "node_id": "test.data_pipeline_example.not_null_fact_orders_customer_id.9c2270d0dc"} */

    select
      count(*) as failures,
      count(*) != 0 as should_warn,
      count(*) != 0 as should_error
    from (
      
    
  
    
    



select customer_id
from "dev"."main"."fact_orders"
where customer_id is null



  
  
      
    ) dbt_internal_test
[0m13:46:10.819431 [debug] [Thread-3 (]: SQL status: OK in 0.004 seconds
[0m13:46:10.819552 [debug] [Thread-4 (]: SQL status: OK in 0.004 seconds
[0m13:46:10.819660 [debug] [Thread-1 (]: SQL status: OK in 0.004 seconds
[0m13:46:10.819789 [debug] [Thread-3 (]: Using duckdb connection "test.data_pipeline_example.not_null_fact_orders_ordered_date.17dfca2004"
[0m13:46:10.819896 [debug] [Thread-4 (]: Using duckdb connection "test.data_pipeline_example.not_null_fact_orders_order_id.6ba6d3f0a0"
[0m13:46:10.820012 [debug] [Thread-1 (]: Using duckdb connection "test.data_pipeline_example.not_null_fact_orders_customer_running_total.67c8c243d9"
[0m13:46:10.820116 [debug] [Thread-2 (]: SQL status: OK in 0.000 seconds
[0m13:46:10.820227 [debug] [Thread-3 (]: On test.data_pipeline_example.not_null_fact_orders_ordered_date.17dfca2004: /* {"app": "dbt", "dbt_version": "1.8.9", "profile_name": "data_pipeline_example", "target_name": "dev", "node_id": "test.data_pipeline_example.not_null_fact_orders_ordered_date.17dfca2004"} */

    select
      count(*) as failures,
      count(*) != 0 as should_warn,
      count(*) != 0 as should_error
    from (
      
    
  
    
    



select ordered_date
from "dev"."main"."fact_orders"
where ordered_date is null



  
  
      
    ) dbt_internal_test
[0m13:46:10.820337 [debug] [Thread-4 (]: On test.data_pipeline_example.not_null_fact_orders_order_id.6ba6d3f0a0: /* {"app": "dbt", "dbt_version": "1.8.9", "profile_name": "data_pipeline_example", "target_name": "dev", "node_id": "test.data_pipeline_example.not_null_fact_orders_order_id.6ba6d3f0a0"} */

    select
      count(*) as failures,
      count(*) != 0 as should_warn,
      count(*) != 0 as should_error
    from (
      
    
  
    
    



select order_id
from "dev"."main"."fact_orders"
where order_id is null



  
  
      
    ) dbt_internal_test
[0m13:46:10.820444 [debug] [Thread-1 (]: On test.data_pipeline_example.not_null_fact_orders_customer_running_total.67c8c243d9: /* {"app": "dbt", "dbt_version": "1.8.9", "profile_name": "data_pipeline_example", "target_name": "dev", "node_id": "test.data_pipeline_example.not_null_fact_orders_customer_running_total.67c8c243d9"} */

    select
      count(*) as failures,
      count(*) != 0 as should_warn,
      count(*) != 0 as should_error
    from (
      
    
  
    
    



select customer_running_total
from "dev"."main"."fact_orders"
where customer_running_total is null



  
  
      
    ) dbt_internal_test
[0m13:46:10.820941 [debug] [Thread-2 (]: On test.data_pipeline_example.not_null_fact_orders_customer_id.9c2270d0dc: ROLLBACK
[0m13:46:10.821373 [debug] [Thread-2 (]: Failed to rollback 'test.data_pipeline_example.not_null_fact_orders_customer_id.9c2270d0dc'
[0m13:46:10.821498 [debug] [Thread-2 (]: On test.data_pipeline_example.not_null_fact_orders_customer_id.9c2270d0dc: Close
[0m13:46:10.821616 [debug] [Thread-4 (]: SQL status: OK in 0.001 seconds
[0m13:46:10.821732 [debug] [Thread-1 (]: SQL status: OK in 0.001 seconds
[0m13:46:10.821985 [debug] [Thread-3 (]: SQL status: OK in 0.001 seconds
[0m13:46:10.821893 [info ] [Thread-2 (]: 17 of 46 PASS not_null_fact_orders_customer_id ................................. [[32mPASS[0m in 0.02s]
[0m13:46:10.822430 [debug] [Thread-4 (]: On test.data_pipeline_example.not_null_fact_orders_order_id.6ba6d3f0a0: ROLLBACK
[0m13:46:10.822834 [debug] [Thread-1 (]: On test.data_pipeline_example.not_null_fact_orders_customer_running_total.67c8c243d9: ROLLBACK
[0m13:46:10.823222 [debug] [Thread-3 (]: On test.data_pipeline_example.not_null_fact_orders_ordered_date.17dfca2004: ROLLBACK
[0m13:46:10.823394 [debug] [Thread-2 (]: Finished running node test.data_pipeline_example.not_null_fact_orders_customer_id.9c2270d0dc
[0m13:46:10.823673 [debug] [Thread-4 (]: Failed to rollback 'test.data_pipeline_example.not_null_fact_orders_order_id.6ba6d3f0a0'
[0m13:46:10.823954 [debug] [Thread-1 (]: Failed to rollback 'test.data_pipeline_example.not_null_fact_orders_customer_running_total.67c8c243d9'
[0m13:46:10.824238 [debug] [Thread-3 (]: Failed to rollback 'test.data_pipeline_example.not_null_fact_orders_ordered_date.17dfca2004'
[0m13:46:10.824369 [debug] [Thread-2 (]: Began running node test.data_pipeline_example.not_null_fact_orders_product_category.5f2cbf4dfa
[0m13:46:10.824503 [debug] [Thread-4 (]: On test.data_pipeline_example.not_null_fact_orders_order_id.6ba6d3f0a0: Close
[0m13:46:10.824610 [debug] [Thread-1 (]: On test.data_pipeline_example.not_null_fact_orders_customer_running_total.67c8c243d9: Close
[0m13:46:10.824708 [debug] [Thread-3 (]: On test.data_pipeline_example.not_null_fact_orders_ordered_date.17dfca2004: Close
[0m13:46:10.824814 [info ] [Thread-2 (]: 21 of 46 START test not_null_fact_orders_product_category ...................... [RUN]
[0m13:46:10.825001 [info ] [Thread-4 (]: 19 of 46 PASS not_null_fact_orders_order_id .................................... [[32mPASS[0m in 0.02s]
[0m13:46:10.825171 [info ] [Thread-1 (]: 18 of 46 PASS not_null_fact_orders_customer_running_total ...................... [[32mPASS[0m in 0.02s]
[0m13:46:10.825319 [debug] [Thread-2 (]: Re-using an available connection from the pool (formerly test.data_pipeline_example.not_null_fact_orders_customer_id.9c2270d0dc, now test.data_pipeline_example.not_null_fact_orders_product_category.5f2cbf4dfa)
[0m13:46:10.825489 [debug] [Thread-4 (]: Finished running node test.data_pipeline_example.not_null_fact_orders_order_id.6ba6d3f0a0
[0m13:46:10.825658 [debug] [Thread-1 (]: Finished running node test.data_pipeline_example.not_null_fact_orders_customer_running_total.67c8c243d9
[0m13:46:10.825914 [debug] [Thread-2 (]: Began compiling node test.data_pipeline_example.not_null_fact_orders_product_category.5f2cbf4dfa
[0m13:46:10.825812 [info ] [Thread-3 (]: 20 of 46 PASS not_null_fact_orders_ordered_date ................................ [[32mPASS[0m in 0.02s]
[0m13:46:10.826076 [debug] [Thread-4 (]: Began running node test.data_pipeline_example.not_null_fact_orders_product_id.346126b727
[0m13:46:10.826217 [debug] [Thread-1 (]: Began running node test.data_pipeline_example.not_null_fact_orders_product_name.6a2c0c0c51
[0m13:46:10.827525 [debug] [Thread-2 (]: Writing injected SQL for node "test.data_pipeline_example.not_null_fact_orders_product_category.5f2cbf4dfa"
[0m13:46:10.827679 [debug] [Thread-3 (]: Finished running node test.data_pipeline_example.not_null_fact_orders_ordered_date.17dfca2004
[0m13:46:10.827786 [info ] [Thread-4 (]: 22 of 46 START test not_null_fact_orders_product_id ............................ [RUN]
[0m13:46:10.827916 [info ] [Thread-1 (]: 23 of 46 START test not_null_fact_orders_product_name .......................... [RUN]
[0m13:46:10.828073 [debug] [Thread-3 (]: Began running node test.data_pipeline_example.not_null_fact_orders_status.8a0b8e3294
[0m13:46:10.828212 [debug] [Thread-4 (]: Re-using an available connection from the pool (formerly test.data_pipeline_example.not_null_fact_orders_order_id.6ba6d3f0a0, now test.data_pipeline_example.not_null_fact_orders_product_id.346126b727)
[0m13:46:10.828342 [debug] [Thread-1 (]: Re-using an available connection from the pool (formerly test.data_pipeline_example.not_null_fact_orders_customer_running_total.67c8c243d9, now test.data_pipeline_example.not_null_fact_orders_product_name.6a2c0c0c51)
[0m13:46:10.828463 [info ] [Thread-3 (]: 24 of 46 START test not_null_fact_orders_status ................................ [RUN]
[0m13:46:10.828619 [debug] [Thread-4 (]: Began compiling node test.data_pipeline_example.not_null_fact_orders_product_id.346126b727
[0m13:46:10.828738 [debug] [Thread-1 (]: Began compiling node test.data_pipeline_example.not_null_fact_orders_product_name.6a2c0c0c51
[0m13:46:10.828854 [debug] [Thread-2 (]: Began executing node test.data_pipeline_example.not_null_fact_orders_product_category.5f2cbf4dfa
[0m13:46:10.828975 [debug] [Thread-3 (]: Re-using an available connection from the pool (formerly test.data_pipeline_example.not_null_fact_orders_ordered_date.17dfca2004, now test.data_pipeline_example.not_null_fact_orders_status.8a0b8e3294)
[0m13:46:10.830123 [debug] [Thread-4 (]: Writing injected SQL for node "test.data_pipeline_example.not_null_fact_orders_product_id.346126b727"
[0m13:46:10.831313 [debug] [Thread-1 (]: Writing injected SQL for node "test.data_pipeline_example.not_null_fact_orders_product_name.6a2c0c0c51"
[0m13:46:10.832028 [debug] [Thread-2 (]: Writing runtime sql for node "test.data_pipeline_example.not_null_fact_orders_product_category.5f2cbf4dfa"
[0m13:46:10.832129 [debug] [Thread-3 (]: Began compiling node test.data_pipeline_example.not_null_fact_orders_status.8a0b8e3294
[0m13:46:10.833322 [debug] [Thread-3 (]: Writing injected SQL for node "test.data_pipeline_example.not_null_fact_orders_status.8a0b8e3294"
[0m13:46:10.833528 [debug] [Thread-2 (]: Using duckdb connection "test.data_pipeline_example.not_null_fact_orders_product_category.5f2cbf4dfa"
[0m13:46:10.833649 [debug] [Thread-4 (]: Began executing node test.data_pipeline_example.not_null_fact_orders_product_id.346126b727
[0m13:46:10.833772 [debug] [Thread-1 (]: Began executing node test.data_pipeline_example.not_null_fact_orders_product_name.6a2c0c0c51
[0m13:46:10.833874 [debug] [Thread-2 (]: On test.data_pipeline_example.not_null_fact_orders_product_category.5f2cbf4dfa: BEGIN
[0m13:46:10.834604 [debug] [Thread-4 (]: Writing runtime sql for node "test.data_pipeline_example.not_null_fact_orders_product_id.346126b727"
[0m13:46:10.834720 [debug] [Thread-3 (]: Began executing node test.data_pipeline_example.not_null_fact_orders_status.8a0b8e3294
[0m13:46:10.836033 [debug] [Thread-1 (]: Writing runtime sql for node "test.data_pipeline_example.not_null_fact_orders_product_name.6a2c0c0c51"
[0m13:46:10.836146 [debug] [Thread-2 (]: Opening a new connection, currently in state closed
[0m13:46:10.836898 [debug] [Thread-3 (]: Writing runtime sql for node "test.data_pipeline_example.not_null_fact_orders_status.8a0b8e3294"
[0m13:46:10.837142 [debug] [Thread-4 (]: Using duckdb connection "test.data_pipeline_example.not_null_fact_orders_product_id.346126b727"
[0m13:46:10.837253 [debug] [Thread-4 (]: On test.data_pipeline_example.not_null_fact_orders_product_id.346126b727: BEGIN
[0m13:46:10.837373 [debug] [Thread-4 (]: Opening a new connection, currently in state closed
[0m13:46:10.837545 [debug] [Thread-1 (]: Using duckdb connection "test.data_pipeline_example.not_null_fact_orders_product_name.6a2c0c0c51"
[0m13:46:10.837678 [debug] [Thread-3 (]: Using duckdb connection "test.data_pipeline_example.not_null_fact_orders_status.8a0b8e3294"
[0m13:46:10.837793 [debug] [Thread-1 (]: On test.data_pipeline_example.not_null_fact_orders_product_name.6a2c0c0c51: BEGIN
[0m13:46:10.837908 [debug] [Thread-3 (]: On test.data_pipeline_example.not_null_fact_orders_status.8a0b8e3294: BEGIN
[0m13:46:10.838019 [debug] [Thread-1 (]: Opening a new connection, currently in state closed
[0m13:46:10.838125 [debug] [Thread-3 (]: Opening a new connection, currently in state closed
[0m13:46:10.840945 [debug] [Thread-2 (]: SQL status: OK in 0.005 seconds
[0m13:46:10.841083 [debug] [Thread-4 (]: SQL status: OK in 0.004 seconds
[0m13:46:10.841209 [debug] [Thread-2 (]: Using duckdb connection "test.data_pipeline_example.not_null_fact_orders_product_category.5f2cbf4dfa"
[0m13:46:10.841326 [debug] [Thread-4 (]: Using duckdb connection "test.data_pipeline_example.not_null_fact_orders_product_id.346126b727"
[0m13:46:10.841432 [debug] [Thread-3 (]: SQL status: OK in 0.003 seconds
[0m13:46:10.841543 [debug] [Thread-2 (]: On test.data_pipeline_example.not_null_fact_orders_product_category.5f2cbf4dfa: /* {"app": "dbt", "dbt_version": "1.8.9", "profile_name": "data_pipeline_example", "target_name": "dev", "node_id": "test.data_pipeline_example.not_null_fact_orders_product_category.5f2cbf4dfa"} */

    select
      count(*) as failures,
      count(*) != 0 as should_warn,
      count(*) != 0 as should_error
    from (
      
    
  
    
    



select product_category
from "dev"."main"."fact_orders"
where product_category is null



  
  
      
    ) dbt_internal_test
[0m13:46:10.841655 [debug] [Thread-1 (]: SQL status: OK in 0.004 seconds
[0m13:46:10.841764 [debug] [Thread-4 (]: On test.data_pipeline_example.not_null_fact_orders_product_id.346126b727: /* {"app": "dbt", "dbt_version": "1.8.9", "profile_name": "data_pipeline_example", "target_name": "dev", "node_id": "test.data_pipeline_example.not_null_fact_orders_product_id.346126b727"} */

    select
      count(*) as failures,
      count(*) != 0 as should_warn,
      count(*) != 0 as should_error
    from (
      
    
  
    
    



select product_id
from "dev"."main"."fact_orders"
where product_id is null



  
  
      
    ) dbt_internal_test
[0m13:46:10.841876 [debug] [Thread-3 (]: Using duckdb connection "test.data_pipeline_example.not_null_fact_orders_status.8a0b8e3294"
[0m13:46:10.842024 [debug] [Thread-1 (]: Using duckdb connection "test.data_pipeline_example.not_null_fact_orders_product_name.6a2c0c0c51"
[0m13:46:10.842171 [debug] [Thread-2 (]: SQL status: OK in 0.000 seconds
[0m13:46:10.842283 [debug] [Thread-3 (]: On test.data_pipeline_example.not_null_fact_orders_status.8a0b8e3294: /* {"app": "dbt", "dbt_version": "1.8.9", "profile_name": "data_pipeline_example", "target_name": "dev", "node_id": "test.data_pipeline_example.not_null_fact_orders_status.8a0b8e3294"} */

    select
      count(*) as failures,
      count(*) != 0 as should_warn,
      count(*) != 0 as should_error
    from (
      
    
  
    
    



select status
from "dev"."main"."fact_orders"
where status is null



  
  
      
    ) dbt_internal_test
[0m13:46:10.842402 [debug] [Thread-4 (]: SQL status: OK in 0.000 seconds
[0m13:46:10.842517 [debug] [Thread-1 (]: On test.data_pipeline_example.not_null_fact_orders_product_name.6a2c0c0c51: /* {"app": "dbt", "dbt_version": "1.8.9", "profile_name": "data_pipeline_example", "target_name": "dev", "node_id": "test.data_pipeline_example.not_null_fact_orders_product_name.6a2c0c0c51"} */

    select
      count(*) as failures,
      count(*) != 0 as should_warn,
      count(*) != 0 as should_error
    from (
      
    
  
    
    



select product_name
from "dev"."main"."fact_orders"
where product_name is null



  
  
      
    ) dbt_internal_test
[0m13:46:10.843122 [debug] [Thread-2 (]: On test.data_pipeline_example.not_null_fact_orders_product_category.5f2cbf4dfa: ROLLBACK
[0m13:46:10.843263 [debug] [Thread-3 (]: SQL status: OK in 0.001 seconds
[0m13:46:10.843771 [debug] [Thread-4 (]: On test.data_pipeline_example.not_null_fact_orders_product_id.346126b727: ROLLBACK
[0m13:46:10.843919 [debug] [Thread-1 (]: SQL status: OK in 0.001 seconds
[0m13:46:10.844223 [debug] [Thread-2 (]: Failed to rollback 'test.data_pipeline_example.not_null_fact_orders_product_category.5f2cbf4dfa'
[0m13:46:10.844639 [debug] [Thread-3 (]: On test.data_pipeline_example.not_null_fact_orders_status.8a0b8e3294: ROLLBACK
[0m13:46:10.844921 [debug] [Thread-4 (]: Failed to rollback 'test.data_pipeline_example.not_null_fact_orders_product_id.346126b727'
[0m13:46:10.845381 [debug] [Thread-1 (]: On test.data_pipeline_example.not_null_fact_orders_product_name.6a2c0c0c51: ROLLBACK
[0m13:46:10.845488 [debug] [Thread-2 (]: On test.data_pipeline_example.not_null_fact_orders_product_category.5f2cbf4dfa: Close
[0m13:46:10.845757 [debug] [Thread-3 (]: Failed to rollback 'test.data_pipeline_example.not_null_fact_orders_status.8a0b8e3294'
[0m13:46:10.845864 [debug] [Thread-4 (]: On test.data_pipeline_example.not_null_fact_orders_product_id.346126b727: Close
[0m13:46:10.846162 [debug] [Thread-1 (]: Failed to rollback 'test.data_pipeline_example.not_null_fact_orders_product_name.6a2c0c0c51'
[0m13:46:10.846447 [debug] [Thread-3 (]: On test.data_pipeline_example.not_null_fact_orders_status.8a0b8e3294: Close
[0m13:46:10.846354 [info ] [Thread-2 (]: 21 of 46 PASS not_null_fact_orders_product_category ............................ [[32mPASS[0m in 0.02s]
[0m13:46:10.846733 [debug] [Thread-1 (]: On test.data_pipeline_example.not_null_fact_orders_product_name.6a2c0c0c51: Close
[0m13:46:10.846643 [info ] [Thread-4 (]: 22 of 46 PASS not_null_fact_orders_product_id .................................. [[32mPASS[0m in 0.02s]
[0m13:46:10.847066 [debug] [Thread-2 (]: Finished running node test.data_pipeline_example.not_null_fact_orders_product_category.5f2cbf4dfa
[0m13:46:10.846916 [info ] [Thread-3 (]: 24 of 46 PASS not_null_fact_orders_status ...................................... [[32mPASS[0m in 0.02s]
[0m13:46:10.847289 [debug] [Thread-4 (]: Finished running node test.data_pipeline_example.not_null_fact_orders_product_id.346126b727
[0m13:46:10.847440 [debug] [Thread-2 (]: Began running node test.data_pipeline_example.not_null_stg_customers_created_date.7d1c548822
[0m13:46:10.847632 [debug] [Thread-3 (]: Finished running node test.data_pipeline_example.not_null_fact_orders_status.8a0b8e3294
[0m13:46:10.847898 [debug] [Thread-4 (]: Began running node test.data_pipeline_example.not_null_stg_customers_customer_id.e2cfb1f9aa
[0m13:46:10.847791 [info ] [Thread-1 (]: 23 of 46 PASS not_null_fact_orders_product_name ................................ [[32mPASS[0m in 0.02s]
[0m13:46:10.848058 [info ] [Thread-2 (]: 25 of 46 START test not_null_stg_customers_created_date ........................ [RUN]
[0m13:46:10.848202 [debug] [Thread-3 (]: Began running node test.data_pipeline_example.not_null_stg_customers_customer_name.5c92a78a60
[0m13:46:10.848324 [info ] [Thread-4 (]: 26 of 46 START test not_null_stg_customers_customer_id ......................... [RUN]
[0m13:46:10.848501 [debug] [Thread-1 (]: Finished running node test.data_pipeline_example.not_null_fact_orders_product_name.6a2c0c0c51
[0m13:46:10.848625 [debug] [Thread-2 (]: Re-using an available connection from the pool (formerly test.data_pipeline_example.not_null_fact_orders_product_category.5f2cbf4dfa, now test.data_pipeline_example.not_null_stg_customers_created_date.7d1c548822)
[0m13:46:10.848732 [info ] [Thread-3 (]: 27 of 46 START test not_null_stg_customers_customer_name ....................... [RUN]
[0m13:46:10.848856 [debug] [Thread-4 (]: Re-using an available connection from the pool (formerly test.data_pipeline_example.not_null_fact_orders_product_id.346126b727, now test.data_pipeline_example.not_null_stg_customers_customer_id.e2cfb1f9aa)
[0m13:46:10.848980 [debug] [Thread-1 (]: Began running node test.data_pipeline_example.not_null_stg_customers_segment.54e04798f3
[0m13:46:10.849093 [debug] [Thread-2 (]: Began compiling node test.data_pipeline_example.not_null_stg_customers_created_date.7d1c548822
[0m13:46:10.849200 [debug] [Thread-3 (]: Re-using an available connection from the pool (formerly test.data_pipeline_example.not_null_fact_orders_status.8a0b8e3294, now test.data_pipeline_example.not_null_stg_customers_customer_name.5c92a78a60)
[0m13:46:10.849300 [debug] [Thread-4 (]: Began compiling node test.data_pipeline_example.not_null_stg_customers_customer_id.e2cfb1f9aa
[0m13:46:10.849397 [info ] [Thread-1 (]: 28 of 46 START test not_null_stg_customers_segment ............................. [RUN]
[0m13:46:10.850850 [debug] [Thread-2 (]: Writing injected SQL for node "test.data_pipeline_example.not_null_stg_customers_created_date.7d1c548822"
[0m13:46:10.850956 [debug] [Thread-3 (]: Began compiling node test.data_pipeline_example.not_null_stg_customers_customer_name.5c92a78a60
[0m13:46:10.852150 [debug] [Thread-4 (]: Writing injected SQL for node "test.data_pipeline_example.not_null_stg_customers_customer_id.e2cfb1f9aa"
[0m13:46:10.852274 [debug] [Thread-1 (]: Re-using an available connection from the pool (formerly test.data_pipeline_example.not_null_fact_orders_product_name.6a2c0c0c51, now test.data_pipeline_example.not_null_stg_customers_segment.54e04798f3)
[0m13:46:10.853419 [debug] [Thread-3 (]: Writing injected SQL for node "test.data_pipeline_example.not_null_stg_customers_customer_name.5c92a78a60"
[0m13:46:10.853565 [debug] [Thread-1 (]: Began compiling node test.data_pipeline_example.not_null_stg_customers_segment.54e04798f3
[0m13:46:10.854797 [debug] [Thread-1 (]: Writing injected SQL for node "test.data_pipeline_example.not_null_stg_customers_segment.54e04798f3"
[0m13:46:10.854938 [debug] [Thread-2 (]: Began executing node test.data_pipeline_example.not_null_stg_customers_created_date.7d1c548822
[0m13:46:10.855670 [debug] [Thread-2 (]: Writing runtime sql for node "test.data_pipeline_example.not_null_stg_customers_created_date.7d1c548822"
[0m13:46:10.855834 [debug] [Thread-4 (]: Began executing node test.data_pipeline_example.not_null_stg_customers_customer_id.e2cfb1f9aa
[0m13:46:10.855957 [debug] [Thread-3 (]: Began executing node test.data_pipeline_example.not_null_stg_customers_customer_name.5c92a78a60
[0m13:46:10.856680 [debug] [Thread-4 (]: Writing runtime sql for node "test.data_pipeline_example.not_null_stg_customers_customer_id.e2cfb1f9aa"
[0m13:46:10.857485 [debug] [Thread-3 (]: Writing runtime sql for node "test.data_pipeline_example.not_null_stg_customers_customer_name.5c92a78a60"
[0m13:46:10.857630 [debug] [Thread-2 (]: Using duckdb connection "test.data_pipeline_example.not_null_stg_customers_created_date.7d1c548822"
[0m13:46:10.857739 [debug] [Thread-1 (]: Began executing node test.data_pipeline_example.not_null_stg_customers_segment.54e04798f3
[0m13:46:10.857897 [debug] [Thread-2 (]: On test.data_pipeline_example.not_null_stg_customers_created_date.7d1c548822: BEGIN
[0m13:46:10.858607 [debug] [Thread-1 (]: Writing runtime sql for node "test.data_pipeline_example.not_null_stg_customers_segment.54e04798f3"
[0m13:46:10.858732 [debug] [Thread-2 (]: Opening a new connection, currently in state closed
[0m13:46:10.858910 [debug] [Thread-4 (]: Using duckdb connection "test.data_pipeline_example.not_null_stg_customers_customer_id.e2cfb1f9aa"
[0m13:46:10.859070 [debug] [Thread-3 (]: Using duckdb connection "test.data_pipeline_example.not_null_stg_customers_customer_name.5c92a78a60"
[0m13:46:10.859196 [debug] [Thread-4 (]: On test.data_pipeline_example.not_null_stg_customers_customer_id.e2cfb1f9aa: BEGIN
[0m13:46:10.859311 [debug] [Thread-3 (]: On test.data_pipeline_example.not_null_stg_customers_customer_name.5c92a78a60: BEGIN
[0m13:46:10.859433 [debug] [Thread-1 (]: Using duckdb connection "test.data_pipeline_example.not_null_stg_customers_segment.54e04798f3"
[0m13:46:10.859536 [debug] [Thread-4 (]: Opening a new connection, currently in state closed
[0m13:46:10.859642 [debug] [Thread-3 (]: Opening a new connection, currently in state closed
[0m13:46:10.859756 [debug] [Thread-1 (]: On test.data_pipeline_example.not_null_stg_customers_segment.54e04798f3: BEGIN
[0m13:46:10.859882 [debug] [Thread-1 (]: Opening a new connection, currently in state closed
[0m13:46:10.862779 [debug] [Thread-2 (]: SQL status: OK in 0.004 seconds
[0m13:46:10.862904 [debug] [Thread-3 (]: SQL status: OK in 0.003 seconds
[0m13:46:10.863029 [debug] [Thread-4 (]: SQL status: OK in 0.003 seconds
[0m13:46:10.863135 [debug] [Thread-2 (]: Using duckdb connection "test.data_pipeline_example.not_null_stg_customers_created_date.7d1c548822"
[0m13:46:10.863245 [debug] [Thread-1 (]: SQL status: OK in 0.003 seconds
[0m13:46:10.863356 [debug] [Thread-3 (]: Using duckdb connection "test.data_pipeline_example.not_null_stg_customers_customer_name.5c92a78a60"
[0m13:46:10.863455 [debug] [Thread-4 (]: Using duckdb connection "test.data_pipeline_example.not_null_stg_customers_customer_id.e2cfb1f9aa"
[0m13:46:10.863558 [debug] [Thread-2 (]: On test.data_pipeline_example.not_null_stg_customers_created_date.7d1c548822: /* {"app": "dbt", "dbt_version": "1.8.9", "profile_name": "data_pipeline_example", "target_name": "dev", "node_id": "test.data_pipeline_example.not_null_stg_customers_created_date.7d1c548822"} */

    select
      count(*) as failures,
      count(*) != 0 as should_warn,
      count(*) != 0 as should_error
    from (
      
    
  
    
    



select created_date
from "dev"."main"."stg_customers"
where created_date is null



  
  
      
    ) dbt_internal_test
[0m13:46:10.863661 [debug] [Thread-1 (]: Using duckdb connection "test.data_pipeline_example.not_null_stg_customers_segment.54e04798f3"
[0m13:46:10.863763 [debug] [Thread-3 (]: On test.data_pipeline_example.not_null_stg_customers_customer_name.5c92a78a60: /* {"app": "dbt", "dbt_version": "1.8.9", "profile_name": "data_pipeline_example", "target_name": "dev", "node_id": "test.data_pipeline_example.not_null_stg_customers_customer_name.5c92a78a60"} */

    select
      count(*) as failures,
      count(*) != 0 as should_warn,
      count(*) != 0 as should_error
    from (
      
    
  
    
    



select customer_name
from "dev"."main"."stg_customers"
where customer_name is null



  
  
      
    ) dbt_internal_test
[0m13:46:10.863870 [debug] [Thread-4 (]: On test.data_pipeline_example.not_null_stg_customers_customer_id.e2cfb1f9aa: /* {"app": "dbt", "dbt_version": "1.8.9", "profile_name": "data_pipeline_example", "target_name": "dev", "node_id": "test.data_pipeline_example.not_null_stg_customers_customer_id.e2cfb1f9aa"} */

    select
      count(*) as failures,
      count(*) != 0 as should_warn,
      count(*) != 0 as should_error
    from (
      
    
  
    
    



select customer_id
from "dev"."main"."stg_customers"
where customer_id is null



  
  
      
    ) dbt_internal_test
[0m13:46:10.864019 [debug] [Thread-1 (]: On test.data_pipeline_example.not_null_stg_customers_segment.54e04798f3: /* {"app": "dbt", "dbt_version": "1.8.9", "profile_name": "data_pipeline_example", "target_name": "dev", "node_id": "test.data_pipeline_example.not_null_stg_customers_segment.54e04798f3"} */

    select
      count(*) as failures,
      count(*) != 0 as should_warn,
      count(*) != 0 as should_error
    from (
      
    
  
    
    



select segment
from "dev"."main"."stg_customers"
where segment is null



  
  
      
    ) dbt_internal_test
[0m13:46:10.864270 [debug] [Thread-2 (]: SQL status: OK in 0.000 seconds
[0m13:46:10.864450 [debug] [Thread-1 (]: SQL status: OK in 0.000 seconds
[0m13:46:10.864573 [debug] [Thread-3 (]: SQL status: OK in 0.000 seconds
[0m13:46:10.865069 [debug] [Thread-1 (]: On test.data_pipeline_example.not_null_stg_customers_segment.54e04798f3: ROLLBACK
[0m13:46:10.865498 [debug] [Thread-2 (]: On test.data_pipeline_example.not_null_stg_customers_created_date.7d1c548822: ROLLBACK
[0m13:46:10.865620 [debug] [Thread-4 (]: SQL status: OK in 0.001 seconds
[0m13:46:10.865900 [debug] [Thread-1 (]: Failed to rollback 'test.data_pipeline_example.not_null_stg_customers_segment.54e04798f3'
[0m13:46:10.866284 [debug] [Thread-3 (]: On test.data_pipeline_example.not_null_stg_customers_customer_name.5c92a78a60: ROLLBACK
[0m13:46:10.866578 [debug] [Thread-2 (]: Failed to rollback 'test.data_pipeline_example.not_null_stg_customers_created_date.7d1c548822'
[0m13:46:10.866714 [debug] [Thread-1 (]: On test.data_pipeline_example.not_null_stg_customers_segment.54e04798f3: Close
[0m13:46:10.867136 [debug] [Thread-4 (]: On test.data_pipeline_example.not_null_stg_customers_customer_id.e2cfb1f9aa: ROLLBACK
[0m13:46:10.867413 [debug] [Thread-3 (]: Failed to rollback 'test.data_pipeline_example.not_null_stg_customers_customer_name.5c92a78a60'
[0m13:46:10.867520 [debug] [Thread-2 (]: On test.data_pipeline_example.not_null_stg_customers_created_date.7d1c548822: Close
[0m13:46:10.867705 [info ] [Thread-1 (]: 28 of 46 PASS not_null_stg_customers_segment ................................... [[32mPASS[0m in 0.02s]
[0m13:46:10.868019 [debug] [Thread-4 (]: Failed to rollback 'test.data_pipeline_example.not_null_stg_customers_customer_id.e2cfb1f9aa'
[0m13:46:10.868126 [debug] [Thread-3 (]: On test.data_pipeline_example.not_null_stg_customers_customer_name.5c92a78a60: Close
[0m13:46:10.868455 [debug] [Thread-1 (]: Finished running node test.data_pipeline_example.not_null_stg_customers_segment.54e04798f3
[0m13:46:10.868306 [info ] [Thread-2 (]: 25 of 46 PASS not_null_stg_customers_created_date .............................. [[32mPASS[0m in 0.02s]
[0m13:46:10.868609 [debug] [Thread-4 (]: On test.data_pipeline_example.not_null_stg_customers_customer_id.e2cfb1f9aa: Close
[0m13:46:10.868891 [debug] [Thread-1 (]: Began running node test.data_pipeline_example.not_null_stg_orders_amount.2546645448
[0m13:46:10.868777 [info ] [Thread-3 (]: 27 of 46 PASS not_null_stg_customers_customer_name ............................. [[32mPASS[0m in 0.02s]
[0m13:46:10.869099 [debug] [Thread-2 (]: Finished running node test.data_pipeline_example.not_null_stg_customers_created_date.7d1c548822
[0m13:46:10.869228 [info ] [Thread-1 (]: 29 of 46 START test not_null_stg_orders_amount ................................. [RUN]
[0m13:46:10.869419 [debug] [Thread-3 (]: Finished running node test.data_pipeline_example.not_null_stg_customers_customer_name.5c92a78a60
[0m13:46:10.869558 [debug] [Thread-2 (]: Began running node test.data_pipeline_example.not_null_stg_orders_customer_id.af79d5e4b5
[0m13:46:10.869845 [debug] [Thread-1 (]: Re-using an available connection from the pool (formerly test.data_pipeline_example.not_null_stg_customers_segment.54e04798f3, now test.data_pipeline_example.not_null_stg_orders_amount.2546645448)
[0m13:46:10.869728 [info ] [Thread-4 (]: 26 of 46 PASS not_null_stg_customers_customer_id ............................... [[32mPASS[0m in 0.02s]
[0m13:46:10.870013 [debug] [Thread-3 (]: Began running node test.data_pipeline_example.not_null_stg_orders_order_id.81cfe2fe64
[0m13:46:10.870131 [info ] [Thread-2 (]: 30 of 46 START test not_null_stg_orders_customer_id ............................ [RUN]
[0m13:46:10.870253 [debug] [Thread-1 (]: Began compiling node test.data_pipeline_example.not_null_stg_orders_amount.2546645448
[0m13:46:10.870412 [debug] [Thread-4 (]: Finished running node test.data_pipeline_example.not_null_stg_customers_customer_id.e2cfb1f9aa
[0m13:46:10.870519 [info ] [Thread-3 (]: 31 of 46 START test not_null_stg_orders_order_id ............................... [RUN]
[0m13:46:10.870657 [debug] [Thread-2 (]: Re-using an available connection from the pool (formerly test.data_pipeline_example.not_null_stg_customers_created_date.7d1c548822, now test.data_pipeline_example.not_null_stg_orders_customer_id.af79d5e4b5)
[0m13:46:10.872729 [debug] [Thread-1 (]: Writing injected SQL for node "test.data_pipeline_example.not_null_stg_orders_amount.2546645448"
[0m13:46:10.872868 [debug] [Thread-4 (]: Began running node test.data_pipeline_example.not_null_stg_orders_ordered_date.925362d84d
[0m13:46:10.873005 [debug] [Thread-3 (]: Re-using an available connection from the pool (formerly test.data_pipeline_example.not_null_stg_customers_customer_name.5c92a78a60, now test.data_pipeline_example.not_null_stg_orders_order_id.81cfe2fe64)
[0m13:46:10.873116 [debug] [Thread-2 (]: Began compiling node test.data_pipeline_example.not_null_stg_orders_customer_id.af79d5e4b5
[0m13:46:10.873259 [info ] [Thread-4 (]: 32 of 46 START test not_null_stg_orders_ordered_date ........................... [RUN]
[0m13:46:10.873385 [debug] [Thread-3 (]: Began compiling node test.data_pipeline_example.not_null_stg_orders_order_id.81cfe2fe64
[0m13:46:10.874547 [debug] [Thread-2 (]: Writing injected SQL for node "test.data_pipeline_example.not_null_stg_orders_customer_id.af79d5e4b5"
[0m13:46:10.874697 [debug] [Thread-4 (]: Re-using an available connection from the pool (formerly test.data_pipeline_example.not_null_stg_customers_customer_id.e2cfb1f9aa, now test.data_pipeline_example.not_null_stg_orders_ordered_date.925362d84d)
[0m13:46:10.875861 [debug] [Thread-3 (]: Writing injected SQL for node "test.data_pipeline_example.not_null_stg_orders_order_id.81cfe2fe64"
[0m13:46:10.875981 [debug] [Thread-1 (]: Began executing node test.data_pipeline_example.not_null_stg_orders_amount.2546645448
[0m13:46:10.876113 [debug] [Thread-4 (]: Began compiling node test.data_pipeline_example.not_null_stg_orders_ordered_date.925362d84d
[0m13:46:10.876870 [debug] [Thread-1 (]: Writing runtime sql for node "test.data_pipeline_example.not_null_stg_orders_amount.2546645448"
[0m13:46:10.878075 [debug] [Thread-4 (]: Writing injected SQL for node "test.data_pipeline_example.not_null_stg_orders_ordered_date.925362d84d"
[0m13:46:10.878246 [debug] [Thread-2 (]: Began executing node test.data_pipeline_example.not_null_stg_orders_customer_id.af79d5e4b5
[0m13:46:10.878368 [debug] [Thread-3 (]: Began executing node test.data_pipeline_example.not_null_stg_orders_order_id.81cfe2fe64
[0m13:46:10.879124 [debug] [Thread-2 (]: Writing runtime sql for node "test.data_pipeline_example.not_null_stg_orders_customer_id.af79d5e4b5"
[0m13:46:10.879294 [debug] [Thread-1 (]: Using duckdb connection "test.data_pipeline_example.not_null_stg_orders_amount.2546645448"
[0m13:46:10.879409 [debug] [Thread-4 (]: Began executing node test.data_pipeline_example.not_null_stg_orders_ordered_date.925362d84d
[0m13:46:10.880069 [debug] [Thread-3 (]: Writing runtime sql for node "test.data_pipeline_example.not_null_stg_orders_order_id.81cfe2fe64"
[0m13:46:10.880213 [debug] [Thread-1 (]: On test.data_pipeline_example.not_null_stg_orders_amount.2546645448: BEGIN
[0m13:46:10.880930 [debug] [Thread-4 (]: Writing runtime sql for node "test.data_pipeline_example.not_null_stg_orders_ordered_date.925362d84d"
[0m13:46:10.881087 [debug] [Thread-1 (]: Opening a new connection, currently in state closed
[0m13:46:10.881282 [debug] [Thread-2 (]: Using duckdb connection "test.data_pipeline_example.not_null_stg_orders_customer_id.af79d5e4b5"
[0m13:46:10.881400 [debug] [Thread-2 (]: On test.data_pipeline_example.not_null_stg_orders_customer_id.af79d5e4b5: BEGIN
[0m13:46:10.881506 [debug] [Thread-2 (]: Opening a new connection, currently in state closed
[0m13:46:10.881644 [debug] [Thread-3 (]: Using duckdb connection "test.data_pipeline_example.not_null_stg_orders_order_id.81cfe2fe64"
[0m13:46:10.881766 [debug] [Thread-3 (]: On test.data_pipeline_example.not_null_stg_orders_order_id.81cfe2fe64: BEGIN
[0m13:46:10.881895 [debug] [Thread-4 (]: Using duckdb connection "test.data_pipeline_example.not_null_stg_orders_ordered_date.925362d84d"
[0m13:46:10.881998 [debug] [Thread-3 (]: Opening a new connection, currently in state closed
[0m13:46:10.882107 [debug] [Thread-4 (]: On test.data_pipeline_example.not_null_stg_orders_ordered_date.925362d84d: BEGIN
[0m13:46:10.882229 [debug] [Thread-4 (]: Opening a new connection, currently in state closed
[0m13:46:10.885245 [debug] [Thread-1 (]: SQL status: OK in 0.004 seconds
[0m13:46:10.885397 [debug] [Thread-1 (]: Using duckdb connection "test.data_pipeline_example.not_null_stg_orders_amount.2546645448"
[0m13:46:10.885515 [debug] [Thread-2 (]: SQL status: OK in 0.004 seconds
[0m13:46:10.885642 [debug] [Thread-3 (]: SQL status: OK in 0.004 seconds
[0m13:46:10.885762 [debug] [Thread-1 (]: On test.data_pipeline_example.not_null_stg_orders_amount.2546645448: /* {"app": "dbt", "dbt_version": "1.8.9", "profile_name": "data_pipeline_example", "target_name": "dev", "node_id": "test.data_pipeline_example.not_null_stg_orders_amount.2546645448"} */

    select
      count(*) as failures,
      count(*) != 0 as should_warn,
      count(*) != 0 as should_error
    from (
      
    
  
    
    



select amount
from "dev"."main"."stg_orders"
where amount is null



  
  
      
    ) dbt_internal_test
[0m13:46:10.885932 [debug] [Thread-4 (]: SQL status: OK in 0.004 seconds
[0m13:46:10.886033 [debug] [Thread-2 (]: Using duckdb connection "test.data_pipeline_example.not_null_stg_orders_customer_id.af79d5e4b5"
[0m13:46:10.886134 [debug] [Thread-3 (]: Using duckdb connection "test.data_pipeline_example.not_null_stg_orders_order_id.81cfe2fe64"
[0m13:46:10.886273 [debug] [Thread-4 (]: Using duckdb connection "test.data_pipeline_example.not_null_stg_orders_ordered_date.925362d84d"
[0m13:46:10.886394 [debug] [Thread-2 (]: On test.data_pipeline_example.not_null_stg_orders_customer_id.af79d5e4b5: /* {"app": "dbt", "dbt_version": "1.8.9", "profile_name": "data_pipeline_example", "target_name": "dev", "node_id": "test.data_pipeline_example.not_null_stg_orders_customer_id.af79d5e4b5"} */

    select
      count(*) as failures,
      count(*) != 0 as should_warn,
      count(*) != 0 as should_error
    from (
      
    
  
    
    



select customer_id
from "dev"."main"."stg_orders"
where customer_id is null



  
  
      
    ) dbt_internal_test
[0m13:46:10.886528 [debug] [Thread-3 (]: On test.data_pipeline_example.not_null_stg_orders_order_id.81cfe2fe64: /* {"app": "dbt", "dbt_version": "1.8.9", "profile_name": "data_pipeline_example", "target_name": "dev", "node_id": "test.data_pipeline_example.not_null_stg_orders_order_id.81cfe2fe64"} */

    select
      count(*) as failures,
      count(*) != 0 as should_warn,
      count(*) != 0 as should_error
    from (
      
    
  
    
    



select order_id
from "dev"."main"."stg_orders"
where order_id is null



  
  
      
    ) dbt_internal_test
[0m13:46:10.886641 [debug] [Thread-1 (]: SQL status: OK in 0.000 seconds
[0m13:46:10.886748 [debug] [Thread-4 (]: On test.data_pipeline_example.not_null_stg_orders_ordered_date.925362d84d: /* {"app": "dbt", "dbt_version": "1.8.9", "profile_name": "data_pipeline_example", "target_name": "dev", "node_id": "test.data_pipeline_example.not_null_stg_orders_ordered_date.925362d84d"} */

    select
      count(*) as failures,
      count(*) != 0 as should_warn,
      count(*) != 0 as should_error
    from (
      
    
  
    
    



select ordered_date
from "dev"."main"."stg_orders"
where ordered_date is null



  
  
      
    ) dbt_internal_test
[0m13:46:10.887419 [debug] [Thread-1 (]: On test.data_pipeline_example.not_null_stg_orders_amount.2546645448: ROLLBACK
[0m13:46:10.887566 [debug] [Thread-2 (]: SQL status: OK in 0.001 seconds
[0m13:46:10.887684 [debug] [Thread-4 (]: SQL status: OK in 0.001 seconds
[0m13:46:10.887975 [debug] [Thread-1 (]: Failed to rollback 'test.data_pipeline_example.not_null_stg_orders_amount.2546645448'
[0m13:46:10.888078 [debug] [Thread-3 (]: SQL status: OK in 0.001 seconds
[0m13:46:10.888559 [debug] [Thread-2 (]: On test.data_pipeline_example.not_null_stg_orders_customer_id.af79d5e4b5: ROLLBACK
[0m13:46:10.888682 [debug] [Thread-1 (]: On test.data_pipeline_example.not_null_stg_orders_amount.2546645448: Close
[0m13:46:10.889066 [debug] [Thread-4 (]: On test.data_pipeline_example.not_null_stg_orders_ordered_date.925362d84d: ROLLBACK
[0m13:46:10.889454 [debug] [Thread-3 (]: On test.data_pipeline_example.not_null_stg_orders_order_id.81cfe2fe64: ROLLBACK
[0m13:46:10.889763 [debug] [Thread-2 (]: Failed to rollback 'test.data_pipeline_example.not_null_stg_orders_customer_id.af79d5e4b5'
[0m13:46:10.890250 [debug] [Thread-4 (]: Failed to rollback 'test.data_pipeline_example.not_null_stg_orders_ordered_date.925362d84d'
[0m13:46:10.889959 [info ] [Thread-1 (]: 29 of 46 PASS not_null_stg_orders_amount ....................................... [[32mPASS[0m in 0.02s]
[0m13:46:10.890548 [debug] [Thread-3 (]: Failed to rollback 'test.data_pipeline_example.not_null_stg_orders_order_id.81cfe2fe64'
[0m13:46:10.890656 [debug] [Thread-2 (]: On test.data_pipeline_example.not_null_stg_orders_customer_id.af79d5e4b5: Close
[0m13:46:10.890767 [debug] [Thread-4 (]: On test.data_pipeline_example.not_null_stg_orders_ordered_date.925362d84d: Close
[0m13:46:10.890936 [debug] [Thread-1 (]: Finished running node test.data_pipeline_example.not_null_stg_orders_amount.2546645448
[0m13:46:10.891032 [debug] [Thread-3 (]: On test.data_pipeline_example.not_null_stg_orders_order_id.81cfe2fe64: Close
[0m13:46:10.891179 [info ] [Thread-2 (]: 30 of 46 PASS not_null_stg_orders_customer_id .................................. [[32mPASS[0m in 0.02s]
[0m13:46:10.891483 [debug] [Thread-1 (]: Began running node test.data_pipeline_example.not_null_stg_orders_product_id.034adb910e
[0m13:46:10.891367 [info ] [Thread-4 (]: 32 of 46 PASS not_null_stg_orders_ordered_date ................................. [[32mPASS[0m in 0.02s]
[0m13:46:10.891711 [debug] [Thread-2 (]: Finished running node test.data_pipeline_example.not_null_stg_orders_customer_id.af79d5e4b5
[0m13:46:10.891837 [info ] [Thread-1 (]: 33 of 46 START test not_null_stg_orders_product_id ............................. [RUN]
[0m13:46:10.892035 [debug] [Thread-4 (]: Finished running node test.data_pipeline_example.not_null_stg_orders_ordered_date.925362d84d
[0m13:46:10.892304 [debug] [Thread-2 (]: Began running node test.data_pipeline_example.not_null_stg_orders_status.2b01eecbd6
[0m13:46:10.892193 [info ] [Thread-3 (]: 31 of 46 PASS not_null_stg_orders_order_id ..................................... [[32mPASS[0m in 0.02s]
[0m13:46:10.892468 [debug] [Thread-1 (]: Re-using an available connection from the pool (formerly test.data_pipeline_example.not_null_stg_orders_amount.2546645448, now test.data_pipeline_example.not_null_stg_orders_product_id.034adb910e)
[0m13:46:10.892609 [debug] [Thread-4 (]: Began running node test.data_pipeline_example.not_null_stg_products_category.6007d8b2d1
[0m13:46:10.892739 [info ] [Thread-2 (]: 34 of 46 START test not_null_stg_orders_status ................................. [RUN]
[0m13:46:10.892907 [debug] [Thread-3 (]: Finished running node test.data_pipeline_example.not_null_stg_orders_order_id.81cfe2fe64
[0m13:46:10.893019 [debug] [Thread-1 (]: Began compiling node test.data_pipeline_example.not_null_stg_orders_product_id.034adb910e
[0m13:46:10.893136 [info ] [Thread-4 (]: 35 of 46 START test not_null_stg_products_category ............................. [RUN]
[0m13:46:10.893271 [debug] [Thread-2 (]: Re-using an available connection from the pool (formerly test.data_pipeline_example.not_null_stg_orders_customer_id.af79d5e4b5, now test.data_pipeline_example.not_null_stg_orders_status.2b01eecbd6)
[0m13:46:10.893397 [debug] [Thread-3 (]: Began running node test.data_pipeline_example.not_null_stg_products_product_id.6373b0acf3
[0m13:46:10.894837 [debug] [Thread-1 (]: Writing injected SQL for node "test.data_pipeline_example.not_null_stg_orders_product_id.034adb910e"
[0m13:46:10.894961 [debug] [Thread-4 (]: Re-using an available connection from the pool (formerly test.data_pipeline_example.not_null_stg_orders_ordered_date.925362d84d, now test.data_pipeline_example.not_null_stg_products_category.6007d8b2d1)
[0m13:46:10.895063 [debug] [Thread-2 (]: Began compiling node test.data_pipeline_example.not_null_stg_orders_status.2b01eecbd6
[0m13:46:10.895173 [info ] [Thread-3 (]: 36 of 46 START test not_null_stg_products_product_id ........................... [RUN]
[0m13:46:10.895333 [debug] [Thread-4 (]: Began compiling node test.data_pipeline_example.not_null_stg_products_category.6007d8b2d1
[0m13:46:10.896546 [debug] [Thread-2 (]: Writing injected SQL for node "test.data_pipeline_example.not_null_stg_orders_status.2b01eecbd6"
[0m13:46:10.896690 [debug] [Thread-3 (]: Re-using an available connection from the pool (formerly test.data_pipeline_example.not_null_stg_orders_order_id.81cfe2fe64, now test.data_pipeline_example.not_null_stg_products_product_id.6373b0acf3)
[0m13:46:10.898659 [debug] [Thread-4 (]: Writing injected SQL for node "test.data_pipeline_example.not_null_stg_products_category.6007d8b2d1"
[0m13:46:10.898822 [debug] [Thread-3 (]: Began compiling node test.data_pipeline_example.not_null_stg_products_product_id.6373b0acf3
[0m13:46:10.898958 [debug] [Thread-1 (]: Began executing node test.data_pipeline_example.not_null_stg_orders_product_id.034adb910e
[0m13:46:10.900120 [debug] [Thread-3 (]: Writing injected SQL for node "test.data_pipeline_example.not_null_stg_products_product_id.6373b0acf3"
[0m13:46:10.900904 [debug] [Thread-1 (]: Writing runtime sql for node "test.data_pipeline_example.not_null_stg_orders_product_id.034adb910e"
[0m13:46:10.901066 [debug] [Thread-4 (]: Began executing node test.data_pipeline_example.not_null_stg_products_category.6007d8b2d1
[0m13:46:10.901172 [debug] [Thread-2 (]: Began executing node test.data_pipeline_example.not_null_stg_orders_status.2b01eecbd6
[0m13:46:10.901953 [debug] [Thread-4 (]: Writing runtime sql for node "test.data_pipeline_example.not_null_stg_products_category.6007d8b2d1"
[0m13:46:10.902641 [debug] [Thread-2 (]: Writing runtime sql for node "test.data_pipeline_example.not_null_stg_orders_status.2b01eecbd6"
[0m13:46:10.902744 [debug] [Thread-3 (]: Began executing node test.data_pipeline_example.not_null_stg_products_product_id.6373b0acf3
[0m13:46:10.902928 [debug] [Thread-1 (]: Using duckdb connection "test.data_pipeline_example.not_null_stg_orders_product_id.034adb910e"
[0m13:46:10.903663 [debug] [Thread-3 (]: Writing runtime sql for node "test.data_pipeline_example.not_null_stg_products_product_id.6373b0acf3"
[0m13:46:10.903795 [debug] [Thread-1 (]: On test.data_pipeline_example.not_null_stg_orders_product_id.034adb910e: BEGIN
[0m13:46:10.903938 [debug] [Thread-1 (]: Opening a new connection, currently in state closed
[0m13:46:10.904070 [debug] [Thread-4 (]: Using duckdb connection "test.data_pipeline_example.not_null_stg_products_category.6007d8b2d1"
[0m13:46:10.904232 [debug] [Thread-4 (]: On test.data_pipeline_example.not_null_stg_products_category.6007d8b2d1: BEGIN
[0m13:46:10.904336 [debug] [Thread-4 (]: Opening a new connection, currently in state closed
[0m13:46:10.904454 [debug] [Thread-2 (]: Using duckdb connection "test.data_pipeline_example.not_null_stg_orders_status.2b01eecbd6"
[0m13:46:10.904577 [debug] [Thread-2 (]: On test.data_pipeline_example.not_null_stg_orders_status.2b01eecbd6: BEGIN
[0m13:46:10.904678 [debug] [Thread-2 (]: Opening a new connection, currently in state closed
[0m13:46:10.904793 [debug] [Thread-3 (]: Using duckdb connection "test.data_pipeline_example.not_null_stg_products_product_id.6373b0acf3"
[0m13:46:10.904910 [debug] [Thread-3 (]: On test.data_pipeline_example.not_null_stg_products_product_id.6373b0acf3: BEGIN
[0m13:46:10.905012 [debug] [Thread-3 (]: Opening a new connection, currently in state closed
[0m13:46:10.908006 [debug] [Thread-4 (]: SQL status: OK in 0.004 seconds
[0m13:46:10.908125 [debug] [Thread-2 (]: SQL status: OK in 0.003 seconds
[0m13:46:10.908233 [debug] [Thread-1 (]: SQL status: OK in 0.004 seconds
[0m13:46:10.908341 [debug] [Thread-4 (]: Using duckdb connection "test.data_pipeline_example.not_null_stg_products_category.6007d8b2d1"
[0m13:46:10.908446 [debug] [Thread-3 (]: SQL status: OK in 0.003 seconds
[0m13:46:10.908556 [debug] [Thread-2 (]: Using duckdb connection "test.data_pipeline_example.not_null_stg_orders_status.2b01eecbd6"
[0m13:46:10.908677 [debug] [Thread-1 (]: Using duckdb connection "test.data_pipeline_example.not_null_stg_orders_product_id.034adb910e"
[0m13:46:10.908791 [debug] [Thread-4 (]: On test.data_pipeline_example.not_null_stg_products_category.6007d8b2d1: /* {"app": "dbt", "dbt_version": "1.8.9", "profile_name": "data_pipeline_example", "target_name": "dev", "node_id": "test.data_pipeline_example.not_null_stg_products_category.6007d8b2d1"} */

    select
      count(*) as failures,
      count(*) != 0 as should_warn,
      count(*) != 0 as should_error
    from (
      
    
  
    
    



select category
from "dev"."main"."stg_products"
where category is null



  
  
      
    ) dbt_internal_test
[0m13:46:10.908899 [debug] [Thread-3 (]: Using duckdb connection "test.data_pipeline_example.not_null_stg_products_product_id.6373b0acf3"
[0m13:46:10.909001 [debug] [Thread-2 (]: On test.data_pipeline_example.not_null_stg_orders_status.2b01eecbd6: /* {"app": "dbt", "dbt_version": "1.8.9", "profile_name": "data_pipeline_example", "target_name": "dev", "node_id": "test.data_pipeline_example.not_null_stg_orders_status.2b01eecbd6"} */

    select
      count(*) as failures,
      count(*) != 0 as should_warn,
      count(*) != 0 as should_error
    from (
      
    
  
    
    



select status
from "dev"."main"."stg_orders"
where status is null



  
  
      
    ) dbt_internal_test
[0m13:46:10.909110 [debug] [Thread-1 (]: On test.data_pipeline_example.not_null_stg_orders_product_id.034adb910e: /* {"app": "dbt", "dbt_version": "1.8.9", "profile_name": "data_pipeline_example", "target_name": "dev", "node_id": "test.data_pipeline_example.not_null_stg_orders_product_id.034adb910e"} */

    select
      count(*) as failures,
      count(*) != 0 as should_warn,
      count(*) != 0 as should_error
    from (
      
    
  
    
    



select product_id
from "dev"."main"."stg_orders"
where product_id is null



  
  
      
    ) dbt_internal_test
[0m13:46:10.909257 [debug] [Thread-3 (]: On test.data_pipeline_example.not_null_stg_products_product_id.6373b0acf3: /* {"app": "dbt", "dbt_version": "1.8.9", "profile_name": "data_pipeline_example", "target_name": "dev", "node_id": "test.data_pipeline_example.not_null_stg_products_product_id.6373b0acf3"} */

    select
      count(*) as failures,
      count(*) != 0 as should_warn,
      count(*) != 0 as should_error
    from (
      
    
  
    
    



select product_id
from "dev"."main"."stg_products"
where product_id is null



  
  
      
    ) dbt_internal_test
[0m13:46:10.909451 [debug] [Thread-4 (]: SQL status: OK in 0.000 seconds
[0m13:46:10.909621 [debug] [Thread-2 (]: SQL status: OK in 0.000 seconds
[0m13:46:10.909741 [debug] [Thread-1 (]: SQL status: OK in 0.000 seconds
[0m13:46:10.909866 [debug] [Thread-3 (]: SQL status: OK in 0.000 seconds
[0m13:46:10.910318 [debug] [Thread-4 (]: On test.data_pipeline_example.not_null_stg_products_category.6007d8b2d1: ROLLBACK
[0m13:46:10.910700 [debug] [Thread-2 (]: On test.data_pipeline_example.not_null_stg_orders_status.2b01eecbd6: ROLLBACK
[0m13:46:10.911061 [debug] [Thread-1 (]: On test.data_pipeline_example.not_null_stg_orders_product_id.034adb910e: ROLLBACK
[0m13:46:10.911453 [debug] [Thread-3 (]: On test.data_pipeline_example.not_null_stg_products_product_id.6373b0acf3: ROLLBACK
[0m13:46:10.911787 [debug] [Thread-4 (]: Failed to rollback 'test.data_pipeline_example.not_null_stg_products_category.6007d8b2d1'
[0m13:46:10.912084 [debug] [Thread-2 (]: Failed to rollback 'test.data_pipeline_example.not_null_stg_orders_status.2b01eecbd6'
[0m13:46:10.912377 [debug] [Thread-1 (]: Failed to rollback 'test.data_pipeline_example.not_null_stg_orders_product_id.034adb910e'
[0m13:46:10.912657 [debug] [Thread-3 (]: Failed to rollback 'test.data_pipeline_example.not_null_stg_products_product_id.6373b0acf3'
[0m13:46:10.912769 [debug] [Thread-4 (]: On test.data_pipeline_example.not_null_stg_products_category.6007d8b2d1: Close
[0m13:46:10.912870 [debug] [Thread-2 (]: On test.data_pipeline_example.not_null_stg_orders_status.2b01eecbd6: Close
[0m13:46:10.912974 [debug] [Thread-1 (]: On test.data_pipeline_example.not_null_stg_orders_product_id.034adb910e: Close
[0m13:46:10.913068 [debug] [Thread-3 (]: On test.data_pipeline_example.not_null_stg_products_product_id.6373b0acf3: Close
[0m13:46:10.913234 [info ] [Thread-4 (]: 35 of 46 PASS not_null_stg_products_category ................................... [[32mPASS[0m in 0.02s]
[0m13:46:10.913428 [info ] [Thread-2 (]: 34 of 46 PASS not_null_stg_orders_status ....................................... [[32mPASS[0m in 0.02s]
[0m13:46:10.913615 [info ] [Thread-1 (]: 33 of 46 PASS not_null_stg_orders_product_id ................................... [[32mPASS[0m in 0.02s]
[0m13:46:10.913805 [debug] [Thread-4 (]: Finished running node test.data_pipeline_example.not_null_stg_products_category.6007d8b2d1
[0m13:46:10.913973 [debug] [Thread-2 (]: Finished running node test.data_pipeline_example.not_null_stg_orders_status.2b01eecbd6
[0m13:46:10.914147 [debug] [Thread-1 (]: Finished running node test.data_pipeline_example.not_null_stg_orders_product_id.034adb910e
[0m13:46:10.914423 [debug] [Thread-4 (]: Began running node test.data_pipeline_example.not_null_stg_products_product_name.0b59e4b939
[0m13:46:10.914306 [info ] [Thread-3 (]: 36 of 46 PASS not_null_stg_products_product_id ................................. [[32mPASS[0m in 0.02s]
[0m13:46:10.914602 [debug] [Thread-2 (]: Began running node test.data_pipeline_example.not_null_stg_products_unit_price.0be67d1be2
[0m13:46:10.914731 [debug] [Thread-1 (]: Began running node test.data_pipeline_example.relationships_fact_orders_customer_id__customer_id__ref_dim_customers_.990af5a19b
[0m13:46:10.914852 [info ] [Thread-4 (]: 37 of 46 START test not_null_stg_products_product_name ......................... [RUN]
[0m13:46:10.915022 [debug] [Thread-3 (]: Finished running node test.data_pipeline_example.not_null_stg_products_product_id.6373b0acf3
[0m13:46:10.915134 [info ] [Thread-2 (]: 38 of 46 START test not_null_stg_products_unit_price ........................... [RUN]
[0m13:46:10.915271 [info ] [Thread-1 (]: 39 of 46 START test relationships_fact_orders_customer_id__customer_id__ref_dim_customers_  [RUN]
[0m13:46:10.915408 [debug] [Thread-4 (]: Re-using an available connection from the pool (formerly test.data_pipeline_example.not_null_stg_products_category.6007d8b2d1, now test.data_pipeline_example.not_null_stg_products_product_name.0b59e4b939)
[0m13:46:10.915542 [debug] [Thread-3 (]: Began running node test.data_pipeline_example.relationships_stg_orders_customer_id__customer_id__ref_stg_customers_.430bf21500
[0m13:46:10.915667 [debug] [Thread-2 (]: Re-using an available connection from the pool (formerly test.data_pipeline_example.not_null_stg_orders_status.2b01eecbd6, now test.data_pipeline_example.not_null_stg_products_unit_price.0be67d1be2)
[0m13:46:10.915791 [debug] [Thread-1 (]: Re-using an available connection from the pool (formerly test.data_pipeline_example.not_null_stg_orders_product_id.034adb910e, now test.data_pipeline_example.relationships_fact_orders_customer_id__customer_id__ref_dim_customers_.990af5a19b)
[0m13:46:10.915904 [debug] [Thread-4 (]: Began compiling node test.data_pipeline_example.not_null_stg_products_product_name.0b59e4b939
[0m13:46:10.916008 [info ] [Thread-3 (]: 40 of 46 START test relationships_stg_orders_customer_id__customer_id__ref_stg_customers_  [RUN]
[0m13:46:10.916122 [debug] [Thread-2 (]: Began compiling node test.data_pipeline_example.not_null_stg_products_unit_price.0be67d1be2
[0m13:46:10.916234 [debug] [Thread-1 (]: Began compiling node test.data_pipeline_example.relationships_fact_orders_customer_id__customer_id__ref_dim_customers_.990af5a19b
[0m13:46:10.917554 [debug] [Thread-4 (]: Writing injected SQL for node "test.data_pipeline_example.not_null_stg_products_product_name.0b59e4b939"
[0m13:46:10.917674 [debug] [Thread-3 (]: Re-using an available connection from the pool (formerly test.data_pipeline_example.not_null_stg_products_product_id.6373b0acf3, now test.data_pipeline_example.relationships_stg_orders_customer_id__customer_id__ref_stg_customers_.430bf21500)
[0m13:46:10.918834 [debug] [Thread-2 (]: Writing injected SQL for node "test.data_pipeline_example.not_null_stg_products_unit_price.0be67d1be2"
[0m13:46:10.920249 [debug] [Thread-1 (]: Writing injected SQL for node "test.data_pipeline_example.relationships_fact_orders_customer_id__customer_id__ref_dim_customers_.990af5a19b"
[0m13:46:10.920400 [debug] [Thread-3 (]: Began compiling node test.data_pipeline_example.relationships_stg_orders_customer_id__customer_id__ref_stg_customers_.430bf21500
[0m13:46:10.921994 [debug] [Thread-3 (]: Writing injected SQL for node "test.data_pipeline_example.relationships_stg_orders_customer_id__customer_id__ref_stg_customers_.430bf21500"
[0m13:46:10.922146 [debug] [Thread-4 (]: Began executing node test.data_pipeline_example.not_null_stg_products_product_name.0b59e4b939
[0m13:46:10.923545 [debug] [Thread-4 (]: Writing runtime sql for node "test.data_pipeline_example.not_null_stg_products_product_name.0b59e4b939"
[0m13:46:10.923688 [debug] [Thread-1 (]: Began executing node test.data_pipeline_example.relationships_fact_orders_customer_id__customer_id__ref_dim_customers_.990af5a19b
[0m13:46:10.924434 [debug] [Thread-1 (]: Writing runtime sql for node "test.data_pipeline_example.relationships_fact_orders_customer_id__customer_id__ref_dim_customers_.990af5a19b"
[0m13:46:10.924636 [debug] [Thread-2 (]: Began executing node test.data_pipeline_example.not_null_stg_products_unit_price.0be67d1be2
[0m13:46:10.925409 [debug] [Thread-2 (]: Writing runtime sql for node "test.data_pipeline_example.not_null_stg_products_unit_price.0be67d1be2"
[0m13:46:10.925541 [debug] [Thread-3 (]: Began executing node test.data_pipeline_example.relationships_stg_orders_customer_id__customer_id__ref_stg_customers_.430bf21500
[0m13:46:10.925699 [debug] [Thread-4 (]: Using duckdb connection "test.data_pipeline_example.not_null_stg_products_product_name.0b59e4b939"
[0m13:46:10.926426 [debug] [Thread-3 (]: Writing runtime sql for node "test.data_pipeline_example.relationships_stg_orders_customer_id__customer_id__ref_stg_customers_.430bf21500"
[0m13:46:10.926565 [debug] [Thread-1 (]: Using duckdb connection "test.data_pipeline_example.relationships_fact_orders_customer_id__customer_id__ref_dim_customers_.990af5a19b"
[0m13:46:10.926680 [debug] [Thread-4 (]: On test.data_pipeline_example.not_null_stg_products_product_name.0b59e4b939: BEGIN
[0m13:46:10.926850 [debug] [Thread-2 (]: Using duckdb connection "test.data_pipeline_example.not_null_stg_products_unit_price.0be67d1be2"
[0m13:46:10.926962 [debug] [Thread-1 (]: On test.data_pipeline_example.relationships_fact_orders_customer_id__customer_id__ref_dim_customers_.990af5a19b: BEGIN
[0m13:46:10.927078 [debug] [Thread-4 (]: Opening a new connection, currently in state closed
[0m13:46:10.927200 [debug] [Thread-2 (]: On test.data_pipeline_example.not_null_stg_products_unit_price.0be67d1be2: BEGIN
[0m13:46:10.927315 [debug] [Thread-1 (]: Opening a new connection, currently in state closed
[0m13:46:10.927433 [debug] [Thread-3 (]: Using duckdb connection "test.data_pipeline_example.relationships_stg_orders_customer_id__customer_id__ref_stg_customers_.430bf21500"
[0m13:46:10.927580 [debug] [Thread-2 (]: Opening a new connection, currently in state closed
[0m13:46:10.927698 [debug] [Thread-3 (]: On test.data_pipeline_example.relationships_stg_orders_customer_id__customer_id__ref_stg_customers_.430bf21500: BEGIN
[0m13:46:10.927813 [debug] [Thread-3 (]: Opening a new connection, currently in state closed
[0m13:46:10.931324 [debug] [Thread-4 (]: SQL status: OK in 0.004 seconds
[0m13:46:10.931482 [debug] [Thread-1 (]: SQL status: OK in 0.004 seconds
[0m13:46:10.931599 [debug] [Thread-2 (]: SQL status: OK in 0.004 seconds
[0m13:46:10.931724 [debug] [Thread-4 (]: Using duckdb connection "test.data_pipeline_example.not_null_stg_products_product_name.0b59e4b939"
[0m13:46:10.931837 [debug] [Thread-3 (]: SQL status: OK in 0.004 seconds
[0m13:46:10.931937 [debug] [Thread-1 (]: Using duckdb connection "test.data_pipeline_example.relationships_fact_orders_customer_id__customer_id__ref_dim_customers_.990af5a19b"
[0m13:46:10.932035 [debug] [Thread-2 (]: Using duckdb connection "test.data_pipeline_example.not_null_stg_products_unit_price.0be67d1be2"
[0m13:46:10.932138 [debug] [Thread-4 (]: On test.data_pipeline_example.not_null_stg_products_product_name.0b59e4b939: /* {"app": "dbt", "dbt_version": "1.8.9", "profile_name": "data_pipeline_example", "target_name": "dev", "node_id": "test.data_pipeline_example.not_null_stg_products_product_name.0b59e4b939"} */

    select
      count(*) as failures,
      count(*) != 0 as should_warn,
      count(*) != 0 as should_error
    from (
      
    
  
    
    



select product_name
from "dev"."main"."stg_products"
where product_name is null



  
  
      
    ) dbt_internal_test
[0m13:46:10.932249 [debug] [Thread-3 (]: Using duckdb connection "test.data_pipeline_example.relationships_stg_orders_customer_id__customer_id__ref_stg_customers_.430bf21500"
[0m13:46:10.932363 [debug] [Thread-1 (]: On test.data_pipeline_example.relationships_fact_orders_customer_id__customer_id__ref_dim_customers_.990af5a19b: /* {"app": "dbt", "dbt_version": "1.8.9", "profile_name": "data_pipeline_example", "target_name": "dev", "node_id": "test.data_pipeline_example.relationships_fact_orders_customer_id__customer_id__ref_dim_customers_.990af5a19b"} */

    select
      count(*) as failures,
      count(*) != 0 as should_warn,
      count(*) != 0 as should_error
    from (
      
    
  
    
    

with child as (
    select customer_id as from_field
    from "dev"."main"."fact_orders"
    where customer_id is not null
),

parent as (
    select customer_id as to_field
    from "dev"."main"."dim_customers"
)

select
    from_field

from child
left join parent
    on child.from_field = parent.to_field

where parent.to_field is null



  
  
      
    ) dbt_internal_test
[0m13:46:10.932476 [debug] [Thread-2 (]: On test.data_pipeline_example.not_null_stg_products_unit_price.0be67d1be2: /* {"app": "dbt", "dbt_version": "1.8.9", "profile_name": "data_pipeline_example", "target_name": "dev", "node_id": "test.data_pipeline_example.not_null_stg_products_unit_price.0be67d1be2"} */

    select
      count(*) as failures,
      count(*) != 0 as should_warn,
      count(*) != 0 as should_error
    from (
      
    
  
    
    



select unit_price
from "dev"."main"."stg_products"
where unit_price is null



  
  
      
    ) dbt_internal_test
[0m13:46:10.932652 [debug] [Thread-3 (]: On test.data_pipeline_example.relationships_stg_orders_customer_id__customer_id__ref_stg_customers_.430bf21500: /* {"app": "dbt", "dbt_version": "1.8.9", "profile_name": "data_pipeline_example", "target_name": "dev", "node_id": "test.data_pipeline_example.relationships_stg_orders_customer_id__customer_id__ref_stg_customers_.430bf21500"} */

    select
      count(*) as failures,
      count(*) != 0 as should_warn,
      count(*) != 0 as should_error
    from (
      
    
  
    
    

with child as (
    select customer_id as from_field
    from "dev"."main"."stg_orders"
    where customer_id is not null
),

parent as (
    select customer_id as to_field
    from "dev"."main"."stg_customers"
)

select
    from_field

from child
left join parent
    on child.from_field = parent.to_field

where parent.to_field is null



  
  
      
    ) dbt_internal_test
[0m13:46:10.932891 [debug] [Thread-4 (]: SQL status: OK in 0.000 seconds
[0m13:46:10.933442 [debug] [Thread-4 (]: On test.data_pipeline_example.not_null_stg_products_product_name.0b59e4b939: ROLLBACK
[0m13:46:10.933566 [debug] [Thread-2 (]: SQL status: OK in 0.001 seconds
[0m13:46:10.933909 [debug] [Thread-4 (]: Failed to rollback 'test.data_pipeline_example.not_null_stg_products_product_name.0b59e4b939'
[0m13:46:10.934390 [debug] [Thread-2 (]: On test.data_pipeline_example.not_null_stg_products_unit_price.0be67d1be2: ROLLBACK
[0m13:46:10.934505 [debug] [Thread-4 (]: On test.data_pipeline_example.not_null_stg_products_product_name.0b59e4b939: Close
[0m13:46:10.934875 [debug] [Thread-2 (]: Failed to rollback 'test.data_pipeline_example.not_null_stg_products_unit_price.0be67d1be2'
[0m13:46:10.934996 [debug] [Thread-2 (]: On test.data_pipeline_example.not_null_stg_products_unit_price.0be67d1be2: Close
[0m13:46:10.935298 [debug] [Thread-3 (]: SQL status: OK in 0.002 seconds
[0m13:46:10.935192 [info ] [Thread-4 (]: 37 of 46 PASS not_null_stg_products_product_name ............................... [[32mPASS[0m in 0.02s]
[0m13:46:10.935596 [debug] [Thread-1 (]: SQL status: OK in 0.003 seconds
[0m13:46:10.935501 [info ] [Thread-2 (]: 38 of 46 PASS not_null_stg_products_unit_price ................................. [[32mPASS[0m in 0.02s]
[0m13:46:10.935810 [debug] [Thread-4 (]: Finished running node test.data_pipeline_example.not_null_stg_products_product_name.0b59e4b939
[0m13:46:10.936215 [debug] [Thread-3 (]: On test.data_pipeline_example.relationships_stg_orders_customer_id__customer_id__ref_stg_customers_.430bf21500: ROLLBACK
[0m13:46:10.936399 [debug] [Thread-2 (]: Finished running node test.data_pipeline_example.not_null_stg_products_unit_price.0be67d1be2
[0m13:46:10.936789 [debug] [Thread-1 (]: On test.data_pipeline_example.relationships_fact_orders_customer_id__customer_id__ref_dim_customers_.990af5a19b: ROLLBACK
[0m13:46:10.936923 [debug] [Thread-4 (]: Began running node test.data_pipeline_example.relationships_stg_orders_product_id__product_id__ref_stg_products_.9f9d411d80
[0m13:46:10.937228 [debug] [Thread-3 (]: Failed to rollback 'test.data_pipeline_example.relationships_stg_orders_customer_id__customer_id__ref_stg_customers_.430bf21500'
[0m13:46:10.937352 [debug] [Thread-2 (]: Began running node test.data_pipeline_example.unique_dim_customers_customer_id.15c9f1e2fd
[0m13:46:10.937673 [debug] [Thread-1 (]: Failed to rollback 'test.data_pipeline_example.relationships_fact_orders_customer_id__customer_id__ref_dim_customers_.990af5a19b'
[0m13:46:10.937798 [info ] [Thread-4 (]: 41 of 46 START test relationships_stg_orders_product_id__product_id__ref_stg_products_  [RUN]
[0m13:46:10.937927 [debug] [Thread-3 (]: On test.data_pipeline_example.relationships_stg_orders_customer_id__customer_id__ref_stg_customers_.430bf21500: Close
[0m13:46:10.938048 [info ] [Thread-2 (]: 42 of 46 START test unique_dim_customers_customer_id ........................... [RUN]
[0m13:46:10.938176 [debug] [Thread-1 (]: On test.data_pipeline_example.relationships_fact_orders_customer_id__customer_id__ref_dim_customers_.990af5a19b: Close
[0m13:46:10.938303 [debug] [Thread-4 (]: Re-using an available connection from the pool (formerly test.data_pipeline_example.not_null_stg_products_product_name.0b59e4b939, now test.data_pipeline_example.relationships_stg_orders_product_id__product_id__ref_stg_products_.9f9d411d80)
[0m13:46:10.938559 [debug] [Thread-2 (]: Re-using an available connection from the pool (formerly test.data_pipeline_example.not_null_stg_products_unit_price.0be67d1be2, now test.data_pipeline_example.unique_dim_customers_customer_id.15c9f1e2fd)
[0m13:46:10.938465 [info ] [Thread-3 (]: 40 of 46 PASS relationships_stg_orders_customer_id__customer_id__ref_stg_customers_  [[32mPASS[0m in 0.02s]
[0m13:46:10.938720 [debug] [Thread-4 (]: Began compiling node test.data_pipeline_example.relationships_stg_orders_product_id__product_id__ref_stg_products_.9f9d411d80
[0m13:46:10.938841 [debug] [Thread-2 (]: Began compiling node test.data_pipeline_example.unique_dim_customers_customer_id.15c9f1e2fd
[0m13:46:10.939009 [debug] [Thread-3 (]: Finished running node test.data_pipeline_example.relationships_stg_orders_customer_id__customer_id__ref_stg_customers_.430bf21500
[0m13:46:10.940912 [debug] [Thread-4 (]: Writing injected SQL for node "test.data_pipeline_example.relationships_stg_orders_product_id__product_id__ref_stg_products_.9f9d411d80"
[0m13:46:10.939171 [info ] [Thread-1 (]: 39 of 46 PASS relationships_fact_orders_customer_id__customer_id__ref_dim_customers_  [[32mPASS[0m in 0.02s]
[0m13:46:10.942921 [debug] [Thread-2 (]: Writing injected SQL for node "test.data_pipeline_example.unique_dim_customers_customer_id.15c9f1e2fd"
[0m13:46:10.943059 [debug] [Thread-3 (]: Began running node test.data_pipeline_example.unique_fact_orders_order_id.93a68b4064
[0m13:46:10.943279 [debug] [Thread-1 (]: Finished running node test.data_pipeline_example.relationships_fact_orders_customer_id__customer_id__ref_dim_customers_.990af5a19b
[0m13:46:10.943441 [info ] [Thread-3 (]: 43 of 46 START test unique_fact_orders_order_id ................................ [RUN]
[0m13:46:10.943628 [debug] [Thread-1 (]: Began running node test.data_pipeline_example.unique_stg_customers_customer_id.c7614daada
[0m13:46:10.943744 [debug] [Thread-4 (]: Began executing node test.data_pipeline_example.relationships_stg_orders_product_id__product_id__ref_stg_products_.9f9d411d80
[0m13:46:10.943886 [debug] [Thread-3 (]: Re-using an available connection from the pool (formerly test.data_pipeline_example.relationships_stg_orders_customer_id__customer_id__ref_stg_customers_.430bf21500, now test.data_pipeline_example.unique_fact_orders_order_id.93a68b4064)
[0m13:46:10.943996 [debug] [Thread-2 (]: Began executing node test.data_pipeline_example.unique_dim_customers_customer_id.15c9f1e2fd
[0m13:46:10.944110 [info ] [Thread-1 (]: 44 of 46 START test unique_stg_customers_customer_id ........................... [RUN]
[0m13:46:10.944899 [debug] [Thread-4 (]: Writing runtime sql for node "test.data_pipeline_example.relationships_stg_orders_product_id__product_id__ref_stg_products_.9f9d411d80"
[0m13:46:10.945011 [debug] [Thread-3 (]: Began compiling node test.data_pipeline_example.unique_fact_orders_order_id.93a68b4064
[0m13:46:10.945707 [debug] [Thread-2 (]: Writing runtime sql for node "test.data_pipeline_example.unique_dim_customers_customer_id.15c9f1e2fd"
[0m13:46:10.945822 [debug] [Thread-1 (]: Re-using an available connection from the pool (formerly test.data_pipeline_example.relationships_fact_orders_customer_id__customer_id__ref_dim_customers_.990af5a19b, now test.data_pipeline_example.unique_stg_customers_customer_id.c7614daada)
[0m13:46:10.946994 [debug] [Thread-3 (]: Writing injected SQL for node "test.data_pipeline_example.unique_fact_orders_order_id.93a68b4064"
[0m13:46:10.947159 [debug] [Thread-1 (]: Began compiling node test.data_pipeline_example.unique_stg_customers_customer_id.c7614daada
[0m13:46:10.947313 [debug] [Thread-4 (]: Using duckdb connection "test.data_pipeline_example.relationships_stg_orders_product_id__product_id__ref_stg_products_.9f9d411d80"
[0m13:46:10.948447 [debug] [Thread-1 (]: Writing injected SQL for node "test.data_pipeline_example.unique_stg_customers_customer_id.c7614daada"
[0m13:46:10.948572 [debug] [Thread-4 (]: On test.data_pipeline_example.relationships_stg_orders_product_id__product_id__ref_stg_products_.9f9d411d80: BEGIN
[0m13:46:10.948703 [debug] [Thread-2 (]: Using duckdb connection "test.data_pipeline_example.unique_dim_customers_customer_id.15c9f1e2fd"
[0m13:46:10.948870 [debug] [Thread-4 (]: Opening a new connection, currently in state closed
[0m13:46:10.948988 [debug] [Thread-2 (]: On test.data_pipeline_example.unique_dim_customers_customer_id.15c9f1e2fd: BEGIN
[0m13:46:10.949101 [debug] [Thread-3 (]: Began executing node test.data_pipeline_example.unique_fact_orders_order_id.93a68b4064
[0m13:46:10.949246 [debug] [Thread-1 (]: Began executing node test.data_pipeline_example.unique_stg_customers_customer_id.c7614daada
[0m13:46:10.949348 [debug] [Thread-2 (]: Opening a new connection, currently in state closed
[0m13:46:10.950070 [debug] [Thread-3 (]: Writing runtime sql for node "test.data_pipeline_example.unique_fact_orders_order_id.93a68b4064"
[0m13:46:10.951509 [debug] [Thread-1 (]: Writing runtime sql for node "test.data_pipeline_example.unique_stg_customers_customer_id.c7614daada"
[0m13:46:10.951856 [debug] [Thread-3 (]: Using duckdb connection "test.data_pipeline_example.unique_fact_orders_order_id.93a68b4064"
[0m13:46:10.951990 [debug] [Thread-1 (]: Using duckdb connection "test.data_pipeline_example.unique_stg_customers_customer_id.c7614daada"
[0m13:46:10.952103 [debug] [Thread-3 (]: On test.data_pipeline_example.unique_fact_orders_order_id.93a68b4064: BEGIN
[0m13:46:10.952214 [debug] [Thread-1 (]: On test.data_pipeline_example.unique_stg_customers_customer_id.c7614daada: BEGIN
[0m13:46:10.952319 [debug] [Thread-3 (]: Opening a new connection, currently in state closed
[0m13:46:10.952423 [debug] [Thread-1 (]: Opening a new connection, currently in state closed
[0m13:46:10.953099 [debug] [Thread-4 (]: SQL status: OK in 0.004 seconds
[0m13:46:10.953221 [debug] [Thread-3 (]: SQL status: OK in 0.001 seconds
[0m13:46:10.953353 [debug] [Thread-4 (]: Using duckdb connection "test.data_pipeline_example.relationships_stg_orders_product_id__product_id__ref_stg_products_.9f9d411d80"
[0m13:46:10.953461 [debug] [Thread-2 (]: SQL status: OK in 0.004 seconds
[0m13:46:10.953570 [debug] [Thread-1 (]: SQL status: OK in 0.001 seconds
[0m13:46:10.953676 [debug] [Thread-3 (]: Using duckdb connection "test.data_pipeline_example.unique_fact_orders_order_id.93a68b4064"
[0m13:46:10.953799 [debug] [Thread-4 (]: On test.data_pipeline_example.relationships_stg_orders_product_id__product_id__ref_stg_products_.9f9d411d80: /* {"app": "dbt", "dbt_version": "1.8.9", "profile_name": "data_pipeline_example", "target_name": "dev", "node_id": "test.data_pipeline_example.relationships_stg_orders_product_id__product_id__ref_stg_products_.9f9d411d80"} */

    select
      count(*) as failures,
      count(*) != 0 as should_warn,
      count(*) != 0 as should_error
    from (
      
    
  
    
    

with child as (
    select product_id as from_field
    from "dev"."main"."stg_orders"
    where product_id is not null
),

parent as (
    select product_id as to_field
    from "dev"."main"."stg_products"
)

select
    from_field

from child
left join parent
    on child.from_field = parent.to_field

where parent.to_field is null



  
  
      
    ) dbt_internal_test
[0m13:46:10.953928 [debug] [Thread-2 (]: Using duckdb connection "test.data_pipeline_example.unique_dim_customers_customer_id.15c9f1e2fd"
[0m13:46:10.954037 [debug] [Thread-1 (]: Using duckdb connection "test.data_pipeline_example.unique_stg_customers_customer_id.c7614daada"
[0m13:46:10.954152 [debug] [Thread-3 (]: On test.data_pipeline_example.unique_fact_orders_order_id.93a68b4064: /* {"app": "dbt", "dbt_version": "1.8.9", "profile_name": "data_pipeline_example", "target_name": "dev", "node_id": "test.data_pipeline_example.unique_fact_orders_order_id.93a68b4064"} */

    select
      count(*) as failures,
      count(*) != 0 as should_warn,
      count(*) != 0 as should_error
    from (
      
    
  
    
    

select
    order_id as unique_field,
    count(*) as n_records

from "dev"."main"."fact_orders"
where order_id is not null
group by order_id
having count(*) > 1



  
  
      
    ) dbt_internal_test
[0m13:46:10.954311 [debug] [Thread-2 (]: On test.data_pipeline_example.unique_dim_customers_customer_id.15c9f1e2fd: /* {"app": "dbt", "dbt_version": "1.8.9", "profile_name": "data_pipeline_example", "target_name": "dev", "node_id": "test.data_pipeline_example.unique_dim_customers_customer_id.15c9f1e2fd"} */

    select
      count(*) as failures,
      count(*) != 0 as should_warn,
      count(*) != 0 as should_error
    from (
      
    
  
    
    

select
    customer_id as unique_field,
    count(*) as n_records

from "dev"."main"."dim_customers"
where customer_id is not null
group by customer_id
having count(*) > 1



  
  
      
    ) dbt_internal_test
[0m13:46:10.954441 [debug] [Thread-1 (]: On test.data_pipeline_example.unique_stg_customers_customer_id.c7614daada: /* {"app": "dbt", "dbt_version": "1.8.9", "profile_name": "data_pipeline_example", "target_name": "dev", "node_id": "test.data_pipeline_example.unique_stg_customers_customer_id.c7614daada"} */

    select
      count(*) as failures,
      count(*) != 0 as should_warn,
      count(*) != 0 as should_error
    from (
      
    
  
    
    

select
    customer_id as unique_field,
    count(*) as n_records

from "dev"."main"."stg_customers"
where customer_id is not null
group by customer_id
having count(*) > 1



  
  
      
    ) dbt_internal_test
[0m13:46:10.954848 [debug] [Thread-4 (]: SQL status: OK in 0.001 seconds
[0m13:46:10.955395 [debug] [Thread-4 (]: On test.data_pipeline_example.relationships_stg_orders_product_id__product_id__ref_stg_products_.9f9d411d80: ROLLBACK
[0m13:46:10.955746 [debug] [Thread-4 (]: Failed to rollback 'test.data_pipeline_example.relationships_stg_orders_product_id__product_id__ref_stg_products_.9f9d411d80'
[0m13:46:10.955881 [debug] [Thread-4 (]: On test.data_pipeline_example.relationships_stg_orders_product_id__product_id__ref_stg_products_.9f9d411d80: Close
[0m13:46:10.955992 [debug] [Thread-1 (]: SQL status: OK in 0.001 seconds
[0m13:46:10.956097 [debug] [Thread-2 (]: SQL status: OK in 0.001 seconds
[0m13:46:10.956190 [debug] [Thread-3 (]: SQL status: OK in 0.002 seconds
[0m13:46:10.956358 [info ] [Thread-4 (]: 41 of 46 PASS relationships_stg_orders_product_id__product_id__ref_stg_products_  [[32mPASS[0m in 0.02s]
[0m13:46:10.956860 [debug] [Thread-1 (]: On test.data_pipeline_example.unique_stg_customers_customer_id.c7614daada: ROLLBACK
[0m13:46:10.957264 [debug] [Thread-2 (]: On test.data_pipeline_example.unique_dim_customers_customer_id.15c9f1e2fd: ROLLBACK
[0m13:46:10.957665 [debug] [Thread-3 (]: On test.data_pipeline_example.unique_fact_orders_order_id.93a68b4064: ROLLBACK
[0m13:46:10.957832 [debug] [Thread-4 (]: Finished running node test.data_pipeline_example.relationships_stg_orders_product_id__product_id__ref_stg_products_.9f9d411d80
[0m13:46:10.958164 [debug] [Thread-1 (]: Failed to rollback 'test.data_pipeline_example.unique_stg_customers_customer_id.c7614daada'
[0m13:46:10.958455 [debug] [Thread-2 (]: Failed to rollback 'test.data_pipeline_example.unique_dim_customers_customer_id.15c9f1e2fd'
[0m13:46:10.958739 [debug] [Thread-3 (]: Failed to rollback 'test.data_pipeline_example.unique_fact_orders_order_id.93a68b4064'
[0m13:46:10.958872 [debug] [Thread-4 (]: Began running node test.data_pipeline_example.unique_stg_orders_order_id.e3b841c71a
[0m13:46:10.959002 [debug] [Thread-1 (]: On test.data_pipeline_example.unique_stg_customers_customer_id.c7614daada: Close
[0m13:46:10.959110 [debug] [Thread-2 (]: On test.data_pipeline_example.unique_dim_customers_customer_id.15c9f1e2fd: Close
[0m13:46:10.959216 [debug] [Thread-3 (]: On test.data_pipeline_example.unique_fact_orders_order_id.93a68b4064: Close
[0m13:46:10.959339 [info ] [Thread-4 (]: 45 of 46 START test unique_stg_orders_order_id ................................. [RUN]
[0m13:46:10.959528 [info ] [Thread-1 (]: 44 of 46 PASS unique_stg_customers_customer_id ................................. [[32mPASS[0m in 0.01s]
[0m13:46:10.959720 [info ] [Thread-2 (]: 42 of 46 PASS unique_dim_customers_customer_id ................................. [[32mPASS[0m in 0.02s]
[0m13:46:10.959871 [debug] [Thread-4 (]: Re-using an available connection from the pool (formerly test.data_pipeline_example.relationships_stg_orders_product_id__product_id__ref_stg_products_.9f9d411d80, now test.data_pipeline_example.unique_stg_orders_order_id.e3b841c71a)
[0m13:46:10.960049 [debug] [Thread-1 (]: Finished running node test.data_pipeline_example.unique_stg_customers_customer_id.c7614daada
[0m13:46:10.960217 [debug] [Thread-2 (]: Finished running node test.data_pipeline_example.unique_dim_customers_customer_id.15c9f1e2fd
[0m13:46:10.960466 [debug] [Thread-4 (]: Began compiling node test.data_pipeline_example.unique_stg_orders_order_id.e3b841c71a
[0m13:46:10.960370 [info ] [Thread-3 (]: 43 of 46 PASS unique_fact_orders_order_id ...................................... [[32mPASS[0m in 0.02s]
[0m13:46:10.960627 [debug] [Thread-1 (]: Began running node test.data_pipeline_example.unique_stg_products_product_id.7d950a1467
[0m13:46:10.961969 [debug] [Thread-4 (]: Writing injected SQL for node "test.data_pipeline_example.unique_stg_orders_order_id.e3b841c71a"
[0m13:46:10.962137 [debug] [Thread-3 (]: Finished running node test.data_pipeline_example.unique_fact_orders_order_id.93a68b4064
[0m13:46:10.962244 [info ] [Thread-1 (]: 46 of 46 START test unique_stg_products_product_id ............................. [RUN]
[0m13:46:10.962430 [debug] [Thread-1 (]: Re-using an available connection from the pool (formerly test.data_pipeline_example.unique_stg_customers_customer_id.c7614daada, now test.data_pipeline_example.unique_stg_products_product_id.7d950a1467)
[0m13:46:10.962544 [debug] [Thread-1 (]: Began compiling node test.data_pipeline_example.unique_stg_products_product_id.7d950a1467
[0m13:46:10.963633 [debug] [Thread-1 (]: Writing injected SQL for node "test.data_pipeline_example.unique_stg_products_product_id.7d950a1467"
[0m13:46:10.963797 [debug] [Thread-4 (]: Began executing node test.data_pipeline_example.unique_stg_orders_order_id.e3b841c71a
[0m13:46:10.964518 [debug] [Thread-4 (]: Writing runtime sql for node "test.data_pipeline_example.unique_stg_orders_order_id.e3b841c71a"
[0m13:46:10.964692 [debug] [Thread-1 (]: Began executing node test.data_pipeline_example.unique_stg_products_product_id.7d950a1467
[0m13:46:10.965389 [debug] [Thread-1 (]: Writing runtime sql for node "test.data_pipeline_example.unique_stg_products_product_id.7d950a1467"
[0m13:46:10.965567 [debug] [Thread-4 (]: Using duckdb connection "test.data_pipeline_example.unique_stg_orders_order_id.e3b841c71a"
[0m13:46:10.965684 [debug] [Thread-4 (]: On test.data_pipeline_example.unique_stg_orders_order_id.e3b841c71a: BEGIN
[0m13:46:10.965783 [debug] [Thread-4 (]: Opening a new connection, currently in state closed
[0m13:46:10.965952 [debug] [Thread-1 (]: Using duckdb connection "test.data_pipeline_example.unique_stg_products_product_id.7d950a1467"
[0m13:46:10.966060 [debug] [Thread-1 (]: On test.data_pipeline_example.unique_stg_products_product_id.7d950a1467: BEGIN
[0m13:46:10.966164 [debug] [Thread-1 (]: Opening a new connection, currently in state closed
[0m13:46:10.969458 [debug] [Thread-4 (]: SQL status: OK in 0.004 seconds
[0m13:46:10.969584 [debug] [Thread-4 (]: Using duckdb connection "test.data_pipeline_example.unique_stg_orders_order_id.e3b841c71a"
[0m13:46:10.969694 [debug] [Thread-1 (]: SQL status: OK in 0.004 seconds
[0m13:46:10.969823 [debug] [Thread-4 (]: On test.data_pipeline_example.unique_stg_orders_order_id.e3b841c71a: /* {"app": "dbt", "dbt_version": "1.8.9", "profile_name": "data_pipeline_example", "target_name": "dev", "node_id": "test.data_pipeline_example.unique_stg_orders_order_id.e3b841c71a"} */

    select
      count(*) as failures,
      count(*) != 0 as should_warn,
      count(*) != 0 as should_error
    from (
      
    
  
    
    

select
    order_id as unique_field,
    count(*) as n_records

from "dev"."main"."stg_orders"
where order_id is not null
group by order_id
having count(*) > 1



  
  
      
    ) dbt_internal_test
[0m13:46:10.969955 [debug] [Thread-1 (]: Using duckdb connection "test.data_pipeline_example.unique_stg_products_product_id.7d950a1467"
[0m13:46:10.970107 [debug] [Thread-1 (]: On test.data_pipeline_example.unique_stg_products_product_id.7d950a1467: /* {"app": "dbt", "dbt_version": "1.8.9", "profile_name": "data_pipeline_example", "target_name": "dev", "node_id": "test.data_pipeline_example.unique_stg_products_product_id.7d950a1467"} */

    select
      count(*) as failures,
      count(*) != 0 as should_warn,
      count(*) != 0 as should_error
    from (
      
    
  
    
    

select
    product_id as unique_field,
    count(*) as n_records

from "dev"."main"."stg_products"
where product_id is not null
group by product_id
having count(*) > 1



  
  
      
    ) dbt_internal_test
[0m13:46:10.970417 [debug] [Thread-4 (]: SQL status: OK in 0.000 seconds
[0m13:46:10.971131 [debug] [Thread-4 (]: On test.data_pipeline_example.unique_stg_orders_order_id.e3b841c71a: ROLLBACK
[0m13:46:10.971264 [debug] [Thread-1 (]: SQL status: OK in 0.001 seconds
[0m13:46:10.971564 [debug] [Thread-4 (]: Failed to rollback 'test.data_pipeline_example.unique_stg_orders_order_id.e3b841c71a'
[0m13:46:10.971692 [debug] [Thread-4 (]: On test.data_pipeline_example.unique_stg_orders_order_id.e3b841c71a: Close
[0m13:46:10.972103 [debug] [Thread-1 (]: On test.data_pipeline_example.unique_stg_products_product_id.7d950a1467: ROLLBACK
[0m13:46:10.972295 [info ] [Thread-4 (]: 45 of 46 PASS unique_stg_orders_order_id ....................................... [[32mPASS[0m in 0.01s]
[0m13:46:10.972626 [debug] [Thread-1 (]: Failed to rollback 'test.data_pipeline_example.unique_stg_products_product_id.7d950a1467'
[0m13:46:10.972793 [debug] [Thread-4 (]: Finished running node test.data_pipeline_example.unique_stg_orders_order_id.e3b841c71a
[0m13:46:10.972906 [debug] [Thread-1 (]: On test.data_pipeline_example.unique_stg_products_product_id.7d950a1467: Close
[0m13:46:10.973523 [info ] [Thread-1 (]: 46 of 46 PASS unique_stg_products_product_id ................................... [[32mPASS[0m in 0.01s]
[0m13:46:10.973716 [debug] [Thread-1 (]: Finished running node test.data_pipeline_example.unique_stg_products_product_id.7d950a1467
[0m13:46:10.974216 [debug] [MainThread]: Using duckdb connection "master"
[0m13:46:10.974322 [debug] [MainThread]: On master: BEGIN
[0m13:46:10.974403 [debug] [MainThread]: Opening a new connection, currently in state closed
[0m13:46:10.978117 [debug] [MainThread]: SQL status: OK in 0.004 seconds
[0m13:46:10.978235 [debug] [MainThread]: On master: COMMIT
[0m13:46:10.978332 [debug] [MainThread]: Using duckdb connection "master"
[0m13:46:10.978415 [debug] [MainThread]: On master: COMMIT
[0m13:46:10.978538 [debug] [MainThread]: SQL status: OK in 0.000 seconds
[0m13:46:10.978634 [debug] [MainThread]: On master: Close
[0m13:46:10.979006 [debug] [MainThread]: Connection 'master' was properly closed.
[0m13:46:10.979096 [debug] [MainThread]: Connection 'test.data_pipeline_example.unique_stg_products_product_id.7d950a1467' was properly closed.
[0m13:46:10.979173 [debug] [MainThread]: Connection 'test.data_pipeline_example.unique_dim_customers_customer_id.15c9f1e2fd' was properly closed.
[0m13:46:10.979247 [debug] [MainThread]: Connection 'test.data_pipeline_example.unique_fact_orders_order_id.93a68b4064' was properly closed.
[0m13:46:10.979318 [debug] [MainThread]: Connection 'test.data_pipeline_example.unique_stg_orders_order_id.e3b841c71a' was properly closed.
[0m13:46:10.979425 [info ] [MainThread]: 
[0m13:46:10.979532 [info ] [MainThread]: Finished running 46 data tests in 0 hours 0 minutes and 0.38 seconds (0.38s).
[0m13:46:10.981188 [debug] [MainThread]: Command end result
[0m13:46:10.994939 [info ] [MainThread]: 
[0m13:46:10.995087 [info ] [MainThread]: [32mCompleted successfully[0m
[0m13:46:10.995198 [info ] [MainThread]: 
[0m13:46:10.995307 [info ] [MainThread]: Done. PASS=46 WARN=0 ERROR=0 SKIP=0 TOTAL=46
[0m13:46:10.996705 [debug] [MainThread]: Resource report: {"command_name": "test", "command_success": true, "command_wall_clock_time": 1.238357, "process_in_blocks": "0", "process_kernel_time": 0.199706, "process_mem_max_rss": "163561472", "process_out_blocks": "0", "process_user_time": 1.436382}
[0m13:46:10.996852 [debug] [MainThread]: Command `dbt test` succeeded at 13:46:10.996824 after 1.24 seconds
[0m13:46:10.996968 [debug] [MainThread]: Sending event: {'category': 'dbt', 'action': 'invocation', 'label': 'end', 'context': [<snowplow_tracker.self_describing_json.SelfDescribingJson object at 0x104a22c60>, <snowplow_tracker.self_describing_json.SelfDescribingJson object at 0x10dfbf080>, <snowplow_tracker.self_describing_json.SelfDescribingJson object at 0x10cbc3fe0>]}
[0m13:46:10.997074 [debug] [MainThread]: Flushing usage events
[0m13:46:17.368919 [debug] [MainThread]: Sending event: {'category': 'dbt', 'action': 'invocation', 'label': 'start', 'context': [<snowplow_tracker.self_describing_json.SelfDescribingJson object at 0x1090330b0>, <snowplow_tracker.self_describing_json.SelfDescribingJson object at 0x1091b68d0>, <snowplow_tracker.self_describing_json.SelfDescribingJson object at 0x1091b6660>]}


============================== 13:46:17.371461 | 620b4f11-40c0-4297-9a64-eaa516ade507 ==============================
[0m13:46:17.371461 [info ] [MainThread]: Running with dbt=1.8.9
[0m13:46:17.371700 [debug] [MainThread]: running dbt with arguments {'printer_width': '80', 'indirect_selection': 'eager', 'write_json': 'True', 'log_cache_events': 'False', 'partial_parse': 'True', 'cache_selected_only': 'False', 'warn_error': 'None', 'debug': 'False', 'version_check': 'True', 'log_path': '/Users/mbarrio/dev/data-template/examples/data-pipeline-example/logs', 'fail_fast': 'False', 'profiles_dir': '/Users/mbarrio/dev/data-template/examples/data-pipeline-example', 'use_colors': 'True', 'use_experimental_parser': 'False', 'empty': 'None', 'quiet': 'False', 'no_print': 'None', 'log_format': 'default', 'static_parser': 'True', 'invocation_command': 'dbt seed', 'introspect': 'True', 'target_path': 'None', 'warn_error_options': 'WarnErrorOptions(include=[], exclude=[])', 'send_anonymous_usage_stats': 'True'}
[0m13:46:17.446559 [debug] [MainThread]: Sending event: {'category': 'dbt', 'action': 'project_id', 'label': '620b4f11-40c0-4297-9a64-eaa516ade507', 'context': [<snowplow_tracker.self_describing_json.SelfDescribingJson object at 0x1092f1490>]}
[0m13:46:17.462402 [debug] [MainThread]: Sending event: {'category': 'dbt', 'action': 'adapter_info', 'label': '620b4f11-40c0-4297-9a64-eaa516ade507', 'context': [<snowplow_tracker.self_describing_json.SelfDescribingJson object at 0x10884d9a0>]}
[0m13:46:17.463215 [info ] [MainThread]: Registered adapter: duckdb=1.8.4
[0m13:46:17.506314 [debug] [MainThread]: checksum: 132857a23e9d07220246854f7763165174ce9b737cfc7867629ace4294e520b1, vars: {}, profile: , target: , version: 1.8.9
[0m13:46:17.566902 [debug] [MainThread]: Partial parsing enabled: 0 files deleted, 0 files added, 0 files changed.
[0m13:46:17.567072 [debug] [MainThread]: Partial parsing enabled, no changes found, skipping parsing
[0m13:46:17.583251 [debug] [MainThread]: Sending event: {'category': 'dbt', 'action': 'load_project', 'label': '620b4f11-40c0-4297-9a64-eaa516ade507', 'context': [<snowplow_tracker.self_describing_json.SelfDescribingJson object at 0x1093df320>]}
[0m13:46:17.623308 [debug] [MainThread]: Sending event: {'category': 'dbt', 'action': 'resource_counts', 'label': '620b4f11-40c0-4297-9a64-eaa516ade507', 'context': [<snowplow_tracker.self_describing_json.SelfDescribingJson object at 0x109767830>]}
[0m13:46:17.623490 [info ] [MainThread]: Found 5 models, 46 data tests, 3 seeds, 542 macros
[0m13:46:17.623614 [debug] [MainThread]: Sending event: {'category': 'dbt', 'action': 'runnable_timing', 'label': '620b4f11-40c0-4297-9a64-eaa516ade507', 'context': [<snowplow_tracker.self_describing_json.SelfDescribingJson object at 0x10929c230>]}
[0m13:46:17.624441 [info ] [MainThread]: 
[0m13:46:17.624647 [debug] [MainThread]: Acquiring new duckdb connection 'master'
[0m13:46:17.626171 [debug] [ThreadPool]: Acquiring new duckdb connection 'list_dev'
[0m13:46:17.675659 [debug] [ThreadPool]: Using duckdb connection "list_dev"
[0m13:46:17.675835 [debug] [ThreadPool]: On list_dev: /* {"app": "dbt", "dbt_version": "1.8.9", "profile_name": "data_pipeline_example", "target_name": "dev", "connection_name": "list_dev"} */

    
    select schema_name
    from system.information_schema.schemata
    
    where catalog_name = '"dev"'
    
  
  
[0m13:46:17.675936 [debug] [ThreadPool]: Opening a new connection, currently in state init
[0m13:46:17.680814 [debug] [ThreadPool]: SQL status: OK in 0.005 seconds
[0m13:46:17.681254 [debug] [ThreadPool]: On list_dev: Close
[0m13:46:17.681876 [debug] [ThreadPool]: Re-using an available connection from the pool (formerly list_dev, now create_dev_main)
[0m13:46:17.682046 [debug] [ThreadPool]: Creating schema "database: "dev"
schema: "main"
"
[0m13:46:17.684328 [debug] [ThreadPool]: Using duckdb connection "create_dev_main"
[0m13:46:17.684434 [debug] [ThreadPool]: On create_dev_main: /* {"app": "dbt", "dbt_version": "1.8.9", "profile_name": "data_pipeline_example", "target_name": "dev", "connection_name": "create_dev_main"} */

    
        select type from duckdb_databases()
        where database_name='dev'
        and type='sqlite'
    
  
[0m13:46:17.684520 [debug] [ThreadPool]: Opening a new connection, currently in state closed
[0m13:46:17.688207 [debug] [ThreadPool]: SQL status: OK in 0.004 seconds
[0m13:46:17.688613 [debug] [ThreadPool]: Using duckdb connection "create_dev_main"
[0m13:46:17.688701 [debug] [ThreadPool]: On create_dev_main: BEGIN
[0m13:46:17.688824 [debug] [ThreadPool]: SQL status: OK in 0.000 seconds
[0m13:46:17.688907 [debug] [ThreadPool]: Using duckdb connection "create_dev_main"
[0m13:46:17.688984 [debug] [ThreadPool]: On create_dev_main: /* {"app": "dbt", "dbt_version": "1.8.9", "profile_name": "data_pipeline_example", "target_name": "dev", "connection_name": "create_dev_main"} */

    
    
        create schema if not exists "dev"."main"
    
[0m13:46:17.689115 [debug] [ThreadPool]: SQL status: OK in 0.000 seconds
[0m13:46:17.689357 [debug] [ThreadPool]: On create_dev_main: COMMIT
[0m13:46:17.689446 [debug] [ThreadPool]: Using duckdb connection "create_dev_main"
[0m13:46:17.689525 [debug] [ThreadPool]: On create_dev_main: COMMIT
[0m13:46:17.689636 [debug] [ThreadPool]: SQL status: OK in 0.000 seconds
[0m13:46:17.689723 [debug] [ThreadPool]: On create_dev_main: Close
[0m13:46:17.690530 [debug] [ThreadPool]: Re-using an available connection from the pool (formerly create_dev_main, now list_dev_main)
[0m13:46:17.692238 [debug] [ThreadPool]: Using duckdb connection "list_dev_main"
[0m13:46:17.692356 [debug] [ThreadPool]: On list_dev_main: BEGIN
[0m13:46:17.692446 [debug] [ThreadPool]: Opening a new connection, currently in state closed
[0m13:46:17.696026 [debug] [ThreadPool]: SQL status: OK in 0.004 seconds
[0m13:46:17.696136 [debug] [ThreadPool]: Using duckdb connection "list_dev_main"
[0m13:46:17.696228 [debug] [ThreadPool]: On list_dev_main: /* {"app": "dbt", "dbt_version": "1.8.9", "profile_name": "data_pipeline_example", "target_name": "dev", "connection_name": "list_dev_main"} */
select
      'dev' as database,
      table_name as name,
      table_schema as schema,
      CASE table_type
        WHEN 'BASE TABLE' THEN 'table'
        WHEN 'VIEW' THEN 'view'
        WHEN 'LOCAL TEMPORARY' THEN 'table'
        END as type
    from system.information_schema.tables
    where table_schema = 'main'
    and table_catalog = 'dev'
  
[0m13:46:17.697355 [debug] [ThreadPool]: SQL status: OK in 0.001 seconds
[0m13:46:17.698338 [debug] [ThreadPool]: On list_dev_main: ROLLBACK
[0m13:46:17.698841 [debug] [ThreadPool]: Failed to rollback 'list_dev_main'
[0m13:46:17.698939 [debug] [ThreadPool]: On list_dev_main: Close
[0m13:46:17.699739 [debug] [MainThread]: Sending event: {'category': 'dbt', 'action': 'runnable_timing', 'label': '620b4f11-40c0-4297-9a64-eaa516ade507', 'context': [<snowplow_tracker.self_describing_json.SelfDescribingJson object at 0x1074f41a0>]}
[0m13:46:17.699891 [debug] [MainThread]: Using duckdb connection "master"
[0m13:46:17.699975 [debug] [MainThread]: On master: BEGIN
[0m13:46:17.700056 [debug] [MainThread]: Opening a new connection, currently in state init
[0m13:46:17.703576 [debug] [MainThread]: SQL status: OK in 0.004 seconds
[0m13:46:17.703677 [debug] [MainThread]: On master: COMMIT
[0m13:46:17.703762 [debug] [MainThread]: Using duckdb connection "master"
[0m13:46:17.703840 [debug] [MainThread]: On master: COMMIT
[0m13:46:17.703988 [debug] [MainThread]: SQL status: OK in 0.000 seconds
[0m13:46:17.704085 [debug] [MainThread]: On master: Close
[0m13:46:17.704481 [info ] [MainThread]: Concurrency: 4 threads (target='dev')
[0m13:46:17.704597 [info ] [MainThread]: 
[0m13:46:17.705426 [debug] [Thread-1 (]: Began running node seed.data_pipeline_example.customers
[0m13:46:17.705583 [debug] [Thread-2 (]: Began running node seed.data_pipeline_example.orders
[0m13:46:17.705752 [info ] [Thread-1 (]: 1 of 3 START seed file main.customers .......................................... [RUN]
[0m13:46:17.705915 [debug] [Thread-3 (]: Began running node seed.data_pipeline_example.products
[0m13:46:17.706095 [info ] [Thread-2 (]: 2 of 3 START seed file main.orders ............................................. [RUN]
[0m13:46:17.706268 [debug] [Thread-1 (]: Re-using an available connection from the pool (formerly list_dev_main, now seed.data_pipeline_example.customers)
[0m13:46:17.706413 [info ] [Thread-3 (]: 3 of 3 START seed file main.products ........................................... [RUN]
[0m13:46:17.706574 [debug] [Thread-2 (]: Acquiring new duckdb connection 'seed.data_pipeline_example.orders'
[0m13:46:17.706680 [debug] [Thread-1 (]: Began compiling node seed.data_pipeline_example.customers
[0m13:46:17.706808 [debug] [Thread-3 (]: Acquiring new duckdb connection 'seed.data_pipeline_example.products'
[0m13:46:17.706902 [debug] [Thread-2 (]: Began compiling node seed.data_pipeline_example.orders
[0m13:46:17.707004 [debug] [Thread-1 (]: Began executing node seed.data_pipeline_example.customers
[0m13:46:17.707095 [debug] [Thread-3 (]: Began compiling node seed.data_pipeline_example.products
[0m13:46:17.707187 [debug] [Thread-2 (]: Began executing node seed.data_pipeline_example.orders
[0m13:46:17.712287 [debug] [Thread-3 (]: Began executing node seed.data_pipeline_example.products
[0m13:46:17.717487 [debug] [Thread-1 (]: Using duckdb connection "seed.data_pipeline_example.customers"
[0m13:46:17.718439 [debug] [Thread-2 (]: Using duckdb connection "seed.data_pipeline_example.orders"
[0m13:46:17.719309 [debug] [Thread-1 (]: On seed.data_pipeline_example.customers: BEGIN
[0m13:46:17.720053 [debug] [Thread-3 (]: Using duckdb connection "seed.data_pipeline_example.products"
[0m13:46:17.720161 [debug] [Thread-2 (]: On seed.data_pipeline_example.orders: BEGIN
[0m13:46:17.720266 [debug] [Thread-1 (]: Opening a new connection, currently in state closed
[0m13:46:17.720362 [debug] [Thread-3 (]: On seed.data_pipeline_example.products: BEGIN
[0m13:46:17.720452 [debug] [Thread-2 (]: Opening a new connection, currently in state init
[0m13:46:17.720605 [debug] [Thread-3 (]: Opening a new connection, currently in state init
[0m13:46:17.724231 [debug] [Thread-1 (]: SQL status: OK in 0.004 seconds
[0m13:46:17.724369 [debug] [Thread-2 (]: SQL status: OK in 0.004 seconds
[0m13:46:17.724480 [debug] [Thread-1 (]: Using duckdb connection "seed.data_pipeline_example.customers"
[0m13:46:17.724599 [debug] [Thread-3 (]: SQL status: OK in 0.004 seconds
[0m13:46:17.724703 [debug] [Thread-2 (]: Using duckdb connection "seed.data_pipeline_example.orders"
[0m13:46:17.724810 [debug] [Thread-1 (]: On seed.data_pipeline_example.customers: /* {"app": "dbt", "dbt_version": "1.8.9", "profile_name": "data_pipeline_example", "target_name": "dev", "node_id": "seed.data_pipeline_example.customers"} */
truncate table "dev"."main"."customers"
[0m13:46:17.724909 [debug] [Thread-3 (]: Using duckdb connection "seed.data_pipeline_example.products"
[0m13:46:17.725003 [debug] [Thread-2 (]: On seed.data_pipeline_example.orders: /* {"app": "dbt", "dbt_version": "1.8.9", "profile_name": "data_pipeline_example", "target_name": "dev", "node_id": "seed.data_pipeline_example.orders"} */
truncate table "dev"."main"."orders"
[0m13:46:17.725467 [debug] [Thread-3 (]: On seed.data_pipeline_example.products: /* {"app": "dbt", "dbt_version": "1.8.9", "profile_name": "data_pipeline_example", "target_name": "dev", "node_id": "seed.data_pipeline_example.products"} */
truncate table "dev"."main"."products"
[0m13:46:17.726567 [debug] [Thread-2 (]: SQL status: OK in 0.001 seconds
[0m13:46:17.726698 [debug] [Thread-3 (]: SQL status: OK in 0.001 seconds
[0m13:46:17.726805 [debug] [Thread-1 (]: SQL status: OK in 0.002 seconds
[0m13:46:17.730481 [debug] [Thread-2 (]: Using duckdb connection "seed.data_pipeline_example.orders"
[0m13:46:17.730868 [debug] [Thread-3 (]: Using duckdb connection "seed.data_pipeline_example.products"
[0m13:46:17.731232 [debug] [Thread-1 (]: Using duckdb connection "seed.data_pipeline_example.customers"
[0m13:46:17.731337 [debug] [Thread-2 (]: On seed.data_pipeline_example.orders: 
          COPY "dev"."main"."orders" FROM '/Users/mbarrio/dev/data-template/examples/data-pipeline-example/seeds/orders.csv' (FORMAT CSV, HEADER TRUE, DELIMITER ',')
        ...
[0m13:46:17.731442 [debug] [Thread-3 (]: On seed.data_pipeline_example.products: 
          COPY "dev"."main"."products" FROM '/Users/mbarrio/dev/data-template/examples/data-pipeline-example/seeds/products.csv' (FORMAT CSV, HEADER TRUE, DELIMITER ',')
        ...
[0m13:46:17.731546 [debug] [Thread-1 (]: On seed.data_pipeline_example.customers: 
          COPY "dev"."main"."customers" FROM '/Users/mbarrio/dev/data-template/examples/data-pipeline-example/seeds/customers.csv' (FORMAT CSV, HEADER TRUE, DELIMITER ',')
        ...
[0m13:46:17.735281 [debug] [Thread-3 (]: SQL status: OK in 0.003 seconds
[0m13:46:17.737115 [debug] [Thread-3 (]: Writing runtime SQL for node "seed.data_pipeline_example.products"
[0m13:46:17.737240 [debug] [Thread-2 (]: SQL status: OK in 0.006 seconds
[0m13:46:17.737381 [debug] [Thread-1 (]: SQL status: OK in 0.006 seconds
[0m13:46:17.737613 [debug] [Thread-2 (]: Writing runtime SQL for node "seed.data_pipeline_example.orders"
[0m13:46:17.737827 [debug] [Thread-1 (]: Writing runtime SQL for node "seed.data_pipeline_example.customers"
[0m13:46:17.742611 [debug] [Thread-3 (]: On seed.data_pipeline_example.products: COMMIT
[0m13:46:17.742759 [debug] [Thread-3 (]: Using duckdb connection "seed.data_pipeline_example.products"
[0m13:46:17.742894 [debug] [Thread-3 (]: On seed.data_pipeline_example.products: COMMIT
[0m13:46:17.743538 [debug] [Thread-2 (]: On seed.data_pipeline_example.orders: COMMIT
[0m13:46:17.743663 [debug] [Thread-2 (]: Using duckdb connection "seed.data_pipeline_example.orders"
[0m13:46:17.744168 [debug] [Thread-1 (]: On seed.data_pipeline_example.customers: COMMIT
[0m13:46:17.744278 [debug] [Thread-3 (]: SQL status: OK in 0.001 seconds
[0m13:46:17.744375 [debug] [Thread-2 (]: On seed.data_pipeline_example.orders: COMMIT
[0m13:46:17.744489 [debug] [Thread-1 (]: Using duckdb connection "seed.data_pipeline_example.customers"
[0m13:46:17.745149 [debug] [Thread-3 (]: On seed.data_pipeline_example.products: Close
[0m13:46:17.745306 [debug] [Thread-1 (]: On seed.data_pipeline_example.customers: COMMIT
[0m13:46:17.745714 [debug] [Thread-2 (]: SQL status: OK in 0.000 seconds
[0m13:46:17.746022 [debug] [Thread-2 (]: On seed.data_pipeline_example.orders: Close
[0m13:46:17.746247 [debug] [Thread-3 (]: Sending event: {'category': 'dbt', 'action': 'run_model', 'label': '620b4f11-40c0-4297-9a64-eaa516ade507', 'context': [<snowplow_tracker.self_describing_json.SelfDescribingJson object at 0x109b32ed0>]}
[0m13:46:17.746386 [debug] [Thread-1 (]: SQL status: OK in 0.001 seconds
[0m13:46:17.746532 [debug] [Thread-2 (]: Sending event: {'category': 'dbt', 'action': 'run_model', 'label': '620b4f11-40c0-4297-9a64-eaa516ade507', 'context': [<snowplow_tracker.self_describing_json.SelfDescribingJson object at 0x1097be5d0>]}
[0m13:46:17.746920 [debug] [Thread-1 (]: On seed.data_pipeline_example.customers: Close
[0m13:46:17.746709 [info ] [Thread-3 (]: 3 of 3 OK loaded seed file main.products ....................................... [[32mINSERT 3[0m in 0.04s]
[0m13:46:17.747118 [info ] [Thread-2 (]: 2 of 3 OK loaded seed file main.orders ......................................... [[32mINSERT 8[0m in 0.04s]
[0m13:46:17.747332 [debug] [Thread-3 (]: Finished running node seed.data_pipeline_example.products
[0m13:46:17.747499 [debug] [Thread-2 (]: Finished running node seed.data_pipeline_example.orders
[0m13:46:17.750017 [debug] [Thread-1 (]: Sending event: {'category': 'dbt', 'action': 'run_model', 'label': '620b4f11-40c0-4297-9a64-eaa516ade507', 'context': [<snowplow_tracker.self_describing_json.SelfDescribingJson object at 0x109b33830>]}
[0m13:46:17.750186 [info ] [Thread-1 (]: 1 of 3 OK loaded seed file main.customers ...................................... [[32mINSERT 5[0m in 0.04s]
[0m13:46:17.750370 [debug] [Thread-1 (]: Finished running node seed.data_pipeline_example.customers
[0m13:46:17.750828 [debug] [MainThread]: Using duckdb connection "master"
[0m13:46:17.750929 [debug] [MainThread]: On master: BEGIN
[0m13:46:17.751020 [debug] [MainThread]: Opening a new connection, currently in state closed
[0m13:46:17.754933 [debug] [MainThread]: SQL status: OK in 0.004 seconds
[0m13:46:17.755046 [debug] [MainThread]: On master: COMMIT
[0m13:46:17.755142 [debug] [MainThread]: Using duckdb connection "master"
[0m13:46:17.755228 [debug] [MainThread]: On master: COMMIT
[0m13:46:17.755353 [debug] [MainThread]: SQL status: OK in 0.000 seconds
[0m13:46:17.755443 [debug] [MainThread]: On master: Close
[0m13:46:17.755867 [debug] [MainThread]: Connection 'master' was properly closed.
[0m13:46:17.755968 [debug] [MainThread]: Connection 'seed.data_pipeline_example.customers' was properly closed.
[0m13:46:17.756052 [debug] [MainThread]: Connection 'seed.data_pipeline_example.orders' was properly closed.
[0m13:46:17.756132 [debug] [MainThread]: Connection 'seed.data_pipeline_example.products' was properly closed.
[0m13:46:17.756236 [info ] [MainThread]: 
[0m13:46:17.756352 [info ] [MainThread]: Finished running 3 seeds in 0 hours 0 minutes and 0.13 seconds (0.13s).
[0m13:46:17.756660 [debug] [MainThread]: Command end result
[0m13:46:17.769722 [info ] [MainThread]: 
[0m13:46:17.769879 [info ] [MainThread]: [32mCompleted successfully[0m
[0m13:46:17.769992 [info ] [MainThread]: 
[0m13:46:17.770101 [info ] [MainThread]: Done. PASS=3 WARN=0 ERROR=0 SKIP=0 TOTAL=3
[0m13:46:17.771441 [debug] [MainThread]: Resource report: {"command_name": "seed", "command_success": true, "command_wall_clock_time": 0.45970824, "process_in_blocks": "0", "process_kernel_time": 0.164348, "process_mem_max_rss": "165199872", "process_out_blocks": "0", "process_user_time": 0.741389}
[0m13:46:17.771591 [debug] [MainThread]: Command `dbt seed` succeeded at 13:46:17.771563 after 0.46 seconds
[0m13:46:17.771705 [debug] [MainThread]: Sending event: {'category': 'dbt', 'action': 'invocation', 'label': 'end', 'context': [<snowplow_tracker.self_describing_json.SelfDescribingJson object at 0x10523ec60>, <snowplow_tracker.self_describing_json.SelfDescribingJson object at 0x108d94e90>, <snowplow_tracker.self_describing_json.SelfDescribingJson object at 0x108d94470>]}
[0m13:46:17.771806 [debug] [MainThread]: Flushing usage events
[0m13:46:19.103443 [debug] [MainThread]: Sending event: {'category': 'dbt', 'action': 'invocation', 'label': 'start', 'context': [<snowplow_tracker.self_describing_json.SelfDescribingJson object at 0x1091540e0>, <snowplow_tracker.self_describing_json.SelfDescribingJson object at 0x109e92900>, <snowplow_tracker.self_describing_json.SelfDescribingJson object at 0x109e926c0>]}


============================== 13:46:19.105873 | 9f1821ee-54b8-444a-b2ae-d9983cd6daae ==============================
[0m13:46:19.105873 [info ] [MainThread]: Running with dbt=1.8.9
[0m13:46:19.106116 [debug] [MainThread]: running dbt with arguments {'printer_width': '80', 'indirect_selection': 'eager', 'write_json': 'True', 'log_cache_events': 'False', 'partial_parse': 'True', 'cache_selected_only': 'False', 'profiles_dir': '/Users/mbarrio/dev/data-template/examples/data-pipeline-example', 'fail_fast': 'False', 'warn_error': 'None', 'log_path': '/Users/mbarrio/dev/data-template/examples/data-pipeline-example/logs', 'version_check': 'True', 'debug': 'False', 'use_colors': 'True', 'use_experimental_parser': 'False', 'empty': 'False', 'quiet': 'False', 'no_print': 'None', 'log_format': 'default', 'introspect': 'True', 'invocation_command': 'dbt run', 'warn_error_options': 'WarnErrorOptions(include=[], exclude=[])', 'target_path': 'None', 'static_parser': 'True', 'send_anonymous_usage_stats': 'True'}
[0m13:46:19.179593 [debug] [MainThread]: Sending event: {'category': 'dbt', 'action': 'project_id', 'label': '9f1821ee-54b8-444a-b2ae-d9983cd6daae', 'context': [<snowplow_tracker.self_describing_json.SelfDescribingJson object at 0x109f52ba0>]}
[0m13:46:19.195220 [debug] [MainThread]: Sending event: {'category': 'dbt', 'action': 'adapter_info', 'label': '9f1821ee-54b8-444a-b2ae-d9983cd6daae', 'context': [<snowplow_tracker.self_describing_json.SelfDescribingJson object at 0x1091540e0>]}
[0m13:46:19.196026 [info ] [MainThread]: Registered adapter: duckdb=1.8.4
[0m13:46:19.239137 [debug] [MainThread]: checksum: 132857a23e9d07220246854f7763165174ce9b737cfc7867629ace4294e520b1, vars: {}, profile: , target: , version: 1.8.9
[0m13:46:19.297344 [debug] [MainThread]: Partial parsing enabled: 0 files deleted, 0 files added, 0 files changed.
[0m13:46:19.297518 [debug] [MainThread]: Partial parsing enabled, no changes found, skipping parsing
[0m13:46:19.313780 [debug] [MainThread]: Sending event: {'category': 'dbt', 'action': 'load_project', 'label': '9f1821ee-54b8-444a-b2ae-d9983cd6daae', 'context': [<snowplow_tracker.self_describing_json.SelfDescribingJson object at 0x10a1dcce0>]}
[0m13:46:19.353470 [debug] [MainThread]: Sending event: {'category': 'dbt', 'action': 'resource_counts', 'label': '9f1821ee-54b8-444a-b2ae-d9983cd6daae', 'context': [<snowplow_tracker.self_describing_json.SelfDescribingJson object at 0x10a4884a0>]}
[0m13:46:19.353651 [info ] [MainThread]: Found 5 models, 46 data tests, 3 seeds, 542 macros
[0m13:46:19.353776 [debug] [MainThread]: Sending event: {'category': 'dbt', 'action': 'runnable_timing', 'label': '9f1821ee-54b8-444a-b2ae-d9983cd6daae', 'context': [<snowplow_tracker.self_describing_json.SelfDescribingJson object at 0x10a1de3f0>]}
[0m13:46:19.354643 [info ] [MainThread]: 
[0m13:46:19.354850 [debug] [MainThread]: Acquiring new duckdb connection 'master'
[0m13:46:19.356413 [debug] [ThreadPool]: Acquiring new duckdb connection 'list_dev'
[0m13:46:19.402928 [debug] [ThreadPool]: Using duckdb connection "list_dev"
[0m13:46:19.403109 [debug] [ThreadPool]: On list_dev: /* {"app": "dbt", "dbt_version": "1.8.9", "profile_name": "data_pipeline_example", "target_name": "dev", "connection_name": "list_dev"} */

    
    select schema_name
    from system.information_schema.schemata
    
    where catalog_name = '"dev"'
    
  
  
[0m13:46:19.403214 [debug] [ThreadPool]: Opening a new connection, currently in state init
[0m13:46:19.408104 [debug] [ThreadPool]: SQL status: OK in 0.005 seconds
[0m13:46:19.408529 [debug] [ThreadPool]: On list_dev: Close
[0m13:46:19.409114 [debug] [ThreadPool]: Re-using an available connection from the pool (formerly list_dev, now create_dev_main)
[0m13:46:19.409284 [debug] [ThreadPool]: Creating schema "database: "dev"
schema: "main"
"
[0m13:46:19.411538 [debug] [ThreadPool]: Using duckdb connection "create_dev_main"
[0m13:46:19.411651 [debug] [ThreadPool]: On create_dev_main: /* {"app": "dbt", "dbt_version": "1.8.9", "profile_name": "data_pipeline_example", "target_name": "dev", "connection_name": "create_dev_main"} */

    
        select type from duckdb_databases()
        where database_name='dev'
        and type='sqlite'
    
  
[0m13:46:19.411737 [debug] [ThreadPool]: Opening a new connection, currently in state closed
[0m13:46:19.415440 [debug] [ThreadPool]: SQL status: OK in 0.004 seconds
[0m13:46:19.415877 [debug] [ThreadPool]: Using duckdb connection "create_dev_main"
[0m13:46:19.415980 [debug] [ThreadPool]: On create_dev_main: BEGIN
[0m13:46:19.416124 [debug] [ThreadPool]: SQL status: OK in 0.000 seconds
[0m13:46:19.416212 [debug] [ThreadPool]: Using duckdb connection "create_dev_main"
[0m13:46:19.416294 [debug] [ThreadPool]: On create_dev_main: /* {"app": "dbt", "dbt_version": "1.8.9", "profile_name": "data_pipeline_example", "target_name": "dev", "connection_name": "create_dev_main"} */

    
    
        create schema if not exists "dev"."main"
    
[0m13:46:19.416443 [debug] [ThreadPool]: SQL status: OK in 0.000 seconds
[0m13:46:19.416687 [debug] [ThreadPool]: On create_dev_main: COMMIT
[0m13:46:19.416779 [debug] [ThreadPool]: Using duckdb connection "create_dev_main"
[0m13:46:19.416861 [debug] [ThreadPool]: On create_dev_main: COMMIT
[0m13:46:19.416980 [debug] [ThreadPool]: SQL status: OK in 0.000 seconds
[0m13:46:19.417068 [debug] [ThreadPool]: On create_dev_main: Close
[0m13:46:19.417911 [debug] [ThreadPool]: Re-using an available connection from the pool (formerly create_dev_main, now list_dev_main)
[0m13:46:19.419650 [debug] [ThreadPool]: Using duckdb connection "list_dev_main"
[0m13:46:19.419751 [debug] [ThreadPool]: On list_dev_main: BEGIN
[0m13:46:19.419833 [debug] [ThreadPool]: Opening a new connection, currently in state closed
[0m13:46:19.423312 [debug] [ThreadPool]: SQL status: OK in 0.003 seconds
[0m13:46:19.423407 [debug] [ThreadPool]: Using duckdb connection "list_dev_main"
[0m13:46:19.423495 [debug] [ThreadPool]: On list_dev_main: /* {"app": "dbt", "dbt_version": "1.8.9", "profile_name": "data_pipeline_example", "target_name": "dev", "connection_name": "list_dev_main"} */
select
      'dev' as database,
      table_name as name,
      table_schema as schema,
      CASE table_type
        WHEN 'BASE TABLE' THEN 'table'
        WHEN 'VIEW' THEN 'view'
        WHEN 'LOCAL TEMPORARY' THEN 'table'
        END as type
    from system.information_schema.tables
    where table_schema = 'main'
    and table_catalog = 'dev'
  
[0m13:46:19.424583 [debug] [ThreadPool]: SQL status: OK in 0.001 seconds
[0m13:46:19.425546 [debug] [ThreadPool]: On list_dev_main: ROLLBACK
[0m13:46:19.426149 [debug] [ThreadPool]: Failed to rollback 'list_dev_main'
[0m13:46:19.426243 [debug] [ThreadPool]: On list_dev_main: Close
[0m13:46:19.427023 [debug] [MainThread]: Sending event: {'category': 'dbt', 'action': 'runnable_timing', 'label': '9f1821ee-54b8-444a-b2ae-d9983cd6daae', 'context': [<snowplow_tracker.self_describing_json.SelfDescribingJson object at 0x1081d4080>]}
[0m13:46:19.427169 [debug] [MainThread]: Using duckdb connection "master"
[0m13:46:19.427255 [debug] [MainThread]: On master: BEGIN
[0m13:46:19.427333 [debug] [MainThread]: Opening a new connection, currently in state init
[0m13:46:19.430938 [debug] [MainThread]: SQL status: OK in 0.004 seconds
[0m13:46:19.431030 [debug] [MainThread]: On master: COMMIT
[0m13:46:19.431112 [debug] [MainThread]: Using duckdb connection "master"
[0m13:46:19.431188 [debug] [MainThread]: On master: COMMIT
[0m13:46:19.431338 [debug] [MainThread]: SQL status: OK in 0.000 seconds
[0m13:46:19.431432 [debug] [MainThread]: On master: Close
[0m13:46:19.431850 [info ] [MainThread]: Concurrency: 4 threads (target='dev')
[0m13:46:19.431970 [info ] [MainThread]: 
[0m13:46:19.432833 [debug] [Thread-1 (]: Began running node model.data_pipeline_example.stg_customers
[0m13:46:19.432976 [debug] [Thread-2 (]: Began running node model.data_pipeline_example.stg_orders
[0m13:46:19.433159 [info ] [Thread-1 (]: 1 of 5 START sql view model main.stg_customers ................................. [RUN]
[0m13:46:19.433339 [info ] [Thread-2 (]: 2 of 5 START sql view model main.stg_orders .................................... [RUN]
[0m13:46:19.433481 [debug] [Thread-3 (]: Began running node model.data_pipeline_example.stg_products
[0m13:46:19.433616 [debug] [Thread-1 (]: Re-using an available connection from the pool (formerly list_dev_main, now model.data_pipeline_example.stg_customers)
[0m13:46:19.433770 [debug] [Thread-2 (]: Acquiring new duckdb connection 'model.data_pipeline_example.stg_orders'
[0m13:46:19.433935 [info ] [Thread-3 (]: 3 of 5 START sql view model main.stg_products .................................. [RUN]
[0m13:46:19.434067 [debug] [Thread-1 (]: Began compiling node model.data_pipeline_example.stg_customers
[0m13:46:19.434165 [debug] [Thread-2 (]: Began compiling node model.data_pipeline_example.stg_orders
[0m13:46:19.434288 [debug] [Thread-3 (]: Acquiring new duckdb connection 'model.data_pipeline_example.stg_products'
[0m13:46:19.436869 [debug] [Thread-1 (]: Writing injected SQL for node "model.data_pipeline_example.stg_customers"
[0m13:46:19.437694 [debug] [Thread-2 (]: Writing injected SQL for node "model.data_pipeline_example.stg_orders"
[0m13:46:19.437805 [debug] [Thread-3 (]: Began compiling node model.data_pipeline_example.stg_products
[0m13:46:19.438716 [debug] [Thread-3 (]: Writing injected SQL for node "model.data_pipeline_example.stg_products"
[0m13:46:19.438969 [debug] [Thread-2 (]: Began executing node model.data_pipeline_example.stg_orders
[0m13:46:19.439101 [debug] [Thread-1 (]: Began executing node model.data_pipeline_example.stg_customers
[0m13:46:19.448932 [debug] [Thread-2 (]: Writing runtime sql for node "model.data_pipeline_example.stg_orders"
[0m13:46:19.450098 [debug] [Thread-1 (]: Writing runtime sql for node "model.data_pipeline_example.stg_customers"
[0m13:46:19.450259 [debug] [Thread-3 (]: Began executing node model.data_pipeline_example.stg_products
[0m13:46:19.451337 [debug] [Thread-3 (]: Writing runtime sql for node "model.data_pipeline_example.stg_products"
[0m13:46:19.451570 [debug] [Thread-1 (]: Using duckdb connection "model.data_pipeline_example.stg_customers"
[0m13:46:19.451706 [debug] [Thread-2 (]: Using duckdb connection "model.data_pipeline_example.stg_orders"
[0m13:46:19.451826 [debug] [Thread-1 (]: On model.data_pipeline_example.stg_customers: BEGIN
[0m13:46:19.451950 [debug] [Thread-2 (]: On model.data_pipeline_example.stg_orders: BEGIN
[0m13:46:19.452067 [debug] [Thread-1 (]: Opening a new connection, currently in state closed
[0m13:46:19.452196 [debug] [Thread-3 (]: Using duckdb connection "model.data_pipeline_example.stg_products"
[0m13:46:19.452310 [debug] [Thread-2 (]: Opening a new connection, currently in state init
[0m13:46:19.452469 [debug] [Thread-3 (]: On model.data_pipeline_example.stg_products: BEGIN
[0m13:46:19.452598 [debug] [Thread-3 (]: Opening a new connection, currently in state init
[0m13:46:19.456142 [debug] [Thread-1 (]: SQL status: OK in 0.004 seconds
[0m13:46:19.456262 [debug] [Thread-2 (]: SQL status: OK in 0.004 seconds
[0m13:46:19.456370 [debug] [Thread-1 (]: Using duckdb connection "model.data_pipeline_example.stg_customers"
[0m13:46:19.456481 [debug] [Thread-3 (]: SQL status: OK in 0.004 seconds
[0m13:46:19.456610 [debug] [Thread-2 (]: Using duckdb connection "model.data_pipeline_example.stg_orders"
[0m13:46:19.456728 [debug] [Thread-1 (]: On model.data_pipeline_example.stg_customers: /* {"app": "dbt", "dbt_version": "1.8.9", "profile_name": "data_pipeline_example", "target_name": "dev", "node_id": "model.data_pipeline_example.stg_customers"} */

  
  create view "dev"."main"."stg_customers__dbt_tmp" as (
    WITH source AS (
    SELECT
        customer_id,
        name AS customer_name,
        email,
        country,
        segment,
        created_at::DATE AS created_date
    FROM "dev"."main"."customers"
    WHERE customer_id IS NOT NULL
)

SELECT * FROM source
  );

[0m13:46:19.456847 [debug] [Thread-3 (]: Using duckdb connection "model.data_pipeline_example.stg_products"
[0m13:46:19.456955 [debug] [Thread-2 (]: On model.data_pipeline_example.stg_orders: /* {"app": "dbt", "dbt_version": "1.8.9", "profile_name": "data_pipeline_example", "target_name": "dev", "node_id": "model.data_pipeline_example.stg_orders"} */

  
  create view "dev"."main"."stg_orders__dbt_tmp" as (
    WITH source AS (
    SELECT
        order_id,
        customer_id,
        product_id,
        status,
        amount::DECIMAL(10, 2) AS amount,
        ordered_at::DATE AS ordered_date,
        shipped_at::DATE AS shipped_date,
        delivered_at::DATE AS delivered_date
    FROM "dev"."main"."orders"
    WHERE order_id IS NOT NULL
)

SELECT * FROM source
  );

[0m13:46:19.457110 [debug] [Thread-3 (]: On model.data_pipeline_example.stg_products: /* {"app": "dbt", "dbt_version": "1.8.9", "profile_name": "data_pipeline_example", "target_name": "dev", "node_id": "model.data_pipeline_example.stg_products"} */

  
  create view "dev"."main"."stg_products__dbt_tmp" as (
    WITH source AS (
    SELECT
        product_id,
        name AS product_name,
        category,
        unit_price::DECIMAL(10, 2) AS unit_price
    FROM "dev"."main"."products"
    WHERE product_id IS NOT NULL
)

SELECT * FROM source
  );

[0m13:46:19.457272 [debug] [Thread-1 (]: SQL status: OK in 0.000 seconds
[0m13:46:19.457423 [debug] [Thread-2 (]: SQL status: OK in 0.000 seconds
[0m13:46:19.459416 [debug] [Thread-1 (]: Using duckdb connection "model.data_pipeline_example.stg_customers"
[0m13:46:19.459977 [debug] [Thread-3 (]: SQL status: OK in 0.003 seconds
[0m13:46:19.460931 [debug] [Thread-2 (]: Using duckdb connection "model.data_pipeline_example.stg_orders"
[0m13:46:19.461049 [debug] [Thread-1 (]: On model.data_pipeline_example.stg_customers: /* {"app": "dbt", "dbt_version": "1.8.9", "profile_name": "data_pipeline_example", "target_name": "dev", "node_id": "model.data_pipeline_example.stg_customers"} */
alter view "dev"."main"."stg_customers" rename to "stg_customers__dbt_backup"
[0m13:46:19.461924 [debug] [Thread-3 (]: Using duckdb connection "model.data_pipeline_example.stg_products"
[0m13:46:19.462037 [debug] [Thread-2 (]: On model.data_pipeline_example.stg_orders: /* {"app": "dbt", "dbt_version": "1.8.9", "profile_name": "data_pipeline_example", "target_name": "dev", "node_id": "model.data_pipeline_example.stg_orders"} */
alter view "dev"."main"."stg_orders" rename to "stg_orders__dbt_backup"
[0m13:46:19.462193 [debug] [Thread-3 (]: On model.data_pipeline_example.stg_products: /* {"app": "dbt", "dbt_version": "1.8.9", "profile_name": "data_pipeline_example", "target_name": "dev", "node_id": "model.data_pipeline_example.stg_products"} */
alter view "dev"."main"."stg_products" rename to "stg_products__dbt_backup"
[0m13:46:19.462319 [debug] [Thread-1 (]: SQL status: OK in 0.000 seconds
[0m13:46:19.463238 [debug] [Thread-1 (]: Using duckdb connection "model.data_pipeline_example.stg_customers"
[0m13:46:19.463364 [debug] [Thread-1 (]: On model.data_pipeline_example.stg_customers: /* {"app": "dbt", "dbt_version": "1.8.9", "profile_name": "data_pipeline_example", "target_name": "dev", "node_id": "model.data_pipeline_example.stg_customers"} */
alter view "dev"."main"."stg_customers__dbt_tmp" rename to "stg_customers"
[0m13:46:19.463482 [debug] [Thread-3 (]: SQL status: OK in 0.001 seconds
[0m13:46:19.463595 [debug] [Thread-2 (]: SQL status: OK in 0.001 seconds
[0m13:46:19.464522 [debug] [Thread-3 (]: Using duckdb connection "model.data_pipeline_example.stg_products"
[0m13:46:19.465389 [debug] [Thread-2 (]: Using duckdb connection "model.data_pipeline_example.stg_orders"
[0m13:46:19.465505 [debug] [Thread-1 (]: SQL status: OK in 0.002 seconds
[0m13:46:19.465615 [debug] [Thread-3 (]: On model.data_pipeline_example.stg_products: /* {"app": "dbt", "dbt_version": "1.8.9", "profile_name": "data_pipeline_example", "target_name": "dev", "node_id": "model.data_pipeline_example.stg_products"} */
alter view "dev"."main"."stg_products__dbt_tmp" rename to "stg_products"
[0m13:46:19.465735 [debug] [Thread-2 (]: On model.data_pipeline_example.stg_orders: /* {"app": "dbt", "dbt_version": "1.8.9", "profile_name": "data_pipeline_example", "target_name": "dev", "node_id": "model.data_pipeline_example.stg_orders"} */
alter view "dev"."main"."stg_orders__dbt_tmp" rename to "stg_orders"
[0m13:46:19.470937 [debug] [Thread-1 (]: On model.data_pipeline_example.stg_customers: COMMIT
[0m13:46:19.471155 [debug] [Thread-1 (]: Using duckdb connection "model.data_pipeline_example.stg_customers"
[0m13:46:19.471283 [debug] [Thread-1 (]: On model.data_pipeline_example.stg_customers: COMMIT
[0m13:46:19.471422 [debug] [Thread-3 (]: SQL status: OK in 0.000 seconds
[0m13:46:19.471546 [debug] [Thread-2 (]: SQL status: OK in 0.000 seconds
[0m13:46:19.472043 [debug] [Thread-3 (]: On model.data_pipeline_example.stg_products: COMMIT
[0m13:46:19.472156 [debug] [Thread-1 (]: SQL status: OK in 0.001 seconds
[0m13:46:19.472602 [debug] [Thread-2 (]: On model.data_pipeline_example.stg_orders: COMMIT
[0m13:46:19.472707 [debug] [Thread-3 (]: Using duckdb connection "model.data_pipeline_example.stg_products"
[0m13:46:19.474284 [debug] [Thread-1 (]: Using duckdb connection "model.data_pipeline_example.stg_customers"
[0m13:46:19.474392 [debug] [Thread-2 (]: Using duckdb connection "model.data_pipeline_example.stg_orders"
[0m13:46:19.474492 [debug] [Thread-3 (]: On model.data_pipeline_example.stg_products: COMMIT
[0m13:46:19.474590 [debug] [Thread-1 (]: On model.data_pipeline_example.stg_customers: /* {"app": "dbt", "dbt_version": "1.8.9", "profile_name": "data_pipeline_example", "target_name": "dev", "node_id": "model.data_pipeline_example.stg_customers"} */
drop view if exists "dev"."main"."stg_customers__dbt_backup" cascade
[0m13:46:19.474687 [debug] [Thread-2 (]: On model.data_pipeline_example.stg_orders: COMMIT
[0m13:46:19.475122 [debug] [Thread-3 (]: SQL status: OK in 0.000 seconds
[0m13:46:19.475855 [debug] [Thread-3 (]: Using duckdb connection "model.data_pipeline_example.stg_products"
[0m13:46:19.475971 [debug] [Thread-1 (]: SQL status: OK in 0.001 seconds
[0m13:46:19.476093 [debug] [Thread-3 (]: On model.data_pipeline_example.stg_products: /* {"app": "dbt", "dbt_version": "1.8.9", "profile_name": "data_pipeline_example", "target_name": "dev", "node_id": "model.data_pipeline_example.stg_products"} */
drop view if exists "dev"."main"."stg_products__dbt_backup" cascade
[0m13:46:19.476201 [debug] [Thread-2 (]: SQL status: OK in 0.001 seconds
[0m13:46:19.477038 [debug] [Thread-1 (]: On model.data_pipeline_example.stg_customers: Close
[0m13:46:19.477836 [debug] [Thread-2 (]: Using duckdb connection "model.data_pipeline_example.stg_orders"
[0m13:46:19.478242 [debug] [Thread-2 (]: On model.data_pipeline_example.stg_orders: /* {"app": "dbt", "dbt_version": "1.8.9", "profile_name": "data_pipeline_example", "target_name": "dev", "node_id": "model.data_pipeline_example.stg_orders"} */
drop view if exists "dev"."main"."stg_orders__dbt_backup" cascade
[0m13:46:19.478360 [debug] [Thread-3 (]: SQL status: OK in 0.001 seconds
[0m13:46:19.478631 [debug] [Thread-1 (]: Sending event: {'category': 'dbt', 'action': 'run_model', 'label': '9f1821ee-54b8-444a-b2ae-d9983cd6daae', 'context': [<snowplow_tracker.self_describing_json.SelfDescribingJson object at 0x108116810>]}
[0m13:46:19.479079 [debug] [Thread-3 (]: On model.data_pipeline_example.stg_products: Close
[0m13:46:19.479313 [info ] [Thread-1 (]: 1 of 5 OK created sql view model main.stg_customers ............................ [[32mOK[0m in 0.04s]
[0m13:46:19.479545 [debug] [Thread-1 (]: Finished running node model.data_pipeline_example.stg_customers
[0m13:46:19.479698 [debug] [Thread-3 (]: Sending event: {'category': 'dbt', 'action': 'run_model', 'label': '9f1821ee-54b8-444a-b2ae-d9983cd6daae', 'context': [<snowplow_tracker.self_describing_json.SelfDescribingJson object at 0x10a812030>]}
[0m13:46:19.479805 [debug] [Thread-2 (]: SQL status: OK in 0.001 seconds
[0m13:46:19.480178 [debug] [Thread-4 (]: Began running node model.data_pipeline_example.dim_customers
[0m13:46:19.480584 [debug] [Thread-2 (]: On model.data_pipeline_example.stg_orders: Close
[0m13:46:19.480052 [info ] [Thread-3 (]: 3 of 5 OK created sql view model main.stg_products ............................. [[32mOK[0m in 0.05s]
[0m13:46:19.480764 [info ] [Thread-4 (]: 4 of 5 START sql table model main.dim_customers ................................ [RUN]
[0m13:46:19.480972 [debug] [Thread-3 (]: Finished running node model.data_pipeline_example.stg_products
[0m13:46:19.481134 [debug] [Thread-4 (]: Acquiring new duckdb connection 'model.data_pipeline_example.dim_customers'
[0m13:46:19.481290 [debug] [Thread-4 (]: Began compiling node model.data_pipeline_example.dim_customers
[0m13:46:19.482368 [debug] [Thread-4 (]: Writing injected SQL for node "model.data_pipeline_example.dim_customers"
[0m13:46:19.482513 [debug] [Thread-2 (]: Sending event: {'category': 'dbt', 'action': 'run_model', 'label': '9f1821ee-54b8-444a-b2ae-d9983cd6daae', 'context': [<snowplow_tracker.self_describing_json.SelfDescribingJson object at 0x10a4db890>]}
[0m13:46:19.482696 [info ] [Thread-2 (]: 2 of 5 OK created sql view model main.stg_orders ............................... [[32mOK[0m in 0.05s]
[0m13:46:19.482876 [debug] [Thread-2 (]: Finished running node model.data_pipeline_example.stg_orders
[0m13:46:19.483057 [debug] [Thread-4 (]: Began executing node model.data_pipeline_example.dim_customers
[0m13:46:19.489773 [debug] [Thread-4 (]: Writing runtime sql for node "model.data_pipeline_example.dim_customers"
[0m13:46:19.489926 [debug] [Thread-1 (]: Began running node model.data_pipeline_example.fact_orders
[0m13:46:19.490098 [info ] [Thread-1 (]: 5 of 5 START sql table model main.fact_orders .................................. [RUN]
[0m13:46:19.490246 [debug] [Thread-1 (]: Re-using an available connection from the pool (formerly model.data_pipeline_example.stg_customers, now model.data_pipeline_example.fact_orders)
[0m13:46:19.490361 [debug] [Thread-1 (]: Began compiling node model.data_pipeline_example.fact_orders
[0m13:46:19.491267 [debug] [Thread-1 (]: Writing injected SQL for node "model.data_pipeline_example.fact_orders"
[0m13:46:19.491442 [debug] [Thread-4 (]: Using duckdb connection "model.data_pipeline_example.dim_customers"
[0m13:46:19.491565 [debug] [Thread-4 (]: On model.data_pipeline_example.dim_customers: BEGIN
[0m13:46:19.491681 [debug] [Thread-4 (]: Opening a new connection, currently in state init
[0m13:46:19.491827 [debug] [Thread-1 (]: Began executing node model.data_pipeline_example.fact_orders
[0m13:46:19.492854 [debug] [Thread-1 (]: Writing runtime sql for node "model.data_pipeline_example.fact_orders"
[0m13:46:19.493132 [debug] [Thread-1 (]: Using duckdb connection "model.data_pipeline_example.fact_orders"
[0m13:46:19.493240 [debug] [Thread-1 (]: On model.data_pipeline_example.fact_orders: BEGIN
[0m13:46:19.493339 [debug] [Thread-1 (]: Opening a new connection, currently in state closed
[0m13:46:19.495633 [debug] [Thread-4 (]: SQL status: OK in 0.004 seconds
[0m13:46:19.495748 [debug] [Thread-4 (]: Using duckdb connection "model.data_pipeline_example.dim_customers"
[0m13:46:19.495856 [debug] [Thread-1 (]: SQL status: OK in 0.003 seconds
[0m13:46:19.495968 [debug] [Thread-4 (]: On model.data_pipeline_example.dim_customers: /* {"app": "dbt", "dbt_version": "1.8.9", "profile_name": "data_pipeline_example", "target_name": "dev", "node_id": "model.data_pipeline_example.dim_customers"} */

  
    
    

    create  table
      "dev"."main"."dim_customers__dbt_tmp"
  
    as (
      -- Deduplication trigger: ROW_NUMBER() picks latest record per customer.
-- SPEC: specs/dim_customers/latest-record-dedup.spec.sql
WITH source AS (
    SELECT
        customer_id,
        customer_name,
        email,
        country,
        segment,
        created_date,
        ROW_NUMBER() OVER (
            PARTITION BY customer_id
            ORDER BY created_date DESC
        ) AS rn
    FROM "dev"."main"."stg_customers"
),

deduplicated AS (
    SELECT
        customer_id,
        customer_name,
        email,
        country,
        segment,
        created_date
    FROM source
    WHERE rn = 1
)

SELECT * FROM deduplicated
    );
  
  
[0m13:46:19.496075 [debug] [Thread-1 (]: Using duckdb connection "model.data_pipeline_example.fact_orders"
[0m13:46:19.496251 [debug] [Thread-1 (]: On model.data_pipeline_example.fact_orders: /* {"app": "dbt", "dbt_version": "1.8.9", "profile_name": "data_pipeline_example", "target_name": "dev", "node_id": "model.data_pipeline_example.fact_orders"} */

  
    
    

    create  table
      "dev"."main"."fact_orders__dbt_tmp"
  
    as (
      -- Window function trigger: running total per customer.
-- SPEC: specs/fact_orders/customer-running-total.spec.sql
WITH filtered_orders AS (
    SELECT
        order_id,
        customer_id,
        product_id,
        status,
        amount,
        ordered_date,
        shipped_date,
        delivered_date
    FROM "dev"."main"."stg_orders"
    WHERE status != 'cancelled'
),

enriched AS (
    SELECT
        fo.order_id,
        fo.customer_id,
        fo.product_id,
        p.product_name,
        p.category AS product_category,
        fo.status,
        fo.amount,
        fo.ordered_date,
        fo.shipped_date,
        fo.delivered_date,
        SUM(fo.amount) OVER (
            PARTITION BY fo.customer_id
            ORDER BY fo.ordered_date ASC, fo.order_id ASC
            ROWS BETWEEN UNBOUNDED PRECEDING AND CURRENT ROW
        ) AS customer_running_total
    FROM filtered_orders AS fo
    JOIN "dev"."main"."stg_products" AS p ON fo.product_id = p.product_id
)

SELECT * FROM enriched
    );
  
  
[0m13:46:19.497571 [debug] [Thread-4 (]: SQL status: OK in 0.001 seconds
[0m13:46:19.498764 [debug] [Thread-4 (]: Using duckdb connection "model.data_pipeline_example.dim_customers"
[0m13:46:19.498896 [debug] [Thread-4 (]: On model.data_pipeline_example.dim_customers: /* {"app": "dbt", "dbt_version": "1.8.9", "profile_name": "data_pipeline_example", "target_name": "dev", "node_id": "model.data_pipeline_example.dim_customers"} */
alter table "dev"."main"."dim_customers" rename to "dim_customers__dbt_backup"
[0m13:46:19.499111 [debug] [Thread-4 (]: SQL status: OK in 0.000 seconds
[0m13:46:19.500045 [debug] [Thread-4 (]: Using duckdb connection "model.data_pipeline_example.dim_customers"
[0m13:46:19.500148 [debug] [Thread-4 (]: On model.data_pipeline_example.dim_customers: /* {"app": "dbt", "dbt_version": "1.8.9", "profile_name": "data_pipeline_example", "target_name": "dev", "node_id": "model.data_pipeline_example.dim_customers"} */
alter table "dev"."main"."dim_customers__dbt_tmp" rename to "dim_customers"
[0m13:46:19.500250 [debug] [Thread-1 (]: SQL status: OK in 0.004 seconds
[0m13:46:19.501166 [debug] [Thread-1 (]: Using duckdb connection "model.data_pipeline_example.fact_orders"
[0m13:46:19.501272 [debug] [Thread-1 (]: On model.data_pipeline_example.fact_orders: /* {"app": "dbt", "dbt_version": "1.8.9", "profile_name": "data_pipeline_example", "target_name": "dev", "node_id": "model.data_pipeline_example.fact_orders"} */
alter table "dev"."main"."fact_orders" rename to "fact_orders__dbt_backup"
[0m13:46:19.501374 [debug] [Thread-4 (]: SQL status: OK in 0.001 seconds
[0m13:46:19.503128 [debug] [Thread-4 (]: On model.data_pipeline_example.dim_customers: COMMIT
[0m13:46:19.503261 [debug] [Thread-4 (]: Using duckdb connection "model.data_pipeline_example.dim_customers"
[0m13:46:19.503373 [debug] [Thread-1 (]: SQL status: OK in 0.002 seconds
[0m13:46:19.503480 [debug] [Thread-4 (]: On model.data_pipeline_example.dim_customers: COMMIT
[0m13:46:19.504365 [debug] [Thread-1 (]: Using duckdb connection "model.data_pipeline_example.fact_orders"
[0m13:46:19.504500 [debug] [Thread-1 (]: On model.data_pipeline_example.fact_orders: /* {"app": "dbt", "dbt_version": "1.8.9", "profile_name": "data_pipeline_example", "target_name": "dev", "node_id": "model.data_pipeline_example.fact_orders"} */
alter table "dev"."main"."fact_orders__dbt_tmp" rename to "fact_orders"
[0m13:46:19.504688 [debug] [Thread-1 (]: SQL status: OK in 0.000 seconds
[0m13:46:19.505222 [debug] [Thread-1 (]: On model.data_pipeline_example.fact_orders: COMMIT
[0m13:46:19.505326 [debug] [Thread-4 (]: SQL status: OK in 0.001 seconds
[0m13:46:19.505430 [debug] [Thread-1 (]: Using duckdb connection "model.data_pipeline_example.fact_orders"
[0m13:46:19.506150 [debug] [Thread-4 (]: Using duckdb connection "model.data_pipeline_example.dim_customers"
[0m13:46:19.506251 [debug] [Thread-1 (]: On model.data_pipeline_example.fact_orders: COMMIT
[0m13:46:19.506359 [debug] [Thread-4 (]: On model.data_pipeline_example.dim_customers: /* {"app": "dbt", "dbt_version": "1.8.9", "profile_name": "data_pipeline_example", "target_name": "dev", "node_id": "model.data_pipeline_example.dim_customers"} */
drop table if exists "dev"."main"."dim_customers__dbt_backup" cascade
[0m13:46:19.506627 [debug] [Thread-1 (]: SQL status: OK in 0.000 seconds
[0m13:46:19.506734 [debug] [Thread-4 (]: SQL status: OK in 0.000 seconds
[0m13:46:19.507440 [debug] [Thread-1 (]: Using duckdb connection "model.data_pipeline_example.fact_orders"
[0m13:46:19.507822 [debug] [Thread-4 (]: On model.data_pipeline_example.dim_customers: Close
[0m13:46:19.507930 [debug] [Thread-1 (]: On model.data_pipeline_example.fact_orders: /* {"app": "dbt", "dbt_version": "1.8.9", "profile_name": "data_pipeline_example", "target_name": "dev", "node_id": "model.data_pipeline_example.fact_orders"} */
drop table if exists "dev"."main"."fact_orders__dbt_backup" cascade
[0m13:46:19.508088 [debug] [Thread-4 (]: Sending event: {'category': 'dbt', 'action': 'run_model', 'label': '9f1821ee-54b8-444a-b2ae-d9983cd6daae', 'context': [<snowplow_tracker.self_describing_json.SelfDescribingJson object at 0x10a7e31d0>]}
[0m13:46:19.508301 [info ] [Thread-4 (]: 4 of 5 OK created sql table model main.dim_customers ........................... [[32mOK[0m in 0.03s]
[0m13:46:19.508490 [debug] [Thread-4 (]: Finished running node model.data_pipeline_example.dim_customers
[0m13:46:19.508613 [debug] [Thread-1 (]: SQL status: OK in 0.000 seconds
[0m13:46:19.509046 [debug] [Thread-1 (]: On model.data_pipeline_example.fact_orders: Close
[0m13:46:19.511392 [debug] [Thread-1 (]: Sending event: {'category': 'dbt', 'action': 'run_model', 'label': '9f1821ee-54b8-444a-b2ae-d9983cd6daae', 'context': [<snowplow_tracker.self_describing_json.SelfDescribingJson object at 0x10a919be0>]}
[0m13:46:19.511580 [info ] [Thread-1 (]: 5 of 5 OK created sql table model main.fact_orders ............................. [[32mOK[0m in 0.02s]
[0m13:46:19.511758 [debug] [Thread-1 (]: Finished running node model.data_pipeline_example.fact_orders
[0m13:46:19.512237 [debug] [MainThread]: Using duckdb connection "master"
[0m13:46:19.512343 [debug] [MainThread]: On master: BEGIN
[0m13:46:19.512427 [debug] [MainThread]: Opening a new connection, currently in state closed
[0m13:46:19.516159 [debug] [MainThread]: SQL status: OK in 0.004 seconds
[0m13:46:19.516270 [debug] [MainThread]: On master: COMMIT
[0m13:46:19.516366 [debug] [MainThread]: Using duckdb connection "master"
[0m13:46:19.516454 [debug] [MainThread]: On master: COMMIT
[0m13:46:19.516604 [debug] [MainThread]: SQL status: OK in 0.000 seconds
[0m13:46:19.516694 [debug] [MainThread]: On master: Close
[0m13:46:19.517120 [debug] [MainThread]: Connection 'master' was properly closed.
[0m13:46:19.517210 [debug] [MainThread]: Connection 'model.data_pipeline_example.fact_orders' was properly closed.
[0m13:46:19.517293 [debug] [MainThread]: Connection 'model.data_pipeline_example.stg_orders' was properly closed.
[0m13:46:19.517369 [debug] [MainThread]: Connection 'model.data_pipeline_example.stg_products' was properly closed.
[0m13:46:19.517437 [debug] [MainThread]: Connection 'model.data_pipeline_example.dim_customers' was properly closed.
[0m13:46:19.517588 [info ] [MainThread]: 
[0m13:46:19.517706 [info ] [MainThread]: Finished running 3 view models, 2 table models in 0 hours 0 minutes and 0.16 seconds (0.16s).
[0m13:46:19.518080 [debug] [MainThread]: Command end result
[0m13:46:19.552408 [info ] [MainThread]: 
[0m13:46:19.552607 [info ] [MainThread]: [32mCompleted successfully[0m
[0m13:46:19.552718 [info ] [MainThread]: 
[0m13:46:19.552833 [info ] [MainThread]: Done. PASS=5 WARN=0 ERROR=0 SKIP=0 TOTAL=5
[0m13:46:19.554174 [debug] [MainThread]: Resource report: {"command_name": "run", "command_success": true, "command_wall_clock_time": 0.50543314, "process_in_blocks": "0", "process_kernel_time": 0.140453, "process_mem_max_rss": "162906112", "process_out_blocks": "0", "process_user_time": 0.776332}
[0m13:46:19.554321 [debug] [MainThread]: Command `dbt run` succeeded at 13:46:19.554293 after 0.51 seconds
[0m13:46:19.554438 [debug] [MainThread]: Sending event: {'category': 'dbt', 'action': 'invocation', 'label': 'end', 'context': [<snowplow_tracker.self_describing_json.SelfDescribingJson object at 0x10185ac60>, <snowplow_tracker.self_describing_json.SelfDescribingJson object at 0x10a6ae210>, <snowplow_tracker.self_describing_json.SelfDescribingJson object at 0x10a89e9c0>]}
[0m13:46:19.554548 [debug] [MainThread]: Flushing usage events
[0m13:46:20.890744 [debug] [MainThread]: Sending event: {'category': 'dbt', 'action': 'invocation', 'label': 'start', 'context': [<snowplow_tracker.self_describing_json.SelfDescribingJson object at 0x10d1e7b30>, <snowplow_tracker.self_describing_json.SelfDescribingJson object at 0x10df72ab0>, <snowplow_tracker.self_describing_json.SelfDescribingJson object at 0x10df72810>]}


============================== 13:46:20.893215 | a7bb28cb-2e25-489f-b856-78a7925350de ==============================
[0m13:46:20.893215 [info ] [MainThread]: Running with dbt=1.8.9
[0m13:46:20.893457 [debug] [MainThread]: running dbt with arguments {'printer_width': '80', 'indirect_selection': 'eager', 'log_cache_events': 'False', 'write_json': 'True', 'partial_parse': 'True', 'cache_selected_only': 'False', 'warn_error': 'None', 'debug': 'False', 'fail_fast': 'False', 'log_path': '/Users/mbarrio/dev/data-template/examples/data-pipeline-example/logs', 'profiles_dir': '/Users/mbarrio/dev/data-template/examples/data-pipeline-example', 'version_check': 'True', 'use_colors': 'True', 'use_experimental_parser': 'False', 'no_print': 'None', 'quiet': 'False', 'empty': 'None', 'log_format': 'default', 'invocation_command': 'dbt test', 'warn_error_options': 'WarnErrorOptions(include=[], exclude=[])', 'introspect': 'True', 'target_path': 'None', 'static_parser': 'True', 'send_anonymous_usage_stats': 'True'}
[0m13:46:20.966963 [debug] [MainThread]: Sending event: {'category': 'dbt', 'action': 'project_id', 'label': 'a7bb28cb-2e25-489f-b856-78a7925350de', 'context': [<snowplow_tracker.self_describing_json.SelfDescribingJson object at 0x10e056210>]}
[0m13:46:20.982640 [debug] [MainThread]: Sending event: {'category': 'dbt', 'action': 'adapter_info', 'label': 'a7bb28cb-2e25-489f-b856-78a7925350de', 'context': [<snowplow_tracker.self_describing_json.SelfDescribingJson object at 0x10e057890>]}
[0m13:46:20.983422 [info ] [MainThread]: Registered adapter: duckdb=1.8.4
[0m13:46:21.026878 [debug] [MainThread]: checksum: 132857a23e9d07220246854f7763165174ce9b737cfc7867629ace4294e520b1, vars: {}, profile: , target: , version: 1.8.9
[0m13:46:21.085203 [debug] [MainThread]: Partial parsing enabled: 0 files deleted, 0 files added, 0 files changed.
[0m13:46:21.085380 [debug] [MainThread]: Partial parsing enabled, no changes found, skipping parsing
[0m13:46:21.101575 [debug] [MainThread]: Sending event: {'category': 'dbt', 'action': 'load_project', 'label': 'a7bb28cb-2e25-489f-b856-78a7925350de', 'context': [<snowplow_tracker.self_describing_json.SelfDescribingJson object at 0x10cebe240>]}
[0m13:46:21.144347 [debug] [MainThread]: Sending event: {'category': 'dbt', 'action': 'resource_counts', 'label': 'a7bb28cb-2e25-489f-b856-78a7925350de', 'context': [<snowplow_tracker.self_describing_json.SelfDescribingJson object at 0x10e2bd970>]}
[0m13:46:21.144534 [info ] [MainThread]: Found 5 models, 46 data tests, 3 seeds, 542 macros
[0m13:46:21.144666 [debug] [MainThread]: Sending event: {'category': 'dbt', 'action': 'runnable_timing', 'label': 'a7bb28cb-2e25-489f-b856-78a7925350de', 'context': [<snowplow_tracker.self_describing_json.SelfDescribingJson object at 0x10e61dac0>]}
[0m13:46:21.145906 [info ] [MainThread]: 
[0m13:46:21.146132 [debug] [MainThread]: Acquiring new duckdb connection 'master'
[0m13:46:21.147796 [debug] [ThreadPool]: Acquiring new duckdb connection 'list_dev_main'
[0m13:46:21.194095 [debug] [ThreadPool]: Using duckdb connection "list_dev_main"
[0m13:46:21.194263 [debug] [ThreadPool]: On list_dev_main: BEGIN
[0m13:46:21.194360 [debug] [ThreadPool]: Opening a new connection, currently in state init
[0m13:46:21.199020 [debug] [ThreadPool]: SQL status: OK in 0.005 seconds
[0m13:46:21.199126 [debug] [ThreadPool]: Using duckdb connection "list_dev_main"
[0m13:46:21.199218 [debug] [ThreadPool]: On list_dev_main: /* {"app": "dbt", "dbt_version": "1.8.9", "profile_name": "data_pipeline_example", "target_name": "dev", "connection_name": "list_dev_main"} */
select
      'dev' as database,
      table_name as name,
      table_schema as schema,
      CASE table_type
        WHEN 'BASE TABLE' THEN 'table'
        WHEN 'VIEW' THEN 'view'
        WHEN 'LOCAL TEMPORARY' THEN 'table'
        END as type
    from system.information_schema.tables
    where table_schema = 'main'
    and table_catalog = 'dev'
  
[0m13:46:21.200456 [debug] [ThreadPool]: SQL status: OK in 0.001 seconds
[0m13:46:21.200946 [debug] [ThreadPool]: On list_dev_main: ROLLBACK
[0m13:46:21.201410 [debug] [ThreadPool]: Failed to rollback 'list_dev_main'
[0m13:46:21.201531 [debug] [ThreadPool]: On list_dev_main: Close
[0m13:46:21.202470 [debug] [MainThread]: Sending event: {'category': 'dbt', 'action': 'runnable_timing', 'label': 'a7bb28cb-2e25-489f-b856-78a7925350de', 'context': [<snowplow_tracker.self_describing_json.SelfDescribingJson object at 0x10cd9a180>]}
[0m13:46:21.202627 [debug] [MainThread]: Using duckdb connection "master"
[0m13:46:21.202714 [debug] [MainThread]: On master: BEGIN
[0m13:46:21.202796 [debug] [MainThread]: Opening a new connection, currently in state init
[0m13:46:21.206393 [debug] [MainThread]: SQL status: OK in 0.004 seconds
[0m13:46:21.206501 [debug] [MainThread]: On master: COMMIT
[0m13:46:21.206590 [debug] [MainThread]: Using duckdb connection "master"
[0m13:46:21.206672 [debug] [MainThread]: On master: COMMIT
[0m13:46:21.206799 [debug] [MainThread]: SQL status: OK in 0.000 seconds
[0m13:46:21.206887 [debug] [MainThread]: On master: Close
[0m13:46:21.207320 [info ] [MainThread]: Concurrency: 4 threads (target='dev')
[0m13:46:21.207434 [info ] [MainThread]: 
[0m13:46:21.208467 [debug] [Thread-1 (]: Began running node test.data_pipeline_example.accepted_values_dim_customers_country__US__UK__CA__DE__FR__AU.75261bc7e7
[0m13:46:21.208625 [debug] [Thread-2 (]: Began running node test.data_pipeline_example.accepted_values_dim_customers_segment__enterprise__smb__startup.fd3e4d32ce
[0m13:46:21.208765 [info ] [Thread-1 (]: 1 of 46 START test accepted_values_dim_customers_country__US__UK__CA__DE__FR__AU  [RUN]
[0m13:46:21.208916 [debug] [Thread-3 (]: Began running node test.data_pipeline_example.accepted_values_fact_orders_product_category__software__service__hardware.6763e2e805
[0m13:46:21.209053 [info ] [Thread-2 (]: 2 of 46 START test accepted_values_dim_customers_segment__enterprise__smb__startup  [RUN]
[0m13:46:21.209196 [debug] [Thread-4 (]: Began running node test.data_pipeline_example.accepted_values_fact_orders_status__pending__shipped__delivered.05a019011d
[0m13:46:21.209336 [debug] [Thread-1 (]: Re-using an available connection from the pool (formerly list_dev_main, now test.data_pipeline_example.accepted_values_dim_customers_country__US__UK__CA__DE__FR__AU.75261bc7e7)
[0m13:46:21.209476 [info ] [Thread-3 (]: 3 of 46 START test accepted_values_fact_orders_product_category__software__service__hardware  [RUN]
[0m13:46:21.209641 [debug] [Thread-2 (]: Acquiring new duckdb connection 'test.data_pipeline_example.accepted_values_dim_customers_segment__enterprise__smb__startup.fd3e4d32ce'
[0m13:46:21.209746 [info ] [Thread-4 (]: 4 of 46 START test accepted_values_fact_orders_status__pending__shipped__delivered  [RUN]
[0m13:46:21.209870 [debug] [Thread-1 (]: Began compiling node test.data_pipeline_example.accepted_values_dim_customers_country__US__UK__CA__DE__FR__AU.75261bc7e7
[0m13:46:21.210015 [debug] [Thread-3 (]: Acquiring new duckdb connection 'test.data_pipeline_example.accepted_values_fact_orders_product_category__software__service__hardware.6763e2e805'
[0m13:46:21.210120 [debug] [Thread-2 (]: Began compiling node test.data_pipeline_example.accepted_values_dim_customers_segment__enterprise__smb__startup.fd3e4d32ce
[0m13:46:21.210243 [debug] [Thread-4 (]: Acquiring new duckdb connection 'test.data_pipeline_example.accepted_values_fact_orders_status__pending__shipped__delivered.05a019011d'
[0m13:46:21.216267 [debug] [Thread-1 (]: Writing injected SQL for node "test.data_pipeline_example.accepted_values_dim_customers_country__US__UK__CA__DE__FR__AU.75261bc7e7"
[0m13:46:21.216400 [debug] [Thread-3 (]: Began compiling node test.data_pipeline_example.accepted_values_fact_orders_product_category__software__service__hardware.6763e2e805
[0m13:46:21.218038 [debug] [Thread-2 (]: Writing injected SQL for node "test.data_pipeline_example.accepted_values_dim_customers_segment__enterprise__smb__startup.fd3e4d32ce"
[0m13:46:21.218150 [debug] [Thread-4 (]: Began compiling node test.data_pipeline_example.accepted_values_fact_orders_status__pending__shipped__delivered.05a019011d
[0m13:46:21.219963 [debug] [Thread-3 (]: Writing injected SQL for node "test.data_pipeline_example.accepted_values_fact_orders_product_category__software__service__hardware.6763e2e805"
[0m13:46:21.221759 [debug] [Thread-4 (]: Writing injected SQL for node "test.data_pipeline_example.accepted_values_fact_orders_status__pending__shipped__delivered.05a019011d"
[0m13:46:21.221987 [debug] [Thread-1 (]: Began executing node test.data_pipeline_example.accepted_values_dim_customers_country__US__UK__CA__DE__FR__AU.75261bc7e7
[0m13:46:21.228495 [debug] [Thread-1 (]: Writing runtime sql for node "test.data_pipeline_example.accepted_values_dim_customers_country__US__UK__CA__DE__FR__AU.75261bc7e7"
[0m13:46:21.228708 [debug] [Thread-2 (]: Began executing node test.data_pipeline_example.accepted_values_dim_customers_segment__enterprise__smb__startup.fd3e4d32ce
[0m13:46:21.229452 [debug] [Thread-2 (]: Writing runtime sql for node "test.data_pipeline_example.accepted_values_dim_customers_segment__enterprise__smb__startup.fd3e4d32ce"
[0m13:46:21.229612 [debug] [Thread-3 (]: Began executing node test.data_pipeline_example.accepted_values_fact_orders_product_category__software__service__hardware.6763e2e805
[0m13:46:21.230396 [debug] [Thread-3 (]: Writing runtime sql for node "test.data_pipeline_example.accepted_values_fact_orders_product_category__software__service__hardware.6763e2e805"
[0m13:46:21.230573 [debug] [Thread-4 (]: Began executing node test.data_pipeline_example.accepted_values_fact_orders_status__pending__shipped__delivered.05a019011d
[0m13:46:21.231378 [debug] [Thread-4 (]: Writing runtime sql for node "test.data_pipeline_example.accepted_values_fact_orders_status__pending__shipped__delivered.05a019011d"
[0m13:46:21.231561 [debug] [Thread-2 (]: Using duckdb connection "test.data_pipeline_example.accepted_values_dim_customers_segment__enterprise__smb__startup.fd3e4d32ce"
[0m13:46:21.231692 [debug] [Thread-2 (]: On test.data_pipeline_example.accepted_values_dim_customers_segment__enterprise__smb__startup.fd3e4d32ce: BEGIN
[0m13:46:21.231805 [debug] [Thread-2 (]: Opening a new connection, currently in state init
[0m13:46:21.231983 [debug] [Thread-1 (]: Using duckdb connection "test.data_pipeline_example.accepted_values_dim_customers_country__US__UK__CA__DE__FR__AU.75261bc7e7"
[0m13:46:21.232167 [debug] [Thread-3 (]: Using duckdb connection "test.data_pipeline_example.accepted_values_fact_orders_product_category__software__service__hardware.6763e2e805"
[0m13:46:21.232297 [debug] [Thread-1 (]: On test.data_pipeline_example.accepted_values_dim_customers_country__US__UK__CA__DE__FR__AU.75261bc7e7: BEGIN
[0m13:46:21.232415 [debug] [Thread-3 (]: On test.data_pipeline_example.accepted_values_fact_orders_product_category__software__service__hardware.6763e2e805: BEGIN
[0m13:46:21.232546 [debug] [Thread-4 (]: Using duckdb connection "test.data_pipeline_example.accepted_values_fact_orders_status__pending__shipped__delivered.05a019011d"
[0m13:46:21.232649 [debug] [Thread-1 (]: Opening a new connection, currently in state closed
[0m13:46:21.232760 [debug] [Thread-3 (]: Opening a new connection, currently in state init
[0m13:46:21.232875 [debug] [Thread-4 (]: On test.data_pipeline_example.accepted_values_fact_orders_status__pending__shipped__delivered.05a019011d: BEGIN
[0m13:46:21.233006 [debug] [Thread-4 (]: Opening a new connection, currently in state init
[0m13:46:21.235873 [debug] [Thread-3 (]: SQL status: OK in 0.003 seconds
[0m13:46:21.236005 [debug] [Thread-2 (]: SQL status: OK in 0.004 seconds
[0m13:46:21.236135 [debug] [Thread-1 (]: SQL status: OK in 0.003 seconds
[0m13:46:21.236246 [debug] [Thread-3 (]: Using duckdb connection "test.data_pipeline_example.accepted_values_fact_orders_product_category__software__service__hardware.6763e2e805"
[0m13:46:21.236359 [debug] [Thread-4 (]: SQL status: OK in 0.003 seconds
[0m13:46:21.236483 [debug] [Thread-2 (]: Using duckdb connection "test.data_pipeline_example.accepted_values_dim_customers_segment__enterprise__smb__startup.fd3e4d32ce"
[0m13:46:21.236612 [debug] [Thread-1 (]: Using duckdb connection "test.data_pipeline_example.accepted_values_dim_customers_country__US__UK__CA__DE__FR__AU.75261bc7e7"
[0m13:46:21.236746 [debug] [Thread-3 (]: On test.data_pipeline_example.accepted_values_fact_orders_product_category__software__service__hardware.6763e2e805: /* {"app": "dbt", "dbt_version": "1.8.9", "profile_name": "data_pipeline_example", "target_name": "dev", "node_id": "test.data_pipeline_example.accepted_values_fact_orders_product_category__software__service__hardware.6763e2e805"} */

    select
      count(*) as failures,
      count(*) != 0 as should_warn,
      count(*) != 0 as should_error
    from (
      
    
  
    
    

with all_values as (

    select
        product_category as value_field,
        count(*) as n_records

    from "dev"."main"."fact_orders"
    group by product_category

)

select *
from all_values
where value_field not in (
    'software','service','hardware'
)



  
  
      
    ) dbt_internal_test
[0m13:46:21.236868 [debug] [Thread-4 (]: Using duckdb connection "test.data_pipeline_example.accepted_values_fact_orders_status__pending__shipped__delivered.05a019011d"
[0m13:46:21.236998 [debug] [Thread-2 (]: On test.data_pipeline_example.accepted_values_dim_customers_segment__enterprise__smb__startup.fd3e4d32ce: /* {"app": "dbt", "dbt_version": "1.8.9", "profile_name": "data_pipeline_example", "target_name": "dev", "node_id": "test.data_pipeline_example.accepted_values_dim_customers_segment__enterprise__smb__startup.fd3e4d32ce"} */

    select
      count(*) as failures,
      count(*) != 0 as should_warn,
      count(*) != 0 as should_error
    from (
      
    
  
    
    

with all_values as (

    select
        segment as value_field,
        count(*) as n_records

    from "dev"."main"."dim_customers"
    group by segment

)

select *
from all_values
where value_field not in (
    'enterprise','smb','startup'
)



  
  
      
    ) dbt_internal_test
[0m13:46:21.237129 [debug] [Thread-1 (]: On test.data_pipeline_example.accepted_values_dim_customers_country__US__UK__CA__DE__FR__AU.75261bc7e7: /* {"app": "dbt", "dbt_version": "1.8.9", "profile_name": "data_pipeline_example", "target_name": "dev", "node_id": "test.data_pipeline_example.accepted_values_dim_customers_country__US__UK__CA__DE__FR__AU.75261bc7e7"} */

    select
      count(*) as failures,
      count(*) != 0 as should_warn,
      count(*) != 0 as should_error
    from (
      
    
  
    
    

with all_values as (

    select
        country as value_field,
        count(*) as n_records

    from "dev"."main"."dim_customers"
    group by country

)

select *
from all_values
where value_field not in (
    'US','UK','CA','DE','FR','AU'
)



  
  
      
    ) dbt_internal_test
[0m13:46:21.237310 [debug] [Thread-4 (]: On test.data_pipeline_example.accepted_values_fact_orders_status__pending__shipped__delivered.05a019011d: /* {"app": "dbt", "dbt_version": "1.8.9", "profile_name": "data_pipeline_example", "target_name": "dev", "node_id": "test.data_pipeline_example.accepted_values_fact_orders_status__pending__shipped__delivered.05a019011d"} */

    select
      count(*) as failures,
      count(*) != 0 as should_warn,
      count(*) != 0 as should_error
    from (
      
    
  
    
    

with all_values as (

    select
        status as value_field,
        count(*) as n_records

    from "dev"."main"."fact_orders"
    group by status

)

select *
from all_values
where value_field not in (
    'pending','shipped','delivered'
)



  
  
      
    ) dbt_internal_test
[0m13:46:21.237839 [debug] [Thread-3 (]: SQL status: OK in 0.001 seconds
[0m13:46:21.237969 [debug] [Thread-1 (]: SQL status: OK in 0.000 seconds
[0m13:46:21.238102 [debug] [Thread-4 (]: SQL status: OK in 0.001 seconds
[0m13:46:21.238222 [debug] [Thread-2 (]: SQL status: OK in 0.001 seconds
[0m13:46:21.239697 [debug] [Thread-3 (]: On test.data_pipeline_example.accepted_values_fact_orders_product_category__software__service__hardware.6763e2e805: ROLLBACK
[0m13:46:21.240158 [debug] [Thread-1 (]: On test.data_pipeline_example.accepted_values_dim_customers_country__US__UK__CA__DE__FR__AU.75261bc7e7: ROLLBACK
[0m13:46:21.240550 [debug] [Thread-4 (]: On test.data_pipeline_example.accepted_values_fact_orders_status__pending__shipped__delivered.05a019011d: ROLLBACK
[0m13:46:21.240968 [debug] [Thread-2 (]: On test.data_pipeline_example.accepted_values_dim_customers_segment__enterprise__smb__startup.fd3e4d32ce: ROLLBACK
[0m13:46:21.241333 [debug] [Thread-1 (]: Failed to rollback 'test.data_pipeline_example.accepted_values_dim_customers_country__US__UK__CA__DE__FR__AU.75261bc7e7'
[0m13:46:21.241586 [debug] [Thread-3 (]: Failed to rollback 'test.data_pipeline_example.accepted_values_fact_orders_product_category__software__service__hardware.6763e2e805'
[0m13:46:21.241892 [debug] [Thread-4 (]: Failed to rollback 'test.data_pipeline_example.accepted_values_fact_orders_status__pending__shipped__delivered.05a019011d'
[0m13:46:21.242186 [debug] [Thread-2 (]: Failed to rollback 'test.data_pipeline_example.accepted_values_dim_customers_segment__enterprise__smb__startup.fd3e4d32ce'
[0m13:46:21.242299 [debug] [Thread-1 (]: On test.data_pipeline_example.accepted_values_dim_customers_country__US__UK__CA__DE__FR__AU.75261bc7e7: Close
[0m13:46:21.242420 [debug] [Thread-3 (]: On test.data_pipeline_example.accepted_values_fact_orders_product_category__software__service__hardware.6763e2e805: Close
[0m13:46:21.242555 [debug] [Thread-4 (]: On test.data_pipeline_example.accepted_values_fact_orders_status__pending__shipped__delivered.05a019011d: Close
[0m13:46:21.242679 [debug] [Thread-2 (]: On test.data_pipeline_example.accepted_values_dim_customers_segment__enterprise__smb__startup.fd3e4d32ce: Close
[0m13:46:21.242904 [info ] [Thread-3 (]: 3 of 46 PASS accepted_values_fact_orders_product_category__software__service__hardware  [[32mPASS[0m in 0.03s]
[0m13:46:21.243064 [info ] [Thread-1 (]: 1 of 46 PASS accepted_values_dim_customers_country__US__UK__CA__DE__FR__AU ..... [[32mPASS[0m in 0.03s]
[0m13:46:21.243473 [debug] [Thread-3 (]: Finished running node test.data_pipeline_example.accepted_values_fact_orders_product_category__software__service__hardware.6763e2e805
[0m13:46:21.243253 [info ] [Thread-4 (]: 4 of 46 PASS accepted_values_fact_orders_status__pending__shipped__delivered ... [[32mPASS[0m in 0.03s]
[0m13:46:21.243693 [debug] [Thread-1 (]: Finished running node test.data_pipeline_example.accepted_values_dim_customers_country__US__UK__CA__DE__FR__AU.75261bc7e7
[0m13:46:21.243854 [debug] [Thread-3 (]: Began running node test.data_pipeline_example.accepted_values_stg_customers_country__US__UK__CA__DE__FR__AU.f367ea8362
[0m13:46:21.244181 [debug] [Thread-4 (]: Finished running node test.data_pipeline_example.accepted_values_fact_orders_status__pending__shipped__delivered.05a019011d
[0m13:46:21.244026 [info ] [Thread-2 (]: 2 of 46 PASS accepted_values_dim_customers_segment__enterprise__smb__startup ... [[32mPASS[0m in 0.03s]
[0m13:46:21.244379 [debug] [Thread-1 (]: Began running node test.data_pipeline_example.accepted_values_stg_customers_segment__enterprise__smb__startup.aa95e7d18f
[0m13:46:21.244529 [info ] [Thread-3 (]: 5 of 46 START test accepted_values_stg_customers_country__US__UK__CA__DE__FR__AU  [RUN]
[0m13:46:21.244703 [debug] [Thread-4 (]: Began running node test.data_pipeline_example.accepted_values_stg_orders_status__pending__shipped__delivered__cancelled.f082775750
[0m13:46:21.244888 [debug] [Thread-2 (]: Finished running node test.data_pipeline_example.accepted_values_dim_customers_segment__enterprise__smb__startup.fd3e4d32ce
[0m13:46:21.245013 [info ] [Thread-1 (]: 6 of 46 START test accepted_values_stg_customers_segment__enterprise__smb__startup  [RUN]
[0m13:46:21.245154 [debug] [Thread-3 (]: Re-using an available connection from the pool (formerly test.data_pipeline_example.accepted_values_fact_orders_product_category__software__service__hardware.6763e2e805, now test.data_pipeline_example.accepted_values_stg_customers_country__US__UK__CA__DE__FR__AU.f367ea8362)
[0m13:46:21.245284 [info ] [Thread-4 (]: 7 of 46 START test accepted_values_stg_orders_status__pending__shipped__delivered__cancelled  [RUN]
[0m13:46:21.245429 [debug] [Thread-2 (]: Began running node test.data_pipeline_example.accepted_values_stg_products_category__software__service__hardware.22b47989a2
[0m13:46:21.245567 [debug] [Thread-1 (]: Re-using an available connection from the pool (formerly test.data_pipeline_example.accepted_values_dim_customers_country__US__UK__CA__DE__FR__AU.75261bc7e7, now test.data_pipeline_example.accepted_values_stg_customers_segment__enterprise__smb__startup.aa95e7d18f)
[0m13:46:21.245684 [debug] [Thread-3 (]: Began compiling node test.data_pipeline_example.accepted_values_stg_customers_country__US__UK__CA__DE__FR__AU.f367ea8362
[0m13:46:21.245793 [debug] [Thread-4 (]: Re-using an available connection from the pool (formerly test.data_pipeline_example.accepted_values_fact_orders_status__pending__shipped__delivered.05a019011d, now test.data_pipeline_example.accepted_values_stg_orders_status__pending__shipped__delivered__cancelled.f082775750)
[0m13:46:21.245902 [info ] [Thread-2 (]: 8 of 46 START test accepted_values_stg_products_category__software__service__hardware  [RUN]
[0m13:46:21.246033 [debug] [Thread-1 (]: Began compiling node test.data_pipeline_example.accepted_values_stg_customers_segment__enterprise__smb__startup.aa95e7d18f
[0m13:46:21.247493 [debug] [Thread-3 (]: Writing injected SQL for node "test.data_pipeline_example.accepted_values_stg_customers_country__US__UK__CA__DE__FR__AU.f367ea8362"
[0m13:46:21.247608 [debug] [Thread-4 (]: Began compiling node test.data_pipeline_example.accepted_values_stg_orders_status__pending__shipped__delivered__cancelled.f082775750
[0m13:46:21.247726 [debug] [Thread-2 (]: Re-using an available connection from the pool (formerly test.data_pipeline_example.accepted_values_dim_customers_segment__enterprise__smb__startup.fd3e4d32ce, now test.data_pipeline_example.accepted_values_stg_products_category__software__service__hardware.22b47989a2)
[0m13:46:21.248877 [debug] [Thread-1 (]: Writing injected SQL for node "test.data_pipeline_example.accepted_values_stg_customers_segment__enterprise__smb__startup.aa95e7d18f"
[0m13:46:21.250378 [debug] [Thread-4 (]: Writing injected SQL for node "test.data_pipeline_example.accepted_values_stg_orders_status__pending__shipped__delivered__cancelled.f082775750"
[0m13:46:21.250508 [debug] [Thread-2 (]: Began compiling node test.data_pipeline_example.accepted_values_stg_products_category__software__service__hardware.22b47989a2
[0m13:46:21.251803 [debug] [Thread-2 (]: Writing injected SQL for node "test.data_pipeline_example.accepted_values_stg_products_category__software__service__hardware.22b47989a2"
[0m13:46:21.251965 [debug] [Thread-3 (]: Began executing node test.data_pipeline_example.accepted_values_stg_customers_country__US__UK__CA__DE__FR__AU.f367ea8362
[0m13:46:21.252757 [debug] [Thread-3 (]: Writing runtime sql for node "test.data_pipeline_example.accepted_values_stg_customers_country__US__UK__CA__DE__FR__AU.f367ea8362"
[0m13:46:21.252906 [debug] [Thread-4 (]: Began executing node test.data_pipeline_example.accepted_values_stg_orders_status__pending__shipped__delivered__cancelled.f082775750
[0m13:46:21.253654 [debug] [Thread-4 (]: Writing runtime sql for node "test.data_pipeline_example.accepted_values_stg_orders_status__pending__shipped__delivered__cancelled.f082775750"
[0m13:46:21.253790 [debug] [Thread-1 (]: Began executing node test.data_pipeline_example.accepted_values_stg_customers_segment__enterprise__smb__startup.aa95e7d18f
[0m13:46:21.255071 [debug] [Thread-1 (]: Writing runtime sql for node "test.data_pipeline_example.accepted_values_stg_customers_segment__enterprise__smb__startup.aa95e7d18f"
[0m13:46:21.255239 [debug] [Thread-3 (]: Using duckdb connection "test.data_pipeline_example.accepted_values_stg_customers_country__US__UK__CA__DE__FR__AU.f367ea8362"
[0m13:46:21.255366 [debug] [Thread-2 (]: Began executing node test.data_pipeline_example.accepted_values_stg_products_category__software__service__hardware.22b47989a2
[0m13:46:21.255477 [debug] [Thread-3 (]: On test.data_pipeline_example.accepted_values_stg_customers_country__US__UK__CA__DE__FR__AU.f367ea8362: BEGIN
[0m13:46:21.256216 [debug] [Thread-2 (]: Writing runtime sql for node "test.data_pipeline_example.accepted_values_stg_products_category__software__service__hardware.22b47989a2"
[0m13:46:21.256349 [debug] [Thread-3 (]: Opening a new connection, currently in state closed
[0m13:46:21.256475 [debug] [Thread-4 (]: Using duckdb connection "test.data_pipeline_example.accepted_values_stg_orders_status__pending__shipped__delivered__cancelled.f082775750"
[0m13:46:21.256612 [debug] [Thread-1 (]: Using duckdb connection "test.data_pipeline_example.accepted_values_stg_customers_segment__enterprise__smb__startup.aa95e7d18f"
[0m13:46:21.256805 [debug] [Thread-4 (]: On test.data_pipeline_example.accepted_values_stg_orders_status__pending__shipped__delivered__cancelled.f082775750: BEGIN
[0m13:46:21.256928 [debug] [Thread-1 (]: On test.data_pipeline_example.accepted_values_stg_customers_segment__enterprise__smb__startup.aa95e7d18f: BEGIN
[0m13:46:21.257046 [debug] [Thread-4 (]: Opening a new connection, currently in state closed
[0m13:46:21.257171 [debug] [Thread-2 (]: Using duckdb connection "test.data_pipeline_example.accepted_values_stg_products_category__software__service__hardware.22b47989a2"
[0m13:46:21.257275 [debug] [Thread-1 (]: Opening a new connection, currently in state closed
[0m13:46:21.257400 [debug] [Thread-2 (]: On test.data_pipeline_example.accepted_values_stg_products_category__software__service__hardware.22b47989a2: BEGIN
[0m13:46:21.257513 [debug] [Thread-2 (]: Opening a new connection, currently in state closed
[0m13:46:21.260651 [debug] [Thread-4 (]: SQL status: OK in 0.004 seconds
[0m13:46:21.260798 [debug] [Thread-4 (]: Using duckdb connection "test.data_pipeline_example.accepted_values_stg_orders_status__pending__shipped__delivered__cancelled.f082775750"
[0m13:46:21.260934 [debug] [Thread-1 (]: SQL status: OK in 0.004 seconds
[0m13:46:21.261058 [debug] [Thread-4 (]: On test.data_pipeline_example.accepted_values_stg_orders_status__pending__shipped__delivered__cancelled.f082775750: /* {"app": "dbt", "dbt_version": "1.8.9", "profile_name": "data_pipeline_example", "target_name": "dev", "node_id": "test.data_pipeline_example.accepted_values_stg_orders_status__pending__shipped__delivered__cancelled.f082775750"} */

    select
      count(*) as failures,
      count(*) != 0 as should_warn,
      count(*) != 0 as should_error
    from (
      
    
  
    
    

with all_values as (

    select
        status as value_field,
        count(*) as n_records

    from "dev"."main"."stg_orders"
    group by status

)

select *
from all_values
where value_field not in (
    'pending','shipped','delivered','cancelled'
)



  
  
      
    ) dbt_internal_test
[0m13:46:21.261188 [debug] [Thread-3 (]: SQL status: OK in 0.005 seconds
[0m13:46:21.261302 [debug] [Thread-2 (]: SQL status: OK in 0.004 seconds
[0m13:46:21.261420 [debug] [Thread-1 (]: Using duckdb connection "test.data_pipeline_example.accepted_values_stg_customers_segment__enterprise__smb__startup.aa95e7d18f"
[0m13:46:21.261594 [debug] [Thread-3 (]: Using duckdb connection "test.data_pipeline_example.accepted_values_stg_customers_country__US__UK__CA__DE__FR__AU.f367ea8362"
[0m13:46:21.261708 [debug] [Thread-2 (]: Using duckdb connection "test.data_pipeline_example.accepted_values_stg_products_category__software__service__hardware.22b47989a2"
[0m13:46:21.261830 [debug] [Thread-1 (]: On test.data_pipeline_example.accepted_values_stg_customers_segment__enterprise__smb__startup.aa95e7d18f: /* {"app": "dbt", "dbt_version": "1.8.9", "profile_name": "data_pipeline_example", "target_name": "dev", "node_id": "test.data_pipeline_example.accepted_values_stg_customers_segment__enterprise__smb__startup.aa95e7d18f"} */

    select
      count(*) as failures,
      count(*) != 0 as should_warn,
      count(*) != 0 as should_error
    from (
      
    
  
    
    

with all_values as (

    select
        segment as value_field,
        count(*) as n_records

    from "dev"."main"."stg_customers"
    group by segment

)

select *
from all_values
where value_field not in (
    'enterprise','smb','startup'
)



  
  
      
    ) dbt_internal_test
[0m13:46:21.261965 [debug] [Thread-3 (]: On test.data_pipeline_example.accepted_values_stg_customers_country__US__UK__CA__DE__FR__AU.f367ea8362: /* {"app": "dbt", "dbt_version": "1.8.9", "profile_name": "data_pipeline_example", "target_name": "dev", "node_id": "test.data_pipeline_example.accepted_values_stg_customers_country__US__UK__CA__DE__FR__AU.f367ea8362"} */

    select
      count(*) as failures,
      count(*) != 0 as should_warn,
      count(*) != 0 as should_error
    from (
      
    
  
    
    

with all_values as (

    select
        country as value_field,
        count(*) as n_records

    from "dev"."main"."stg_customers"
    group by country

)

select *
from all_values
where value_field not in (
    'US','UK','CA','DE','FR','AU'
)



  
  
      
    ) dbt_internal_test
[0m13:46:21.262091 [debug] [Thread-4 (]: SQL status: OK in 0.001 seconds
[0m13:46:21.262212 [debug] [Thread-2 (]: On test.data_pipeline_example.accepted_values_stg_products_category__software__service__hardware.22b47989a2: /* {"app": "dbt", "dbt_version": "1.8.9", "profile_name": "data_pipeline_example", "target_name": "dev", "node_id": "test.data_pipeline_example.accepted_values_stg_products_category__software__service__hardware.22b47989a2"} */

    select
      count(*) as failures,
      count(*) != 0 as should_warn,
      count(*) != 0 as should_error
    from (
      
    
  
    
    

with all_values as (

    select
        category as value_field,
        count(*) as n_records

    from "dev"."main"."stg_products"
    group by category

)

select *
from all_values
where value_field not in (
    'software','service','hardware'
)



  
  
      
    ) dbt_internal_test
[0m13:46:21.262879 [debug] [Thread-4 (]: On test.data_pipeline_example.accepted_values_stg_orders_status__pending__shipped__delivered__cancelled.f082775750: ROLLBACK
[0m13:46:21.263033 [debug] [Thread-3 (]: SQL status: OK in 0.001 seconds
[0m13:46:21.263153 [debug] [Thread-1 (]: SQL status: OK in 0.001 seconds
[0m13:46:21.263470 [debug] [Thread-4 (]: Failed to rollback 'test.data_pipeline_example.accepted_values_stg_orders_status__pending__shipped__delivered__cancelled.f082775750'
[0m13:46:21.263578 [debug] [Thread-2 (]: SQL status: OK in 0.001 seconds
[0m13:46:21.264008 [debug] [Thread-3 (]: On test.data_pipeline_example.accepted_values_stg_customers_country__US__UK__CA__DE__FR__AU.f367ea8362: ROLLBACK
[0m13:46:21.264424 [debug] [Thread-1 (]: On test.data_pipeline_example.accepted_values_stg_customers_segment__enterprise__smb__startup.aa95e7d18f: ROLLBACK
[0m13:46:21.264535 [debug] [Thread-4 (]: On test.data_pipeline_example.accepted_values_stg_orders_status__pending__shipped__delivered__cancelled.f082775750: Close
[0m13:46:21.264993 [debug] [Thread-2 (]: On test.data_pipeline_example.accepted_values_stg_products_category__software__service__hardware.22b47989a2: ROLLBACK
[0m13:46:21.265308 [debug] [Thread-3 (]: Failed to rollback 'test.data_pipeline_example.accepted_values_stg_customers_country__US__UK__CA__DE__FR__AU.f367ea8362'
[0m13:46:21.265613 [debug] [Thread-1 (]: Failed to rollback 'test.data_pipeline_example.accepted_values_stg_customers_segment__enterprise__smb__startup.aa95e7d18f'
[0m13:46:21.265817 [info ] [Thread-4 (]: 7 of 46 PASS accepted_values_stg_orders_status__pending__shipped__delivered__cancelled  [[32mPASS[0m in 0.02s]
[0m13:46:21.266150 [debug] [Thread-2 (]: Failed to rollback 'test.data_pipeline_example.accepted_values_stg_products_category__software__service__hardware.22b47989a2'
[0m13:46:21.266262 [debug] [Thread-3 (]: On test.data_pipeline_example.accepted_values_stg_customers_country__US__UK__CA__DE__FR__AU.f367ea8362: Close
[0m13:46:21.266378 [debug] [Thread-1 (]: On test.data_pipeline_example.accepted_values_stg_customers_segment__enterprise__smb__startup.aa95e7d18f: Close
[0m13:46:21.266546 [debug] [Thread-4 (]: Finished running node test.data_pipeline_example.accepted_values_stg_orders_status__pending__shipped__delivered__cancelled.f082775750
[0m13:46:21.266650 [debug] [Thread-2 (]: On test.data_pipeline_example.accepted_values_stg_products_category__software__service__hardware.22b47989a2: Close
[0m13:46:21.266816 [info ] [Thread-3 (]: 5 of 46 PASS accepted_values_stg_customers_country__US__UK__CA__DE__FR__AU ..... [[32mPASS[0m in 0.02s]
[0m13:46:21.267110 [debug] [Thread-4 (]: Began running node test.data_pipeline_example.fact_orders_delivery_after_shipment
[0m13:46:21.266963 [info ] [Thread-1 (]: 6 of 46 PASS accepted_values_stg_customers_segment__enterprise__smb__startup ... [[32mPASS[0m in 0.02s]
[0m13:46:21.267345 [debug] [Thread-3 (]: Finished running node test.data_pipeline_example.accepted_values_stg_customers_country__US__UK__CA__DE__FR__AU.f367ea8362
[0m13:46:21.267475 [info ] [Thread-4 (]: 9 of 46 START test fact_orders_delivery_after_shipment ......................... [RUN]
[0m13:46:21.267675 [debug] [Thread-1 (]: Finished running node test.data_pipeline_example.accepted_values_stg_customers_segment__enterprise__smb__startup.aa95e7d18f
[0m13:46:21.267962 [debug] [Thread-3 (]: Began running node test.data_pipeline_example.fact_orders_no_negative_amount
[0m13:46:21.267847 [info ] [Thread-2 (]: 8 of 46 PASS accepted_values_stg_products_category__software__service__hardware  [[32mPASS[0m in 0.02s]
[0m13:46:21.268134 [debug] [Thread-4 (]: Re-using an available connection from the pool (formerly test.data_pipeline_example.accepted_values_stg_orders_status__pending__shipped__delivered__cancelled.f082775750, now test.data_pipeline_example.fact_orders_delivery_after_shipment)
[0m13:46:21.268264 [debug] [Thread-1 (]: Began running node test.data_pipeline_example.fact_orders_not_empty
[0m13:46:21.268399 [info ] [Thread-3 (]: 10 of 46 START test fact_orders_no_negative_amount ............................. [RUN]
[0m13:46:21.268590 [debug] [Thread-2 (]: Finished running node test.data_pipeline_example.accepted_values_stg_products_category__software__service__hardware.22b47989a2
[0m13:46:21.268706 [debug] [Thread-4 (]: Began compiling node test.data_pipeline_example.fact_orders_delivery_after_shipment
[0m13:46:21.268825 [info ] [Thread-1 (]: 11 of 46 START test fact_orders_not_empty ...................................... [RUN]
[0m13:46:21.268966 [debug] [Thread-3 (]: Re-using an available connection from the pool (formerly test.data_pipeline_example.accepted_values_stg_customers_country__US__UK__CA__DE__FR__AU.f367ea8362, now test.data_pipeline_example.fact_orders_no_negative_amount)
[0m13:46:21.269106 [debug] [Thread-2 (]: Began running node test.data_pipeline_example.not_null_dim_customers_created_date.271744b628
[0m13:46:21.270080 [debug] [Thread-4 (]: Writing injected SQL for node "test.data_pipeline_example.fact_orders_delivery_after_shipment"
[0m13:46:21.270201 [debug] [Thread-1 (]: Re-using an available connection from the pool (formerly test.data_pipeline_example.accepted_values_stg_customers_segment__enterprise__smb__startup.aa95e7d18f, now test.data_pipeline_example.fact_orders_not_empty)
[0m13:46:21.270317 [debug] [Thread-3 (]: Began compiling node test.data_pipeline_example.fact_orders_no_negative_amount
[0m13:46:21.270439 [info ] [Thread-2 (]: 12 of 46 START test not_null_dim_customers_created_date ........................ [RUN]
[0m13:46:21.270586 [debug] [Thread-1 (]: Began compiling node test.data_pipeline_example.fact_orders_not_empty
[0m13:46:21.271431 [debug] [Thread-3 (]: Writing injected SQL for node "test.data_pipeline_example.fact_orders_no_negative_amount"
[0m13:46:21.271569 [debug] [Thread-2 (]: Re-using an available connection from the pool (formerly test.data_pipeline_example.accepted_values_stg_products_category__software__service__hardware.22b47989a2, now test.data_pipeline_example.not_null_dim_customers_created_date.271744b628)
[0m13:46:21.272413 [debug] [Thread-1 (]: Writing injected SQL for node "test.data_pipeline_example.fact_orders_not_empty"
[0m13:46:21.272555 [debug] [Thread-2 (]: Began compiling node test.data_pipeline_example.not_null_dim_customers_created_date.271744b628
[0m13:46:21.272702 [debug] [Thread-4 (]: Began executing node test.data_pipeline_example.fact_orders_delivery_after_shipment
[0m13:46:21.274823 [debug] [Thread-2 (]: Writing injected SQL for node "test.data_pipeline_example.not_null_dim_customers_created_date.271744b628"
[0m13:46:21.275564 [debug] [Thread-4 (]: Writing runtime sql for node "test.data_pipeline_example.fact_orders_delivery_after_shipment"
[0m13:46:21.275726 [debug] [Thread-3 (]: Began executing node test.data_pipeline_example.fact_orders_no_negative_amount
[0m13:46:21.275856 [debug] [Thread-1 (]: Began executing node test.data_pipeline_example.fact_orders_not_empty
[0m13:46:21.276638 [debug] [Thread-3 (]: Writing runtime sql for node "test.data_pipeline_example.fact_orders_no_negative_amount"
[0m13:46:21.277414 [debug] [Thread-1 (]: Writing runtime sql for node "test.data_pipeline_example.fact_orders_not_empty"
[0m13:46:21.277548 [debug] [Thread-2 (]: Began executing node test.data_pipeline_example.not_null_dim_customers_created_date.271744b628
[0m13:46:21.278333 [debug] [Thread-2 (]: Writing runtime sql for node "test.data_pipeline_example.not_null_dim_customers_created_date.271744b628"
[0m13:46:21.278517 [debug] [Thread-4 (]: Using duckdb connection "test.data_pipeline_example.fact_orders_delivery_after_shipment"
[0m13:46:21.278651 [debug] [Thread-3 (]: Using duckdb connection "test.data_pipeline_example.fact_orders_no_negative_amount"
[0m13:46:21.278776 [debug] [Thread-4 (]: On test.data_pipeline_example.fact_orders_delivery_after_shipment: BEGIN
[0m13:46:21.278908 [debug] [Thread-1 (]: Using duckdb connection "test.data_pipeline_example.fact_orders_not_empty"
[0m13:46:21.279024 [debug] [Thread-3 (]: On test.data_pipeline_example.fact_orders_no_negative_amount: BEGIN
[0m13:46:21.279151 [debug] [Thread-2 (]: Using duckdb connection "test.data_pipeline_example.not_null_dim_customers_created_date.271744b628"
[0m13:46:21.279265 [debug] [Thread-4 (]: Opening a new connection, currently in state closed
[0m13:46:21.279373 [debug] [Thread-1 (]: On test.data_pipeline_example.fact_orders_not_empty: BEGIN
[0m13:46:21.279486 [debug] [Thread-3 (]: Opening a new connection, currently in state closed
[0m13:46:21.279592 [debug] [Thread-2 (]: On test.data_pipeline_example.not_null_dim_customers_created_date.271744b628: BEGIN
[0m13:46:21.279737 [debug] [Thread-1 (]: Opening a new connection, currently in state closed
[0m13:46:21.279853 [debug] [Thread-2 (]: Opening a new connection, currently in state closed
[0m13:46:21.283567 [debug] [Thread-4 (]: SQL status: OK in 0.004 seconds
[0m13:46:21.283682 [debug] [Thread-3 (]: SQL status: OK in 0.004 seconds
[0m13:46:21.283788 [debug] [Thread-1 (]: SQL status: OK in 0.004 seconds
[0m13:46:21.283886 [debug] [Thread-4 (]: Using duckdb connection "test.data_pipeline_example.fact_orders_delivery_after_shipment"
[0m13:46:21.284001 [debug] [Thread-2 (]: SQL status: OK in 0.004 seconds
[0m13:46:21.284131 [debug] [Thread-3 (]: Using duckdb connection "test.data_pipeline_example.fact_orders_no_negative_amount"
[0m13:46:21.284252 [debug] [Thread-1 (]: Using duckdb connection "test.data_pipeline_example.fact_orders_not_empty"
[0m13:46:21.284380 [debug] [Thread-4 (]: On test.data_pipeline_example.fact_orders_delivery_after_shipment: /* {"app": "dbt", "dbt_version": "1.8.9", "profile_name": "data_pipeline_example", "target_name": "dev", "node_id": "test.data_pipeline_example.fact_orders_delivery_after_shipment"} */

    select
      count(*) as failures,
      count(*) != 0 as should_warn,
      count(*) != 0 as should_error
    from (
      
    
  -- Business logic assertion (Critical tier requirement):
-- A delivered order must have a delivered_date >= shipped_date.
-- Rows that violate this rule are returned (non-empty = test failure).
SELECT order_id, shipped_date, delivered_date
FROM "dev"."main"."fact_orders"
WHERE delivered_date IS NOT NULL
  AND shipped_date IS NOT NULL
  AND delivered_date < shipped_date
  
  
      
    ) dbt_internal_test
[0m13:46:21.284509 [debug] [Thread-2 (]: Using duckdb connection "test.data_pipeline_example.not_null_dim_customers_created_date.271744b628"
[0m13:46:21.284632 [debug] [Thread-3 (]: On test.data_pipeline_example.fact_orders_no_negative_amount: /* {"app": "dbt", "dbt_version": "1.8.9", "profile_name": "data_pipeline_example", "target_name": "dev", "node_id": "test.data_pipeline_example.fact_orders_no_negative_amount"} */

    select
      count(*) as failures,
      count(*) != 0 as should_warn,
      count(*) != 0 as should_error
    from (
      
    
  -- Business logic assertion (Critical tier requirement):
-- No order amount should be negative.
SELECT order_id, amount
FROM "dev"."main"."fact_orders"
WHERE amount < 0
  
  
      
    ) dbt_internal_test
[0m13:46:21.284760 [debug] [Thread-1 (]: On test.data_pipeline_example.fact_orders_not_empty: /* {"app": "dbt", "dbt_version": "1.8.9", "profile_name": "data_pipeline_example", "target_name": "dev", "node_id": "test.data_pipeline_example.fact_orders_not_empty"} */

    select
      count(*) as failures,
      count(*) != 0 as should_warn,
      count(*) != 0 as should_error
    from (
      
    
  -- Row count anomaly assertion (Critical tier requirement):
-- fact_orders must never be empty. An empty table means the pipeline failed silently.
-- Returns 1 row (test failure) when the table has zero rows.
SELECT 1 AS failure
FROM "dev"."main"."fact_orders"
HAVING COUNT(*) = 0
  
  
      
    ) dbt_internal_test
[0m13:46:21.284933 [debug] [Thread-2 (]: On test.data_pipeline_example.not_null_dim_customers_created_date.271744b628: /* {"app": "dbt", "dbt_version": "1.8.9", "profile_name": "data_pipeline_example", "target_name": "dev", "node_id": "test.data_pipeline_example.not_null_dim_customers_created_date.271744b628"} */

    select
      count(*) as failures,
      count(*) != 0 as should_warn,
      count(*) != 0 as should_error
    from (
      
    
  
    
    



select created_date
from "dev"."main"."dim_customers"
where created_date is null



  
  
      
    ) dbt_internal_test
[0m13:46:21.285204 [debug] [Thread-4 (]: SQL status: OK in 0.000 seconds
[0m13:46:21.285345 [debug] [Thread-3 (]: SQL status: OK in 0.000 seconds
[0m13:46:21.285482 [debug] [Thread-2 (]: SQL status: OK in 0.000 seconds
[0m13:46:21.285590 [debug] [Thread-1 (]: SQL status: OK in 0.000 seconds
[0m13:46:21.286116 [debug] [Thread-4 (]: On test.data_pipeline_example.fact_orders_delivery_after_shipment: ROLLBACK
[0m13:46:21.286530 [debug] [Thread-3 (]: On test.data_pipeline_example.fact_orders_no_negative_amount: ROLLBACK
[0m13:46:21.286935 [debug] [Thread-2 (]: On test.data_pipeline_example.not_null_dim_customers_created_date.271744b628: ROLLBACK
[0m13:46:21.287335 [debug] [Thread-1 (]: On test.data_pipeline_example.fact_orders_not_empty: ROLLBACK
[0m13:46:21.287678 [debug] [Thread-3 (]: Failed to rollback 'test.data_pipeline_example.fact_orders_no_negative_amount'
[0m13:46:21.287936 [debug] [Thread-4 (]: Failed to rollback 'test.data_pipeline_example.fact_orders_delivery_after_shipment'
[0m13:46:21.288232 [debug] [Thread-2 (]: Failed to rollback 'test.data_pipeline_example.not_null_dim_customers_created_date.271744b628'
[0m13:46:21.288513 [debug] [Thread-1 (]: Failed to rollback 'test.data_pipeline_example.fact_orders_not_empty'
[0m13:46:21.288632 [debug] [Thread-3 (]: On test.data_pipeline_example.fact_orders_no_negative_amount: Close
[0m13:46:21.288750 [debug] [Thread-4 (]: On test.data_pipeline_example.fact_orders_delivery_after_shipment: Close
[0m13:46:21.288868 [debug] [Thread-2 (]: On test.data_pipeline_example.not_null_dim_customers_created_date.271744b628: Close
[0m13:46:21.288974 [debug] [Thread-1 (]: On test.data_pipeline_example.fact_orders_not_empty: Close
[0m13:46:21.289199 [info ] [Thread-3 (]: 10 of 46 PASS fact_orders_no_negative_amount ................................... [[32mPASS[0m in 0.02s]
[0m13:46:21.289356 [info ] [Thread-4 (]: 9 of 46 PASS fact_orders_delivery_after_shipment ............................... [[32mPASS[0m in 0.02s]
[0m13:46:21.289759 [debug] [Thread-3 (]: Finished running node test.data_pipeline_example.fact_orders_no_negative_amount
[0m13:46:21.289530 [info ] [Thread-2 (]: 12 of 46 PASS not_null_dim_customers_created_date .............................. [[32mPASS[0m in 0.02s]
[0m13:46:21.289968 [debug] [Thread-4 (]: Finished running node test.data_pipeline_example.fact_orders_delivery_after_shipment
[0m13:46:21.290146 [debug] [Thread-3 (]: Began running node test.data_pipeline_example.not_null_dim_customers_customer_id.dd91cd1c8d
[0m13:46:21.290315 [info ] [Thread-1 (]: 11 of 46 PASS fact_orders_not_empty ............................................ [[32mPASS[0m in 0.02s]
[0m13:46:21.290533 [debug] [Thread-2 (]: Finished running node test.data_pipeline_example.not_null_dim_customers_created_date.271744b628
[0m13:46:21.290677 [debug] [Thread-4 (]: Began running node test.data_pipeline_example.not_null_dim_customers_customer_name.c8ab2d704d
[0m13:46:21.290820 [info ] [Thread-3 (]: 13 of 46 START test not_null_dim_customers_customer_id ......................... [RUN]
[0m13:46:21.291000 [debug] [Thread-1 (]: Finished running node test.data_pipeline_example.fact_orders_not_empty
[0m13:46:21.291141 [debug] [Thread-2 (]: Began running node test.data_pipeline_example.not_null_dim_customers_segment.6643314026
[0m13:46:21.291270 [info ] [Thread-4 (]: 14 of 46 START test not_null_dim_customers_customer_name ....................... [RUN]
[0m13:46:21.291418 [debug] [Thread-3 (]: Re-using an available connection from the pool (formerly test.data_pipeline_example.fact_orders_no_negative_amount, now test.data_pipeline_example.not_null_dim_customers_customer_id.dd91cd1c8d)
[0m13:46:21.291555 [debug] [Thread-1 (]: Began running node test.data_pipeline_example.not_null_fact_orders_amount.059526f383
[0m13:46:21.291688 [info ] [Thread-2 (]: 15 of 46 START test not_null_dim_customers_segment ............................. [RUN]
[0m13:46:21.291839 [debug] [Thread-4 (]: Re-using an available connection from the pool (formerly test.data_pipeline_example.fact_orders_delivery_after_shipment, now test.data_pipeline_example.not_null_dim_customers_customer_name.c8ab2d704d)
[0m13:46:21.291961 [debug] [Thread-3 (]: Began compiling node test.data_pipeline_example.not_null_dim_customers_customer_id.dd91cd1c8d
[0m13:46:21.292070 [info ] [Thread-1 (]: 16 of 46 START test not_null_fact_orders_amount ................................ [RUN]
[0m13:46:21.292200 [debug] [Thread-2 (]: Re-using an available connection from the pool (formerly test.data_pipeline_example.not_null_dim_customers_created_date.271744b628, now test.data_pipeline_example.not_null_dim_customers_segment.6643314026)
[0m13:46:21.292321 [debug] [Thread-4 (]: Began compiling node test.data_pipeline_example.not_null_dim_customers_customer_name.c8ab2d704d
[0m13:46:21.293747 [debug] [Thread-3 (]: Writing injected SQL for node "test.data_pipeline_example.not_null_dim_customers_customer_id.dd91cd1c8d"
[0m13:46:21.293871 [debug] [Thread-1 (]: Re-using an available connection from the pool (formerly test.data_pipeline_example.fact_orders_not_empty, now test.data_pipeline_example.not_null_fact_orders_amount.059526f383)
[0m13:46:21.293980 [debug] [Thread-2 (]: Began compiling node test.data_pipeline_example.not_null_dim_customers_segment.6643314026
[0m13:46:21.295860 [debug] [Thread-4 (]: Writing injected SQL for node "test.data_pipeline_example.not_null_dim_customers_customer_name.c8ab2d704d"
[0m13:46:21.296015 [debug] [Thread-1 (]: Began compiling node test.data_pipeline_example.not_null_fact_orders_amount.059526f383
[0m13:46:21.316251 [debug] [Thread-2 (]: Writing injected SQL for node "test.data_pipeline_example.not_null_dim_customers_segment.6643314026"
[0m13:46:21.317561 [debug] [Thread-1 (]: Writing injected SQL for node "test.data_pipeline_example.not_null_fact_orders_amount.059526f383"
[0m13:46:21.317719 [debug] [Thread-3 (]: Began executing node test.data_pipeline_example.not_null_dim_customers_customer_id.dd91cd1c8d
[0m13:46:21.318569 [debug] [Thread-3 (]: Writing runtime sql for node "test.data_pipeline_example.not_null_dim_customers_customer_id.dd91cd1c8d"
[0m13:46:21.318810 [debug] [Thread-2 (]: Began executing node test.data_pipeline_example.not_null_dim_customers_segment.6643314026
[0m13:46:21.318923 [debug] [Thread-1 (]: Began executing node test.data_pipeline_example.not_null_fact_orders_amount.059526f383
[0m13:46:21.319044 [debug] [Thread-4 (]: Began executing node test.data_pipeline_example.not_null_dim_customers_customer_name.c8ab2d704d
[0m13:46:21.319838 [debug] [Thread-2 (]: Writing runtime sql for node "test.data_pipeline_example.not_null_dim_customers_segment.6643314026"
[0m13:46:21.320583 [debug] [Thread-1 (]: Writing runtime sql for node "test.data_pipeline_example.not_null_fact_orders_amount.059526f383"
[0m13:46:21.320727 [debug] [Thread-3 (]: Using duckdb connection "test.data_pipeline_example.not_null_dim_customers_customer_id.dd91cd1c8d"
[0m13:46:21.321432 [debug] [Thread-4 (]: Writing runtime sql for node "test.data_pipeline_example.not_null_dim_customers_customer_name.c8ab2d704d"
[0m13:46:21.321610 [debug] [Thread-3 (]: On test.data_pipeline_example.not_null_dim_customers_customer_id.dd91cd1c8d: BEGIN
[0m13:46:21.321763 [debug] [Thread-3 (]: Opening a new connection, currently in state closed
[0m13:46:21.322000 [debug] [Thread-2 (]: Using duckdb connection "test.data_pipeline_example.not_null_dim_customers_segment.6643314026"
[0m13:46:21.322129 [debug] [Thread-1 (]: Using duckdb connection "test.data_pipeline_example.not_null_fact_orders_amount.059526f383"
[0m13:46:21.322249 [debug] [Thread-2 (]: On test.data_pipeline_example.not_null_dim_customers_segment.6643314026: BEGIN
[0m13:46:21.322362 [debug] [Thread-1 (]: On test.data_pipeline_example.not_null_fact_orders_amount.059526f383: BEGIN
[0m13:46:21.322482 [debug] [Thread-4 (]: Using duckdb connection "test.data_pipeline_example.not_null_dim_customers_customer_name.c8ab2d704d"
[0m13:46:21.322583 [debug] [Thread-2 (]: Opening a new connection, currently in state closed
[0m13:46:21.322690 [debug] [Thread-1 (]: Opening a new connection, currently in state closed
[0m13:46:21.322797 [debug] [Thread-4 (]: On test.data_pipeline_example.not_null_dim_customers_customer_name.c8ab2d704d: BEGIN
[0m13:46:21.322921 [debug] [Thread-4 (]: Opening a new connection, currently in state closed
[0m13:46:21.326068 [debug] [Thread-3 (]: SQL status: OK in 0.004 seconds
[0m13:46:21.326203 [debug] [Thread-2 (]: SQL status: OK in 0.004 seconds
[0m13:46:21.326327 [debug] [Thread-3 (]: Using duckdb connection "test.data_pipeline_example.not_null_dim_customers_customer_id.dd91cd1c8d"
[0m13:46:21.326454 [debug] [Thread-4 (]: SQL status: OK in 0.004 seconds
[0m13:46:21.326587 [debug] [Thread-1 (]: SQL status: OK in 0.004 seconds
[0m13:46:21.326697 [debug] [Thread-2 (]: Using duckdb connection "test.data_pipeline_example.not_null_dim_customers_segment.6643314026"
[0m13:46:21.326819 [debug] [Thread-3 (]: On test.data_pipeline_example.not_null_dim_customers_customer_id.dd91cd1c8d: /* {"app": "dbt", "dbt_version": "1.8.9", "profile_name": "data_pipeline_example", "target_name": "dev", "node_id": "test.data_pipeline_example.not_null_dim_customers_customer_id.dd91cd1c8d"} */

    select
      count(*) as failures,
      count(*) != 0 as should_warn,
      count(*) != 0 as should_error
    from (
      
    
  
    
    



select customer_id
from "dev"."main"."dim_customers"
where customer_id is null



  
  
      
    ) dbt_internal_test
[0m13:46:21.326942 [debug] [Thread-4 (]: Using duckdb connection "test.data_pipeline_example.not_null_dim_customers_customer_name.c8ab2d704d"
[0m13:46:21.327055 [debug] [Thread-1 (]: Using duckdb connection "test.data_pipeline_example.not_null_fact_orders_amount.059526f383"
[0m13:46:21.327172 [debug] [Thread-2 (]: On test.data_pipeline_example.not_null_dim_customers_segment.6643314026: /* {"app": "dbt", "dbt_version": "1.8.9", "profile_name": "data_pipeline_example", "target_name": "dev", "node_id": "test.data_pipeline_example.not_null_dim_customers_segment.6643314026"} */

    select
      count(*) as failures,
      count(*) != 0 as should_warn,
      count(*) != 0 as should_error
    from (
      
    
  
    
    



select segment
from "dev"."main"."dim_customers"
where segment is null



  
  
      
    ) dbt_internal_test
[0m13:46:21.327349 [debug] [Thread-4 (]: On test.data_pipeline_example.not_null_dim_customers_customer_name.c8ab2d704d: /* {"app": "dbt", "dbt_version": "1.8.9", "profile_name": "data_pipeline_example", "target_name": "dev", "node_id": "test.data_pipeline_example.not_null_dim_customers_customer_name.c8ab2d704d"} */

    select
      count(*) as failures,
      count(*) != 0 as should_warn,
      count(*) != 0 as should_error
    from (
      
    
  
    
    



select customer_name
from "dev"."main"."dim_customers"
where customer_name is null



  
  
      
    ) dbt_internal_test
[0m13:46:21.327480 [debug] [Thread-1 (]: On test.data_pipeline_example.not_null_fact_orders_amount.059526f383: /* {"app": "dbt", "dbt_version": "1.8.9", "profile_name": "data_pipeline_example", "target_name": "dev", "node_id": "test.data_pipeline_example.not_null_fact_orders_amount.059526f383"} */

    select
      count(*) as failures,
      count(*) != 0 as should_warn,
      count(*) != 0 as should_error
    from (
      
    
  
    
    



select amount
from "dev"."main"."fact_orders"
where amount is null



  
  
      
    ) dbt_internal_test
[0m13:46:21.327606 [debug] [Thread-3 (]: SQL status: OK in 0.000 seconds
[0m13:46:21.328271 [debug] [Thread-3 (]: On test.data_pipeline_example.not_null_dim_customers_customer_id.dd91cd1c8d: ROLLBACK
[0m13:46:21.328419 [debug] [Thread-2 (]: SQL status: OK in 0.001 seconds
[0m13:46:21.328537 [debug] [Thread-1 (]: SQL status: OK in 0.001 seconds
[0m13:46:21.328845 [debug] [Thread-3 (]: Failed to rollback 'test.data_pipeline_example.not_null_dim_customers_customer_id.dd91cd1c8d'
[0m13:46:21.328958 [debug] [Thread-4 (]: SQL status: OK in 0.001 seconds
[0m13:46:21.329430 [debug] [Thread-2 (]: On test.data_pipeline_example.not_null_dim_customers_segment.6643314026: ROLLBACK
[0m13:46:21.329857 [debug] [Thread-1 (]: On test.data_pipeline_example.not_null_fact_orders_amount.059526f383: ROLLBACK
[0m13:46:21.330000 [debug] [Thread-3 (]: On test.data_pipeline_example.not_null_dim_customers_customer_id.dd91cd1c8d: Close
[0m13:46:21.330471 [debug] [Thread-4 (]: On test.data_pipeline_example.not_null_dim_customers_customer_name.c8ab2d704d: ROLLBACK
[0m13:46:21.330791 [debug] [Thread-2 (]: Failed to rollback 'test.data_pipeline_example.not_null_dim_customers_segment.6643314026'
[0m13:46:21.331048 [debug] [Thread-1 (]: Failed to rollback 'test.data_pipeline_example.not_null_fact_orders_amount.059526f383'
[0m13:46:21.331224 [info ] [Thread-3 (]: 13 of 46 PASS not_null_dim_customers_customer_id ............................... [[32mPASS[0m in 0.04s]
[0m13:46:21.331546 [debug] [Thread-4 (]: Failed to rollback 'test.data_pipeline_example.not_null_dim_customers_customer_name.c8ab2d704d'
[0m13:46:21.331657 [debug] [Thread-2 (]: On test.data_pipeline_example.not_null_dim_customers_segment.6643314026: Close
[0m13:46:21.331778 [debug] [Thread-1 (]: On test.data_pipeline_example.not_null_fact_orders_amount.059526f383: Close
[0m13:46:21.331953 [debug] [Thread-3 (]: Finished running node test.data_pipeline_example.not_null_dim_customers_customer_id.dd91cd1c8d
[0m13:46:21.332066 [debug] [Thread-4 (]: On test.data_pipeline_example.not_null_dim_customers_customer_name.c8ab2d704d: Close
[0m13:46:21.332253 [info ] [Thread-2 (]: 15 of 46 PASS not_null_dim_customers_segment ................................... [[32mPASS[0m in 0.04s]
[0m13:46:21.332550 [debug] [Thread-3 (]: Began running node test.data_pipeline_example.not_null_fact_orders_customer_id.9c2270d0dc
[0m13:46:21.332430 [info ] [Thread-1 (]: 16 of 46 PASS not_null_fact_orders_amount ...................................... [[32mPASS[0m in 0.04s]
[0m13:46:21.332782 [debug] [Thread-2 (]: Finished running node test.data_pipeline_example.not_null_dim_customers_segment.6643314026
[0m13:46:21.333076 [debug] [Thread-1 (]: Finished running node test.data_pipeline_example.not_null_fact_orders_amount.059526f383
[0m13:46:21.332903 [info ] [Thread-3 (]: 17 of 46 START test not_null_fact_orders_customer_id ........................... [RUN]
[0m13:46:21.333386 [debug] [Thread-2 (]: Began running node test.data_pipeline_example.not_null_fact_orders_customer_running_total.67c8c243d9
[0m13:46:21.333271 [info ] [Thread-4 (]: 14 of 46 PASS not_null_dim_customers_customer_name ............................. [[32mPASS[0m in 0.04s]
[0m13:46:21.333561 [debug] [Thread-1 (]: Began running node test.data_pipeline_example.not_null_fact_orders_order_id.6ba6d3f0a0
[0m13:46:21.333698 [debug] [Thread-3 (]: Re-using an available connection from the pool (formerly test.data_pipeline_example.not_null_dim_customers_customer_id.dd91cd1c8d, now test.data_pipeline_example.not_null_fact_orders_customer_id.9c2270d0dc)
[0m13:46:21.333824 [info ] [Thread-2 (]: 18 of 46 START test not_null_fact_orders_customer_running_total ................ [RUN]
[0m13:46:21.333997 [debug] [Thread-4 (]: Finished running node test.data_pipeline_example.not_null_dim_customers_customer_name.c8ab2d704d
[0m13:46:21.334112 [info ] [Thread-1 (]: 19 of 46 START test not_null_fact_orders_order_id .............................. [RUN]
[0m13:46:21.334235 [debug] [Thread-3 (]: Began compiling node test.data_pipeline_example.not_null_fact_orders_customer_id.9c2270d0dc
[0m13:46:21.334364 [debug] [Thread-2 (]: Re-using an available connection from the pool (formerly test.data_pipeline_example.not_null_dim_customers_segment.6643314026, now test.data_pipeline_example.not_null_fact_orders_customer_running_total.67c8c243d9)
[0m13:46:21.334496 [debug] [Thread-4 (]: Began running node test.data_pipeline_example.not_null_fact_orders_ordered_date.17dfca2004
[0m13:46:21.334620 [debug] [Thread-1 (]: Re-using an available connection from the pool (formerly test.data_pipeline_example.not_null_fact_orders_amount.059526f383, now test.data_pipeline_example.not_null_fact_orders_order_id.6ba6d3f0a0)
[0m13:46:21.336060 [debug] [Thread-3 (]: Writing injected SQL for node "test.data_pipeline_example.not_null_fact_orders_customer_id.9c2270d0dc"
[0m13:46:21.336171 [debug] [Thread-2 (]: Began compiling node test.data_pipeline_example.not_null_fact_orders_customer_running_total.67c8c243d9
[0m13:46:21.336276 [info ] [Thread-4 (]: 20 of 46 START test not_null_fact_orders_ordered_date .......................... [RUN]
[0m13:46:21.336401 [debug] [Thread-1 (]: Began compiling node test.data_pipeline_example.not_null_fact_orders_order_id.6ba6d3f0a0
[0m13:46:21.337708 [debug] [Thread-2 (]: Writing injected SQL for node "test.data_pipeline_example.not_null_fact_orders_customer_running_total.67c8c243d9"
[0m13:46:21.337848 [debug] [Thread-4 (]: Re-using an available connection from the pool (formerly test.data_pipeline_example.not_null_dim_customers_customer_name.c8ab2d704d, now test.data_pipeline_example.not_null_fact_orders_ordered_date.17dfca2004)
[0m13:46:21.339078 [debug] [Thread-1 (]: Writing injected SQL for node "test.data_pipeline_example.not_null_fact_orders_order_id.6ba6d3f0a0"
[0m13:46:21.339259 [debug] [Thread-4 (]: Began compiling node test.data_pipeline_example.not_null_fact_orders_ordered_date.17dfca2004
[0m13:46:21.339401 [debug] [Thread-3 (]: Began executing node test.data_pipeline_example.not_null_fact_orders_customer_id.9c2270d0dc
[0m13:46:21.341276 [debug] [Thread-4 (]: Writing injected SQL for node "test.data_pipeline_example.not_null_fact_orders_ordered_date.17dfca2004"
[0m13:46:21.341418 [debug] [Thread-2 (]: Began executing node test.data_pipeline_example.not_null_fact_orders_customer_running_total.67c8c243d9
[0m13:46:21.342173 [debug] [Thread-3 (]: Writing runtime sql for node "test.data_pipeline_example.not_null_fact_orders_customer_id.9c2270d0dc"
[0m13:46:21.342281 [debug] [Thread-1 (]: Began executing node test.data_pipeline_example.not_null_fact_orders_order_id.6ba6d3f0a0
[0m13:46:21.343023 [debug] [Thread-2 (]: Writing runtime sql for node "test.data_pipeline_example.not_null_fact_orders_customer_running_total.67c8c243d9"
[0m13:46:21.343800 [debug] [Thread-1 (]: Writing runtime sql for node "test.data_pipeline_example.not_null_fact_orders_order_id.6ba6d3f0a0"
[0m13:46:21.343934 [debug] [Thread-4 (]: Began executing node test.data_pipeline_example.not_null_fact_orders_ordered_date.17dfca2004
[0m13:46:21.344111 [debug] [Thread-3 (]: Using duckdb connection "test.data_pipeline_example.not_null_fact_orders_customer_id.9c2270d0dc"
[0m13:46:21.344804 [debug] [Thread-4 (]: Writing runtime sql for node "test.data_pipeline_example.not_null_fact_orders_ordered_date.17dfca2004"
[0m13:46:21.344937 [debug] [Thread-3 (]: On test.data_pipeline_example.not_null_fact_orders_customer_id.9c2270d0dc: BEGIN
[0m13:46:21.345088 [debug] [Thread-3 (]: Opening a new connection, currently in state closed
[0m13:46:21.345220 [debug] [Thread-1 (]: Using duckdb connection "test.data_pipeline_example.not_null_fact_orders_order_id.6ba6d3f0a0"
[0m13:46:21.345413 [debug] [Thread-2 (]: Using duckdb connection "test.data_pipeline_example.not_null_fact_orders_customer_running_total.67c8c243d9"
[0m13:46:21.345530 [debug] [Thread-1 (]: On test.data_pipeline_example.not_null_fact_orders_order_id.6ba6d3f0a0: BEGIN
[0m13:46:21.345653 [debug] [Thread-4 (]: Using duckdb connection "test.data_pipeline_example.not_null_fact_orders_ordered_date.17dfca2004"
[0m13:46:21.345758 [debug] [Thread-2 (]: On test.data_pipeline_example.not_null_fact_orders_customer_running_total.67c8c243d9: BEGIN
[0m13:46:21.345867 [debug] [Thread-1 (]: Opening a new connection, currently in state closed
[0m13:46:21.345985 [debug] [Thread-4 (]: On test.data_pipeline_example.not_null_fact_orders_ordered_date.17dfca2004: BEGIN
[0m13:46:21.346092 [debug] [Thread-2 (]: Opening a new connection, currently in state closed
[0m13:46:21.346207 [debug] [Thread-4 (]: Opening a new connection, currently in state closed
[0m13:46:21.349186 [debug] [Thread-1 (]: SQL status: OK in 0.003 seconds
[0m13:46:21.349301 [debug] [Thread-3 (]: SQL status: OK in 0.004 seconds
[0m13:46:21.349440 [debug] [Thread-1 (]: Using duckdb connection "test.data_pipeline_example.not_null_fact_orders_order_id.6ba6d3f0a0"
[0m13:46:21.349566 [debug] [Thread-4 (]: SQL status: OK in 0.003 seconds
[0m13:46:21.349674 [debug] [Thread-2 (]: SQL status: OK in 0.004 seconds
[0m13:46:21.349794 [debug] [Thread-3 (]: Using duckdb connection "test.data_pipeline_example.not_null_fact_orders_customer_id.9c2270d0dc"
[0m13:46:21.349924 [debug] [Thread-1 (]: On test.data_pipeline_example.not_null_fact_orders_order_id.6ba6d3f0a0: /* {"app": "dbt", "dbt_version": "1.8.9", "profile_name": "data_pipeline_example", "target_name": "dev", "node_id": "test.data_pipeline_example.not_null_fact_orders_order_id.6ba6d3f0a0"} */

    select
      count(*) as failures,
      count(*) != 0 as should_warn,
      count(*) != 0 as should_error
    from (
      
    
  
    
    



select order_id
from "dev"."main"."fact_orders"
where order_id is null



  
  
      
    ) dbt_internal_test
[0m13:46:21.350050 [debug] [Thread-4 (]: Using duckdb connection "test.data_pipeline_example.not_null_fact_orders_ordered_date.17dfca2004"
[0m13:46:21.350155 [debug] [Thread-2 (]: Using duckdb connection "test.data_pipeline_example.not_null_fact_orders_customer_running_total.67c8c243d9"
[0m13:46:21.350280 [debug] [Thread-3 (]: On test.data_pipeline_example.not_null_fact_orders_customer_id.9c2270d0dc: /* {"app": "dbt", "dbt_version": "1.8.9", "profile_name": "data_pipeline_example", "target_name": "dev", "node_id": "test.data_pipeline_example.not_null_fact_orders_customer_id.9c2270d0dc"} */

    select
      count(*) as failures,
      count(*) != 0 as should_warn,
      count(*) != 0 as should_error
    from (
      
    
  
    
    



select customer_id
from "dev"."main"."fact_orders"
where customer_id is null



  
  
      
    ) dbt_internal_test
[0m13:46:21.350437 [debug] [Thread-4 (]: On test.data_pipeline_example.not_null_fact_orders_ordered_date.17dfca2004: /* {"app": "dbt", "dbt_version": "1.8.9", "profile_name": "data_pipeline_example", "target_name": "dev", "node_id": "test.data_pipeline_example.not_null_fact_orders_ordered_date.17dfca2004"} */

    select
      count(*) as failures,
      count(*) != 0 as should_warn,
      count(*) != 0 as should_error
    from (
      
    
  
    
    



select ordered_date
from "dev"."main"."fact_orders"
where ordered_date is null



  
  
      
    ) dbt_internal_test
[0m13:46:21.350565 [debug] [Thread-2 (]: On test.data_pipeline_example.not_null_fact_orders_customer_running_total.67c8c243d9: /* {"app": "dbt", "dbt_version": "1.8.9", "profile_name": "data_pipeline_example", "target_name": "dev", "node_id": "test.data_pipeline_example.not_null_fact_orders_customer_running_total.67c8c243d9"} */

    select
      count(*) as failures,
      count(*) != 0 as should_warn,
      count(*) != 0 as should_error
    from (
      
    
  
    
    



select customer_running_total
from "dev"."main"."fact_orders"
where customer_running_total is null



  
  
      
    ) dbt_internal_test
[0m13:46:21.350683 [debug] [Thread-1 (]: SQL status: OK in 0.000 seconds
[0m13:46:21.351256 [debug] [Thread-1 (]: On test.data_pipeline_example.not_null_fact_orders_order_id.6ba6d3f0a0: ROLLBACK
[0m13:46:21.351398 [debug] [Thread-3 (]: SQL status: OK in 0.001 seconds
[0m13:46:21.351519 [debug] [Thread-2 (]: SQL status: OK in 0.001 seconds
[0m13:46:21.351823 [debug] [Thread-1 (]: Failed to rollback 'test.data_pipeline_example.not_null_fact_orders_order_id.6ba6d3f0a0'
[0m13:46:21.351928 [debug] [Thread-4 (]: SQL status: OK in 0.001 seconds
[0m13:46:21.352397 [debug] [Thread-3 (]: On test.data_pipeline_example.not_null_fact_orders_customer_id.9c2270d0dc: ROLLBACK
[0m13:46:21.352825 [debug] [Thread-2 (]: On test.data_pipeline_example.not_null_fact_orders_customer_running_total.67c8c243d9: ROLLBACK
[0m13:46:21.352938 [debug] [Thread-1 (]: On test.data_pipeline_example.not_null_fact_orders_order_id.6ba6d3f0a0: Close
[0m13:46:21.353381 [debug] [Thread-4 (]: On test.data_pipeline_example.not_null_fact_orders_ordered_date.17dfca2004: ROLLBACK
[0m13:46:21.353678 [debug] [Thread-3 (]: Failed to rollback 'test.data_pipeline_example.not_null_fact_orders_customer_id.9c2270d0dc'
[0m13:46:21.353972 [debug] [Thread-2 (]: Failed to rollback 'test.data_pipeline_example.not_null_fact_orders_customer_running_total.67c8c243d9'
[0m13:46:21.354450 [debug] [Thread-4 (]: Failed to rollback 'test.data_pipeline_example.not_null_fact_orders_ordered_date.17dfca2004'
[0m13:46:21.354157 [info ] [Thread-1 (]: 19 of 46 PASS not_null_fact_orders_order_id .................................... [[32mPASS[0m in 0.02s]
[0m13:46:21.354591 [debug] [Thread-3 (]: On test.data_pipeline_example.not_null_fact_orders_customer_id.9c2270d0dc: Close
[0m13:46:21.354707 [debug] [Thread-2 (]: On test.data_pipeline_example.not_null_fact_orders_customer_running_total.67c8c243d9: Close
[0m13:46:21.354826 [debug] [Thread-4 (]: On test.data_pipeline_example.not_null_fact_orders_ordered_date.17dfca2004: Close
[0m13:46:21.354998 [debug] [Thread-1 (]: Finished running node test.data_pipeline_example.not_null_fact_orders_order_id.6ba6d3f0a0
[0m13:46:21.355181 [info ] [Thread-3 (]: 17 of 46 PASS not_null_fact_orders_customer_id ................................. [[32mPASS[0m in 0.02s]
[0m13:46:21.355366 [info ] [Thread-2 (]: 18 of 46 PASS not_null_fact_orders_customer_running_total ...................... [[32mPASS[0m in 0.02s]
[0m13:46:21.355531 [debug] [Thread-1 (]: Began running node test.data_pipeline_example.not_null_fact_orders_product_category.5f2cbf4dfa
[0m13:46:21.355713 [debug] [Thread-3 (]: Finished running node test.data_pipeline_example.not_null_fact_orders_customer_id.9c2270d0dc
[0m13:46:21.355884 [debug] [Thread-2 (]: Finished running node test.data_pipeline_example.not_null_fact_orders_customer_running_total.67c8c243d9
[0m13:46:21.356047 [info ] [Thread-4 (]: 20 of 46 PASS not_null_fact_orders_ordered_date ................................ [[32mPASS[0m in 0.02s]
[0m13:46:21.356301 [debug] [Thread-3 (]: Began running node test.data_pipeline_example.not_null_fact_orders_product_id.346126b727
[0m13:46:21.356150 [info ] [Thread-1 (]: 21 of 46 START test not_null_fact_orders_product_category ...................... [RUN]
[0m13:46:21.356473 [debug] [Thread-2 (]: Began running node test.data_pipeline_example.not_null_fact_orders_product_name.6a2c0c0c51
[0m13:46:21.356650 [debug] [Thread-4 (]: Finished running node test.data_pipeline_example.not_null_fact_orders_ordered_date.17dfca2004
[0m13:46:21.356769 [info ] [Thread-3 (]: 22 of 46 START test not_null_fact_orders_product_id ............................ [RUN]
[0m13:46:21.356907 [debug] [Thread-1 (]: Re-using an available connection from the pool (formerly test.data_pipeline_example.not_null_fact_orders_order_id.6ba6d3f0a0, now test.data_pipeline_example.not_null_fact_orders_product_category.5f2cbf4dfa)
[0m13:46:21.357023 [info ] [Thread-2 (]: 23 of 46 START test not_null_fact_orders_product_name .......................... [RUN]
[0m13:46:21.357166 [debug] [Thread-4 (]: Began running node test.data_pipeline_example.not_null_fact_orders_status.8a0b8e3294
[0m13:46:21.357302 [debug] [Thread-3 (]: Re-using an available connection from the pool (formerly test.data_pipeline_example.not_null_fact_orders_customer_id.9c2270d0dc, now test.data_pipeline_example.not_null_fact_orders_product_id.346126b727)
[0m13:46:21.357423 [debug] [Thread-1 (]: Began compiling node test.data_pipeline_example.not_null_fact_orders_product_category.5f2cbf4dfa
[0m13:46:21.357545 [debug] [Thread-2 (]: Re-using an available connection from the pool (formerly test.data_pipeline_example.not_null_fact_orders_customer_running_total.67c8c243d9, now test.data_pipeline_example.not_null_fact_orders_product_name.6a2c0c0c51)
[0m13:46:21.357666 [info ] [Thread-4 (]: 24 of 46 START test not_null_fact_orders_status ................................ [RUN]
[0m13:46:21.357789 [debug] [Thread-3 (]: Began compiling node test.data_pipeline_example.not_null_fact_orders_product_id.346126b727
[0m13:46:21.359132 [debug] [Thread-1 (]: Writing injected SQL for node "test.data_pipeline_example.not_null_fact_orders_product_category.5f2cbf4dfa"
[0m13:46:21.359255 [debug] [Thread-2 (]: Began compiling node test.data_pipeline_example.not_null_fact_orders_product_name.6a2c0c0c51
[0m13:46:21.359387 [debug] [Thread-4 (]: Re-using an available connection from the pool (formerly test.data_pipeline_example.not_null_fact_orders_ordered_date.17dfca2004, now test.data_pipeline_example.not_null_fact_orders_status.8a0b8e3294)
[0m13:46:21.360624 [debug] [Thread-3 (]: Writing injected SQL for node "test.data_pipeline_example.not_null_fact_orders_product_id.346126b727"
[0m13:46:21.361788 [debug] [Thread-2 (]: Writing injected SQL for node "test.data_pipeline_example.not_null_fact_orders_product_name.6a2c0c0c51"
[0m13:46:21.361924 [debug] [Thread-4 (]: Began compiling node test.data_pipeline_example.not_null_fact_orders_status.8a0b8e3294
[0m13:46:21.363258 [debug] [Thread-4 (]: Writing injected SQL for node "test.data_pipeline_example.not_null_fact_orders_status.8a0b8e3294"
[0m13:46:21.363487 [debug] [Thread-2 (]: Began executing node test.data_pipeline_example.not_null_fact_orders_product_name.6a2c0c0c51
[0m13:46:21.363608 [debug] [Thread-1 (]: Began executing node test.data_pipeline_example.not_null_fact_orders_product_category.5f2cbf4dfa
[0m13:46:21.364360 [debug] [Thread-2 (]: Writing runtime sql for node "test.data_pipeline_example.not_null_fact_orders_product_name.6a2c0c0c51"
[0m13:46:21.364479 [debug] [Thread-3 (]: Began executing node test.data_pipeline_example.not_null_fact_orders_product_id.346126b727
[0m13:46:21.365223 [debug] [Thread-1 (]: Writing runtime sql for node "test.data_pipeline_example.not_null_fact_orders_product_category.5f2cbf4dfa"
[0m13:46:21.365342 [debug] [Thread-4 (]: Began executing node test.data_pipeline_example.not_null_fact_orders_status.8a0b8e3294
[0m13:46:21.366761 [debug] [Thread-3 (]: Writing runtime sql for node "test.data_pipeline_example.not_null_fact_orders_product_id.346126b727"
[0m13:46:21.367555 [debug] [Thread-4 (]: Writing runtime sql for node "test.data_pipeline_example.not_null_fact_orders_status.8a0b8e3294"
[0m13:46:21.367699 [debug] [Thread-2 (]: Using duckdb connection "test.data_pipeline_example.not_null_fact_orders_product_name.6a2c0c0c51"
[0m13:46:21.367893 [debug] [Thread-1 (]: Using duckdb connection "test.data_pipeline_example.not_null_fact_orders_product_category.5f2cbf4dfa"
[0m13:46:21.368013 [debug] [Thread-2 (]: On test.data_pipeline_example.not_null_fact_orders_product_name.6a2c0c0c51: BEGIN
[0m13:46:21.368135 [debug] [Thread-1 (]: On test.data_pipeline_example.not_null_fact_orders_product_category.5f2cbf4dfa: BEGIN
[0m13:46:21.368260 [debug] [Thread-2 (]: Opening a new connection, currently in state closed
[0m13:46:21.368381 [debug] [Thread-3 (]: Using duckdb connection "test.data_pipeline_example.not_null_fact_orders_product_id.346126b727"
[0m13:46:21.368491 [debug] [Thread-1 (]: Opening a new connection, currently in state closed
[0m13:46:21.368624 [debug] [Thread-4 (]: Using duckdb connection "test.data_pipeline_example.not_null_fact_orders_status.8a0b8e3294"
[0m13:46:21.368790 [debug] [Thread-3 (]: On test.data_pipeline_example.not_null_fact_orders_product_id.346126b727: BEGIN
[0m13:46:21.368908 [debug] [Thread-4 (]: On test.data_pipeline_example.not_null_fact_orders_status.8a0b8e3294: BEGIN
[0m13:46:21.369019 [debug] [Thread-3 (]: Opening a new connection, currently in state closed
[0m13:46:21.369128 [debug] [Thread-4 (]: Opening a new connection, currently in state closed
[0m13:46:21.372622 [debug] [Thread-2 (]: SQL status: OK in 0.004 seconds
[0m13:46:21.372778 [debug] [Thread-2 (]: Using duckdb connection "test.data_pipeline_example.not_null_fact_orders_product_name.6a2c0c0c51"
[0m13:46:21.372898 [debug] [Thread-2 (]: On test.data_pipeline_example.not_null_fact_orders_product_name.6a2c0c0c51: /* {"app": "dbt", "dbt_version": "1.8.9", "profile_name": "data_pipeline_example", "target_name": "dev", "node_id": "test.data_pipeline_example.not_null_fact_orders_product_name.6a2c0c0c51"} */

    select
      count(*) as failures,
      count(*) != 0 as should_warn,
      count(*) != 0 as should_error
    from (
      
    
  
    
    



select product_name
from "dev"."main"."fact_orders"
where product_name is null



  
  
      
    ) dbt_internal_test
[0m13:46:21.373049 [debug] [Thread-3 (]: SQL status: OK in 0.004 seconds
[0m13:46:21.373171 [debug] [Thread-4 (]: SQL status: OK in 0.004 seconds
[0m13:46:21.373284 [debug] [Thread-1 (]: SQL status: OK in 0.005 seconds
[0m13:46:21.373391 [debug] [Thread-3 (]: Using duckdb connection "test.data_pipeline_example.not_null_fact_orders_product_id.346126b727"
[0m13:46:21.373499 [debug] [Thread-2 (]: SQL status: OK in 0.000 seconds
[0m13:46:21.373618 [debug] [Thread-4 (]: Using duckdb connection "test.data_pipeline_example.not_null_fact_orders_status.8a0b8e3294"
[0m13:46:21.373725 [debug] [Thread-1 (]: Using duckdb connection "test.data_pipeline_example.not_null_fact_orders_product_category.5f2cbf4dfa"
[0m13:46:21.373845 [debug] [Thread-3 (]: On test.data_pipeline_example.not_null_fact_orders_product_id.346126b727: /* {"app": "dbt", "dbt_version": "1.8.9", "profile_name": "data_pipeline_example", "target_name": "dev", "node_id": "test.data_pipeline_example.not_null_fact_orders_product_id.346126b727"} */

    select
      count(*) as failures,
      count(*) != 0 as should_warn,
      count(*) != 0 as should_error
    from (
      
    
  
    
    



select product_id
from "dev"."main"."fact_orders"
where product_id is null



  
  
      
    ) dbt_internal_test
[0m13:46:21.374353 [debug] [Thread-2 (]: On test.data_pipeline_example.not_null_fact_orders_product_name.6a2c0c0c51: ROLLBACK
[0m13:46:21.374473 [debug] [Thread-4 (]: On test.data_pipeline_example.not_null_fact_orders_status.8a0b8e3294: /* {"app": "dbt", "dbt_version": "1.8.9", "profile_name": "data_pipeline_example", "target_name": "dev", "node_id": "test.data_pipeline_example.not_null_fact_orders_status.8a0b8e3294"} */

    select
      count(*) as failures,
      count(*) != 0 as should_warn,
      count(*) != 0 as should_error
    from (
      
    
  
    
    



select status
from "dev"."main"."fact_orders"
where status is null



  
  
      
    ) dbt_internal_test
[0m13:46:21.374603 [debug] [Thread-1 (]: On test.data_pipeline_example.not_null_fact_orders_product_category.5f2cbf4dfa: /* {"app": "dbt", "dbt_version": "1.8.9", "profile_name": "data_pipeline_example", "target_name": "dev", "node_id": "test.data_pipeline_example.not_null_fact_orders_product_category.5f2cbf4dfa"} */

    select
      count(*) as failures,
      count(*) != 0 as should_warn,
      count(*) != 0 as should_error
    from (
      
    
  
    
    



select product_category
from "dev"."main"."fact_orders"
where product_category is null



  
  
      
    ) dbt_internal_test
[0m13:46:21.375005 [debug] [Thread-2 (]: Failed to rollback 'test.data_pipeline_example.not_null_fact_orders_product_name.6a2c0c0c51'
[0m13:46:21.375159 [debug] [Thread-2 (]: On test.data_pipeline_example.not_null_fact_orders_product_name.6a2c0c0c51: Close
[0m13:46:21.375280 [debug] [Thread-3 (]: SQL status: OK in 0.001 seconds
[0m13:46:21.375382 [debug] [Thread-4 (]: SQL status: OK in 0.001 seconds
[0m13:46:21.375503 [debug] [Thread-1 (]: SQL status: OK in 0.000 seconds
[0m13:46:21.375693 [info ] [Thread-2 (]: 23 of 46 PASS not_null_fact_orders_product_name ................................ [[32mPASS[0m in 0.02s]
[0m13:46:21.376195 [debug] [Thread-3 (]: On test.data_pipeline_example.not_null_fact_orders_product_id.346126b727: ROLLBACK
[0m13:46:21.376648 [debug] [Thread-4 (]: On test.data_pipeline_example.not_null_fact_orders_status.8a0b8e3294: ROLLBACK
[0m13:46:21.377070 [debug] [Thread-1 (]: On test.data_pipeline_example.not_null_fact_orders_product_category.5f2cbf4dfa: ROLLBACK
[0m13:46:21.377244 [debug] [Thread-2 (]: Finished running node test.data_pipeline_example.not_null_fact_orders_product_name.6a2c0c0c51
[0m13:46:21.377532 [debug] [Thread-3 (]: Failed to rollback 'test.data_pipeline_example.not_null_fact_orders_product_id.346126b727'
[0m13:46:21.377817 [debug] [Thread-4 (]: Failed to rollback 'test.data_pipeline_example.not_null_fact_orders_status.8a0b8e3294'
[0m13:46:21.378132 [debug] [Thread-1 (]: Failed to rollback 'test.data_pipeline_example.not_null_fact_orders_product_category.5f2cbf4dfa'
[0m13:46:21.378266 [debug] [Thread-2 (]: Began running node test.data_pipeline_example.not_null_stg_customers_created_date.7d1c548822
[0m13:46:21.378398 [debug] [Thread-3 (]: On test.data_pipeline_example.not_null_fact_orders_product_id.346126b727: Close
[0m13:46:21.378513 [debug] [Thread-4 (]: On test.data_pipeline_example.not_null_fact_orders_status.8a0b8e3294: Close
[0m13:46:21.378631 [debug] [Thread-1 (]: On test.data_pipeline_example.not_null_fact_orders_product_category.5f2cbf4dfa: Close
[0m13:46:21.378761 [info ] [Thread-2 (]: 25 of 46 START test not_null_stg_customers_created_date ........................ [RUN]
[0m13:46:21.378947 [info ] [Thread-3 (]: 22 of 46 PASS not_null_fact_orders_product_id .................................. [[32mPASS[0m in 0.02s]
[0m13:46:21.379130 [info ] [Thread-4 (]: 24 of 46 PASS not_null_fact_orders_status ...................................... [[32mPASS[0m in 0.02s]
[0m13:46:21.379286 [debug] [Thread-2 (]: Re-using an available connection from the pool (formerly test.data_pipeline_example.not_null_fact_orders_product_name.6a2c0c0c51, now test.data_pipeline_example.not_null_stg_customers_created_date.7d1c548822)
[0m13:46:21.379453 [debug] [Thread-3 (]: Finished running node test.data_pipeline_example.not_null_fact_orders_product_id.346126b727
[0m13:46:21.379641 [debug] [Thread-4 (]: Finished running node test.data_pipeline_example.not_null_fact_orders_status.8a0b8e3294
[0m13:46:21.379895 [debug] [Thread-2 (]: Began compiling node test.data_pipeline_example.not_null_stg_customers_created_date.7d1c548822
[0m13:46:21.379805 [info ] [Thread-1 (]: 21 of 46 PASS not_null_fact_orders_product_category ............................ [[32mPASS[0m in 0.02s]
[0m13:46:21.380054 [debug] [Thread-3 (]: Began running node test.data_pipeline_example.not_null_stg_customers_customer_id.e2cfb1f9aa
[0m13:46:21.380194 [debug] [Thread-4 (]: Began running node test.data_pipeline_example.not_null_stg_customers_customer_name.5c92a78a60
[0m13:46:21.381570 [debug] [Thread-2 (]: Writing injected SQL for node "test.data_pipeline_example.not_null_stg_customers_created_date.7d1c548822"
[0m13:46:21.381729 [debug] [Thread-1 (]: Finished running node test.data_pipeline_example.not_null_fact_orders_product_category.5f2cbf4dfa
[0m13:46:21.381835 [info ] [Thread-3 (]: 26 of 46 START test not_null_stg_customers_customer_id ......................... [RUN]
[0m13:46:21.381967 [info ] [Thread-4 (]: 27 of 46 START test not_null_stg_customers_customer_name ....................... [RUN]
[0m13:46:21.382127 [debug] [Thread-1 (]: Began running node test.data_pipeline_example.not_null_stg_customers_segment.54e04798f3
[0m13:46:21.382260 [debug] [Thread-3 (]: Re-using an available connection from the pool (formerly test.data_pipeline_example.not_null_fact_orders_product_id.346126b727, now test.data_pipeline_example.not_null_stg_customers_customer_id.e2cfb1f9aa)
[0m13:46:21.382414 [debug] [Thread-4 (]: Re-using an available connection from the pool (formerly test.data_pipeline_example.not_null_fact_orders_status.8a0b8e3294, now test.data_pipeline_example.not_null_stg_customers_customer_name.5c92a78a60)
[0m13:46:21.382535 [debug] [Thread-2 (]: Began executing node test.data_pipeline_example.not_null_stg_customers_created_date.7d1c548822
[0m13:46:21.382648 [info ] [Thread-1 (]: 28 of 46 START test not_null_stg_customers_segment ............................. [RUN]
[0m13:46:21.382771 [debug] [Thread-3 (]: Began compiling node test.data_pipeline_example.not_null_stg_customers_customer_id.e2cfb1f9aa
[0m13:46:21.382886 [debug] [Thread-4 (]: Began compiling node test.data_pipeline_example.not_null_stg_customers_customer_name.5c92a78a60
[0m13:46:21.383644 [debug] [Thread-2 (]: Writing runtime sql for node "test.data_pipeline_example.not_null_stg_customers_created_date.7d1c548822"
[0m13:46:21.383773 [debug] [Thread-1 (]: Re-using an available connection from the pool (formerly test.data_pipeline_example.not_null_fact_orders_product_category.5f2cbf4dfa, now test.data_pipeline_example.not_null_stg_customers_segment.54e04798f3)
[0m13:46:21.385029 [debug] [Thread-3 (]: Writing injected SQL for node "test.data_pipeline_example.not_null_stg_customers_customer_id.e2cfb1f9aa"
[0m13:46:21.386272 [debug] [Thread-4 (]: Writing injected SQL for node "test.data_pipeline_example.not_null_stg_customers_customer_name.5c92a78a60"
[0m13:46:21.386419 [debug] [Thread-1 (]: Began compiling node test.data_pipeline_example.not_null_stg_customers_segment.54e04798f3
[0m13:46:21.387679 [debug] [Thread-1 (]: Writing injected SQL for node "test.data_pipeline_example.not_null_stg_customers_segment.54e04798f3"
[0m13:46:21.387814 [debug] [Thread-2 (]: Using duckdb connection "test.data_pipeline_example.not_null_stg_customers_created_date.7d1c548822"
[0m13:46:21.387953 [debug] [Thread-2 (]: On test.data_pipeline_example.not_null_stg_customers_created_date.7d1c548822: BEGIN
[0m13:46:21.388061 [debug] [Thread-2 (]: Opening a new connection, currently in state closed
[0m13:46:21.388248 [debug] [Thread-4 (]: Began executing node test.data_pipeline_example.not_null_stg_customers_customer_name.5c92a78a60
[0m13:46:21.388362 [debug] [Thread-1 (]: Began executing node test.data_pipeline_example.not_null_stg_customers_segment.54e04798f3
[0m13:46:21.388466 [debug] [Thread-3 (]: Began executing node test.data_pipeline_example.not_null_stg_customers_customer_id.e2cfb1f9aa
[0m13:46:21.389187 [debug] [Thread-4 (]: Writing runtime sql for node "test.data_pipeline_example.not_null_stg_customers_customer_name.5c92a78a60"
[0m13:46:21.389899 [debug] [Thread-1 (]: Writing runtime sql for node "test.data_pipeline_example.not_null_stg_customers_segment.54e04798f3"
[0m13:46:21.390615 [debug] [Thread-3 (]: Writing runtime sql for node "test.data_pipeline_example.not_null_stg_customers_customer_id.e2cfb1f9aa"
[0m13:46:21.390914 [debug] [Thread-1 (]: Using duckdb connection "test.data_pipeline_example.not_null_stg_customers_segment.54e04798f3"
[0m13:46:21.391042 [debug] [Thread-3 (]: Using duckdb connection "test.data_pipeline_example.not_null_stg_customers_customer_id.e2cfb1f9aa"
[0m13:46:21.391161 [debug] [Thread-4 (]: Using duckdb connection "test.data_pipeline_example.not_null_stg_customers_customer_name.5c92a78a60"
[0m13:46:21.391273 [debug] [Thread-1 (]: On test.data_pipeline_example.not_null_stg_customers_segment.54e04798f3: BEGIN
[0m13:46:21.391385 [debug] [Thread-3 (]: On test.data_pipeline_example.not_null_stg_customers_customer_id.e2cfb1f9aa: BEGIN
[0m13:46:21.391494 [debug] [Thread-4 (]: On test.data_pipeline_example.not_null_stg_customers_customer_name.5c92a78a60: BEGIN
[0m13:46:21.391601 [debug] [Thread-1 (]: Opening a new connection, currently in state closed
[0m13:46:21.391703 [debug] [Thread-3 (]: Opening a new connection, currently in state closed
[0m13:46:21.391806 [debug] [Thread-4 (]: Opening a new connection, currently in state closed
[0m13:46:21.391997 [debug] [Thread-2 (]: SQL status: OK in 0.004 seconds
[0m13:46:21.392189 [debug] [Thread-1 (]: SQL status: OK in 0.001 seconds
[0m13:46:21.392300 [debug] [Thread-2 (]: Using duckdb connection "test.data_pipeline_example.not_null_stg_customers_created_date.7d1c548822"
[0m13:46:21.392411 [debug] [Thread-3 (]: SQL status: OK in 0.001 seconds
[0m13:46:21.392526 [debug] [Thread-4 (]: SQL status: OK in 0.001 seconds
[0m13:46:21.392624 [debug] [Thread-1 (]: Using duckdb connection "test.data_pipeline_example.not_null_stg_customers_segment.54e04798f3"
[0m13:46:21.392735 [debug] [Thread-2 (]: On test.data_pipeline_example.not_null_stg_customers_created_date.7d1c548822: /* {"app": "dbt", "dbt_version": "1.8.9", "profile_name": "data_pipeline_example", "target_name": "dev", "node_id": "test.data_pipeline_example.not_null_stg_customers_created_date.7d1c548822"} */

    select
      count(*) as failures,
      count(*) != 0 as should_warn,
      count(*) != 0 as should_error
    from (
      
    
  
    
    



select created_date
from "dev"."main"."stg_customers"
where created_date is null



  
  
      
    ) dbt_internal_test
[0m13:46:21.392840 [debug] [Thread-3 (]: Using duckdb connection "test.data_pipeline_example.not_null_stg_customers_customer_id.e2cfb1f9aa"
[0m13:46:21.392934 [debug] [Thread-4 (]: Using duckdb connection "test.data_pipeline_example.not_null_stg_customers_customer_name.5c92a78a60"
[0m13:46:21.393043 [debug] [Thread-1 (]: On test.data_pipeline_example.not_null_stg_customers_segment.54e04798f3: /* {"app": "dbt", "dbt_version": "1.8.9", "profile_name": "data_pipeline_example", "target_name": "dev", "node_id": "test.data_pipeline_example.not_null_stg_customers_segment.54e04798f3"} */

    select
      count(*) as failures,
      count(*) != 0 as should_warn,
      count(*) != 0 as should_error
    from (
      
    
  
    
    



select segment
from "dev"."main"."stg_customers"
where segment is null



  
  
      
    ) dbt_internal_test
[0m13:46:21.393188 [debug] [Thread-3 (]: On test.data_pipeline_example.not_null_stg_customers_customer_id.e2cfb1f9aa: /* {"app": "dbt", "dbt_version": "1.8.9", "profile_name": "data_pipeline_example", "target_name": "dev", "node_id": "test.data_pipeline_example.not_null_stg_customers_customer_id.e2cfb1f9aa"} */

    select
      count(*) as failures,
      count(*) != 0 as should_warn,
      count(*) != 0 as should_error
    from (
      
    
  
    
    



select customer_id
from "dev"."main"."stg_customers"
where customer_id is null



  
  
      
    ) dbt_internal_test
[0m13:46:21.393314 [debug] [Thread-4 (]: On test.data_pipeline_example.not_null_stg_customers_customer_name.5c92a78a60: /* {"app": "dbt", "dbt_version": "1.8.9", "profile_name": "data_pipeline_example", "target_name": "dev", "node_id": "test.data_pipeline_example.not_null_stg_customers_customer_name.5c92a78a60"} */

    select
      count(*) as failures,
      count(*) != 0 as should_warn,
      count(*) != 0 as should_error
    from (
      
    
  
    
    



select customer_name
from "dev"."main"."stg_customers"
where customer_name is null



  
  
      
    ) dbt_internal_test
[0m13:46:21.393474 [debug] [Thread-2 (]: SQL status: OK in 0.000 seconds
[0m13:46:21.393647 [debug] [Thread-1 (]: SQL status: OK in 0.000 seconds
[0m13:46:21.394905 [debug] [Thread-2 (]: On test.data_pipeline_example.not_null_stg_customers_created_date.7d1c548822: ROLLBACK
[0m13:46:21.395029 [debug] [Thread-4 (]: SQL status: OK in 0.001 seconds
[0m13:46:21.395472 [debug] [Thread-1 (]: On test.data_pipeline_example.not_null_stg_customers_segment.54e04798f3: ROLLBACK
[0m13:46:21.395747 [debug] [Thread-2 (]: Failed to rollback 'test.data_pipeline_example.not_null_stg_customers_created_date.7d1c548822'
[0m13:46:21.395879 [debug] [Thread-3 (]: SQL status: OK in 0.002 seconds
[0m13:46:21.396190 [debug] [Thread-1 (]: Failed to rollback 'test.data_pipeline_example.not_null_stg_customers_segment.54e04798f3'
[0m13:46:21.396311 [debug] [Thread-2 (]: On test.data_pipeline_example.not_null_stg_customers_created_date.7d1c548822: Close
[0m13:46:21.396756 [debug] [Thread-4 (]: On test.data_pipeline_example.not_null_stg_customers_customer_name.5c92a78a60: ROLLBACK
[0m13:46:21.397170 [debug] [Thread-3 (]: On test.data_pipeline_example.not_null_stg_customers_customer_id.e2cfb1f9aa: ROLLBACK
[0m13:46:21.397280 [debug] [Thread-1 (]: On test.data_pipeline_example.not_null_stg_customers_segment.54e04798f3: Close
[0m13:46:21.397469 [info ] [Thread-2 (]: 25 of 46 PASS not_null_stg_customers_created_date .............................. [[32mPASS[0m in 0.02s]
[0m13:46:21.397788 [debug] [Thread-4 (]: Failed to rollback 'test.data_pipeline_example.not_null_stg_customers_customer_name.5c92a78a60'
[0m13:46:21.398078 [debug] [Thread-3 (]: Failed to rollback 'test.data_pipeline_example.not_null_stg_customers_customer_id.e2cfb1f9aa'
[0m13:46:21.398395 [debug] [Thread-2 (]: Finished running node test.data_pipeline_example.not_null_stg_customers_created_date.7d1c548822
[0m13:46:21.398244 [info ] [Thread-1 (]: 28 of 46 PASS not_null_stg_customers_segment ................................... [[32mPASS[0m in 0.01s]
[0m13:46:21.398545 [debug] [Thread-4 (]: On test.data_pipeline_example.not_null_stg_customers_customer_name.5c92a78a60: Close
[0m13:46:21.398659 [debug] [Thread-3 (]: On test.data_pipeline_example.not_null_stg_customers_customer_id.e2cfb1f9aa: Close
[0m13:46:21.398791 [debug] [Thread-2 (]: Began running node test.data_pipeline_example.not_null_stg_orders_amount.2546645448
[0m13:46:21.398961 [debug] [Thread-1 (]: Finished running node test.data_pipeline_example.not_null_stg_customers_segment.54e04798f3
[0m13:46:21.399106 [info ] [Thread-4 (]: 27 of 46 PASS not_null_stg_customers_customer_name ............................. [[32mPASS[0m in 0.02s]
[0m13:46:21.399262 [info ] [Thread-2 (]: 29 of 46 START test not_null_stg_orders_amount ................................. [RUN]
[0m13:46:21.399410 [debug] [Thread-1 (]: Began running node test.data_pipeline_example.not_null_stg_orders_customer_id.af79d5e4b5
[0m13:46:21.399580 [debug] [Thread-4 (]: Finished running node test.data_pipeline_example.not_null_stg_customers_customer_name.5c92a78a60
[0m13:46:21.399872 [debug] [Thread-2 (]: Re-using an available connection from the pool (formerly test.data_pipeline_example.not_null_stg_customers_created_date.7d1c548822, now test.data_pipeline_example.not_null_stg_orders_amount.2546645448)
[0m13:46:21.399766 [info ] [Thread-3 (]: 26 of 46 PASS not_null_stg_customers_customer_id ............................... [[32mPASS[0m in 0.02s]
[0m13:46:21.400022 [info ] [Thread-1 (]: 30 of 46 START test not_null_stg_orders_customer_id ............................ [RUN]
[0m13:46:21.400171 [debug] [Thread-4 (]: Began running node test.data_pipeline_example.not_null_stg_orders_order_id.81cfe2fe64
[0m13:46:21.400300 [debug] [Thread-2 (]: Began compiling node test.data_pipeline_example.not_null_stg_orders_amount.2546645448
[0m13:46:21.400461 [debug] [Thread-3 (]: Finished running node test.data_pipeline_example.not_null_stg_customers_customer_id.e2cfb1f9aa
[0m13:46:21.400577 [debug] [Thread-1 (]: Re-using an available connection from the pool (formerly test.data_pipeline_example.not_null_stg_customers_segment.54e04798f3, now test.data_pipeline_example.not_null_stg_orders_customer_id.af79d5e4b5)
[0m13:46:21.400695 [info ] [Thread-4 (]: 31 of 46 START test not_null_stg_orders_order_id ............................... [RUN]
[0m13:46:21.401999 [debug] [Thread-2 (]: Writing injected SQL for node "test.data_pipeline_example.not_null_stg_orders_amount.2546645448"
[0m13:46:21.402143 [debug] [Thread-3 (]: Began running node test.data_pipeline_example.not_null_stg_orders_ordered_date.925362d84d
[0m13:46:21.402275 [debug] [Thread-1 (]: Began compiling node test.data_pipeline_example.not_null_stg_orders_customer_id.af79d5e4b5
[0m13:46:21.402403 [debug] [Thread-4 (]: Re-using an available connection from the pool (formerly test.data_pipeline_example.not_null_stg_customers_customer_name.5c92a78a60, now test.data_pipeline_example.not_null_stg_orders_order_id.81cfe2fe64)
[0m13:46:21.402550 [info ] [Thread-3 (]: 32 of 46 START test not_null_stg_orders_ordered_date ........................... [RUN]
[0m13:46:21.403685 [debug] [Thread-1 (]: Writing injected SQL for node "test.data_pipeline_example.not_null_stg_orders_customer_id.af79d5e4b5"
[0m13:46:21.403806 [debug] [Thread-4 (]: Began compiling node test.data_pipeline_example.not_null_stg_orders_order_id.81cfe2fe64
[0m13:46:21.403952 [debug] [Thread-3 (]: Re-using an available connection from the pool (formerly test.data_pipeline_example.not_null_stg_customers_customer_id.e2cfb1f9aa, now test.data_pipeline_example.not_null_stg_orders_ordered_date.925362d84d)
[0m13:46:21.405209 [debug] [Thread-4 (]: Writing injected SQL for node "test.data_pipeline_example.not_null_stg_orders_order_id.81cfe2fe64"
[0m13:46:21.405322 [debug] [Thread-2 (]: Began executing node test.data_pipeline_example.not_null_stg_orders_amount.2546645448
[0m13:46:21.405435 [debug] [Thread-3 (]: Began compiling node test.data_pipeline_example.not_null_stg_orders_ordered_date.925362d84d
[0m13:46:21.405585 [debug] [Thread-1 (]: Began executing node test.data_pipeline_example.not_null_stg_orders_customer_id.af79d5e4b5
[0m13:46:21.406294 [debug] [Thread-2 (]: Writing runtime sql for node "test.data_pipeline_example.not_null_stg_orders_amount.2546645448"
[0m13:46:21.407479 [debug] [Thread-3 (]: Writing injected SQL for node "test.data_pipeline_example.not_null_stg_orders_ordered_date.925362d84d"
[0m13:46:21.407602 [debug] [Thread-4 (]: Began executing node test.data_pipeline_example.not_null_stg_orders_order_id.81cfe2fe64
[0m13:46:21.408339 [debug] [Thread-1 (]: Writing runtime sql for node "test.data_pipeline_example.not_null_stg_orders_customer_id.af79d5e4b5"
[0m13:46:21.409137 [debug] [Thread-4 (]: Writing runtime sql for node "test.data_pipeline_example.not_null_stg_orders_order_id.81cfe2fe64"
[0m13:46:21.409339 [debug] [Thread-2 (]: Using duckdb connection "test.data_pipeline_example.not_null_stg_orders_amount.2546645448"
[0m13:46:21.409450 [debug] [Thread-2 (]: On test.data_pipeline_example.not_null_stg_orders_amount.2546645448: BEGIN
[0m13:46:21.409562 [debug] [Thread-3 (]: Began executing node test.data_pipeline_example.not_null_stg_orders_ordered_date.925362d84d
[0m13:46:21.409700 [debug] [Thread-2 (]: Opening a new connection, currently in state closed
[0m13:46:21.410421 [debug] [Thread-3 (]: Writing runtime sql for node "test.data_pipeline_example.not_null_stg_orders_ordered_date.925362d84d"
[0m13:46:21.410543 [debug] [Thread-1 (]: Using duckdb connection "test.data_pipeline_example.not_null_stg_orders_customer_id.af79d5e4b5"
[0m13:46:21.410664 [debug] [Thread-4 (]: Using duckdb connection "test.data_pipeline_example.not_null_stg_orders_order_id.81cfe2fe64"
[0m13:46:21.410836 [debug] [Thread-1 (]: On test.data_pipeline_example.not_null_stg_orders_customer_id.af79d5e4b5: BEGIN
[0m13:46:21.410965 [debug] [Thread-4 (]: On test.data_pipeline_example.not_null_stg_orders_order_id.81cfe2fe64: BEGIN
[0m13:46:21.411086 [debug] [Thread-1 (]: Opening a new connection, currently in state closed
[0m13:46:21.411207 [debug] [Thread-4 (]: Opening a new connection, currently in state closed
[0m13:46:21.411353 [debug] [Thread-3 (]: Using duckdb connection "test.data_pipeline_example.not_null_stg_orders_ordered_date.925362d84d"
[0m13:46:21.411466 [debug] [Thread-3 (]: On test.data_pipeline_example.not_null_stg_orders_ordered_date.925362d84d: BEGIN
[0m13:46:21.411568 [debug] [Thread-3 (]: Opening a new connection, currently in state closed
[0m13:46:21.414658 [debug] [Thread-1 (]: SQL status: OK in 0.004 seconds
[0m13:46:21.414780 [debug] [Thread-4 (]: SQL status: OK in 0.004 seconds
[0m13:46:21.414901 [debug] [Thread-2 (]: SQL status: OK in 0.005 seconds
[0m13:46:21.415013 [debug] [Thread-1 (]: Using duckdb connection "test.data_pipeline_example.not_null_stg_orders_customer_id.af79d5e4b5"
[0m13:46:21.415128 [debug] [Thread-3 (]: SQL status: OK in 0.004 seconds
[0m13:46:21.415262 [debug] [Thread-4 (]: Using duckdb connection "test.data_pipeline_example.not_null_stg_orders_order_id.81cfe2fe64"
[0m13:46:21.415377 [debug] [Thread-2 (]: Using duckdb connection "test.data_pipeline_example.not_null_stg_orders_amount.2546645448"
[0m13:46:21.415500 [debug] [Thread-1 (]: On test.data_pipeline_example.not_null_stg_orders_customer_id.af79d5e4b5: /* {"app": "dbt", "dbt_version": "1.8.9", "profile_name": "data_pipeline_example", "target_name": "dev", "node_id": "test.data_pipeline_example.not_null_stg_orders_customer_id.af79d5e4b5"} */

    select
      count(*) as failures,
      count(*) != 0 as should_warn,
      count(*) != 0 as should_error
    from (
      
    
  
    
    



select customer_id
from "dev"."main"."stg_orders"
where customer_id is null



  
  
      
    ) dbt_internal_test
[0m13:46:21.415618 [debug] [Thread-3 (]: Using duckdb connection "test.data_pipeline_example.not_null_stg_orders_ordered_date.925362d84d"
[0m13:46:21.415737 [debug] [Thread-4 (]: On test.data_pipeline_example.not_null_stg_orders_order_id.81cfe2fe64: /* {"app": "dbt", "dbt_version": "1.8.9", "profile_name": "data_pipeline_example", "target_name": "dev", "node_id": "test.data_pipeline_example.not_null_stg_orders_order_id.81cfe2fe64"} */

    select
      count(*) as failures,
      count(*) != 0 as should_warn,
      count(*) != 0 as should_error
    from (
      
    
  
    
    



select order_id
from "dev"."main"."stg_orders"
where order_id is null



  
  
      
    ) dbt_internal_test
[0m13:46:21.415860 [debug] [Thread-2 (]: On test.data_pipeline_example.not_null_stg_orders_amount.2546645448: /* {"app": "dbt", "dbt_version": "1.8.9", "profile_name": "data_pipeline_example", "target_name": "dev", "node_id": "test.data_pipeline_example.not_null_stg_orders_amount.2546645448"} */

    select
      count(*) as failures,
      count(*) != 0 as should_warn,
      count(*) != 0 as should_error
    from (
      
    
  
    
    



select amount
from "dev"."main"."stg_orders"
where amount is null



  
  
      
    ) dbt_internal_test
[0m13:46:21.416021 [debug] [Thread-3 (]: On test.data_pipeline_example.not_null_stg_orders_ordered_date.925362d84d: /* {"app": "dbt", "dbt_version": "1.8.9", "profile_name": "data_pipeline_example", "target_name": "dev", "node_id": "test.data_pipeline_example.not_null_stg_orders_ordered_date.925362d84d"} */

    select
      count(*) as failures,
      count(*) != 0 as should_warn,
      count(*) != 0 as should_error
    from (
      
    
  
    
    



select ordered_date
from "dev"."main"."stg_orders"
where ordered_date is null



  
  
      
    ) dbt_internal_test
[0m13:46:21.416279 [debug] [Thread-1 (]: SQL status: OK in 0.000 seconds
[0m13:46:21.416508 [debug] [Thread-2 (]: SQL status: OK in 0.000 seconds
[0m13:46:21.417009 [debug] [Thread-1 (]: On test.data_pipeline_example.not_null_stg_orders_customer_id.af79d5e4b5: ROLLBACK
[0m13:46:21.417116 [debug] [Thread-3 (]: SQL status: OK in 0.001 seconds
[0m13:46:21.417230 [debug] [Thread-4 (]: SQL status: OK in 0.001 seconds
[0m13:46:21.417706 [debug] [Thread-2 (]: On test.data_pipeline_example.not_null_stg_orders_amount.2546645448: ROLLBACK
[0m13:46:21.418078 [debug] [Thread-1 (]: Failed to rollback 'test.data_pipeline_example.not_null_stg_orders_customer_id.af79d5e4b5'
[0m13:46:21.418537 [debug] [Thread-3 (]: On test.data_pipeline_example.not_null_stg_orders_ordered_date.925362d84d: ROLLBACK
[0m13:46:21.418982 [debug] [Thread-4 (]: On test.data_pipeline_example.not_null_stg_orders_order_id.81cfe2fe64: ROLLBACK
[0m13:46:21.419272 [debug] [Thread-2 (]: Failed to rollback 'test.data_pipeline_example.not_null_stg_orders_amount.2546645448'
[0m13:46:21.419383 [debug] [Thread-1 (]: On test.data_pipeline_example.not_null_stg_orders_customer_id.af79d5e4b5: Close
[0m13:46:21.419680 [debug] [Thread-3 (]: Failed to rollback 'test.data_pipeline_example.not_null_stg_orders_ordered_date.925362d84d'
[0m13:46:21.419978 [debug] [Thread-4 (]: Failed to rollback 'test.data_pipeline_example.not_null_stg_orders_order_id.81cfe2fe64'
[0m13:46:21.420084 [debug] [Thread-2 (]: On test.data_pipeline_example.not_null_stg_orders_amount.2546645448: Close
[0m13:46:21.420377 [debug] [Thread-3 (]: On test.data_pipeline_example.not_null_stg_orders_ordered_date.925362d84d: Close
[0m13:46:21.420282 [info ] [Thread-1 (]: 30 of 46 PASS not_null_stg_orders_customer_id .................................. [[32mPASS[0m in 0.02s]
[0m13:46:21.420522 [debug] [Thread-4 (]: On test.data_pipeline_example.not_null_stg_orders_order_id.81cfe2fe64: Close
[0m13:46:21.420714 [info ] [Thread-2 (]: 29 of 46 PASS not_null_stg_orders_amount ....................................... [[32mPASS[0m in 0.02s]
[0m13:46:21.420902 [info ] [Thread-3 (]: 32 of 46 PASS not_null_stg_orders_ordered_date ................................. [[32mPASS[0m in 0.02s]
[0m13:46:21.421094 [debug] [Thread-1 (]: Finished running node test.data_pipeline_example.not_null_stg_orders_customer_id.af79d5e4b5
[0m13:46:21.421279 [debug] [Thread-2 (]: Finished running node test.data_pipeline_example.not_null_stg_orders_amount.2546645448
[0m13:46:21.421440 [debug] [Thread-3 (]: Finished running node test.data_pipeline_example.not_null_stg_orders_ordered_date.925362d84d
[0m13:46:21.421589 [debug] [Thread-1 (]: Began running node test.data_pipeline_example.not_null_stg_orders_product_id.034adb910e
[0m13:46:21.421867 [debug] [Thread-2 (]: Began running node test.data_pipeline_example.not_null_stg_orders_status.2b01eecbd6
[0m13:46:21.421756 [info ] [Thread-4 (]: 31 of 46 PASS not_null_stg_orders_order_id ..................................... [[32mPASS[0m in 0.02s]
[0m13:46:21.422049 [debug] [Thread-3 (]: Began running node test.data_pipeline_example.not_null_stg_products_category.6007d8b2d1
[0m13:46:21.422175 [info ] [Thread-1 (]: 33 of 46 START test not_null_stg_orders_product_id ............................. [RUN]
[0m13:46:21.422307 [info ] [Thread-2 (]: 34 of 46 START test not_null_stg_orders_status ................................. [RUN]
[0m13:46:21.422482 [debug] [Thread-4 (]: Finished running node test.data_pipeline_example.not_null_stg_orders_order_id.81cfe2fe64
[0m13:46:21.422603 [info ] [Thread-3 (]: 35 of 46 START test not_null_stg_products_category ............................. [RUN]
[0m13:46:21.422745 [debug] [Thread-1 (]: Re-using an available connection from the pool (formerly test.data_pipeline_example.not_null_stg_orders_customer_id.af79d5e4b5, now test.data_pipeline_example.not_null_stg_orders_product_id.034adb910e)
[0m13:46:21.422869 [debug] [Thread-2 (]: Re-using an available connection from the pool (formerly test.data_pipeline_example.not_null_stg_orders_amount.2546645448, now test.data_pipeline_example.not_null_stg_orders_status.2b01eecbd6)
[0m13:46:21.422994 [debug] [Thread-4 (]: Began running node test.data_pipeline_example.not_null_stg_products_product_id.6373b0acf3
[0m13:46:21.423131 [debug] [Thread-3 (]: Re-using an available connection from the pool (formerly test.data_pipeline_example.not_null_stg_orders_ordered_date.925362d84d, now test.data_pipeline_example.not_null_stg_products_category.6007d8b2d1)
[0m13:46:21.423254 [debug] [Thread-1 (]: Began compiling node test.data_pipeline_example.not_null_stg_orders_product_id.034adb910e
[0m13:46:21.423365 [debug] [Thread-2 (]: Began compiling node test.data_pipeline_example.not_null_stg_orders_status.2b01eecbd6
[0m13:46:21.423479 [info ] [Thread-4 (]: 36 of 46 START test not_null_stg_products_product_id ........................... [RUN]
[0m13:46:21.423604 [debug] [Thread-3 (]: Began compiling node test.data_pipeline_example.not_null_stg_products_category.6007d8b2d1
[0m13:46:21.425040 [debug] [Thread-1 (]: Writing injected SQL for node "test.data_pipeline_example.not_null_stg_orders_product_id.034adb910e"
[0m13:46:21.426245 [debug] [Thread-2 (]: Writing injected SQL for node "test.data_pipeline_example.not_null_stg_orders_status.2b01eecbd6"
[0m13:46:21.426367 [debug] [Thread-4 (]: Re-using an available connection from the pool (formerly test.data_pipeline_example.not_null_stg_orders_order_id.81cfe2fe64, now test.data_pipeline_example.not_null_stg_products_product_id.6373b0acf3)
[0m13:46:21.428293 [debug] [Thread-3 (]: Writing injected SQL for node "test.data_pipeline_example.not_null_stg_products_category.6007d8b2d1"
[0m13:46:21.428476 [debug] [Thread-4 (]: Began compiling node test.data_pipeline_example.not_null_stg_products_product_id.6373b0acf3
[0m13:46:21.429647 [debug] [Thread-4 (]: Writing injected SQL for node "test.data_pipeline_example.not_null_stg_products_product_id.6373b0acf3"
[0m13:46:21.429875 [debug] [Thread-1 (]: Began executing node test.data_pipeline_example.not_null_stg_orders_product_id.034adb910e
[0m13:46:21.429989 [debug] [Thread-3 (]: Began executing node test.data_pipeline_example.not_null_stg_products_category.6007d8b2d1
[0m13:46:21.430728 [debug] [Thread-1 (]: Writing runtime sql for node "test.data_pipeline_example.not_null_stg_orders_product_id.034adb910e"
[0m13:46:21.430830 [debug] [Thread-2 (]: Began executing node test.data_pipeline_example.not_null_stg_orders_status.2b01eecbd6
[0m13:46:21.431570 [debug] [Thread-3 (]: Writing runtime sql for node "test.data_pipeline_example.not_null_stg_products_category.6007d8b2d1"
[0m13:46:21.431686 [debug] [Thread-4 (]: Began executing node test.data_pipeline_example.not_null_stg_products_product_id.6373b0acf3
[0m13:46:21.432431 [debug] [Thread-2 (]: Writing runtime sql for node "test.data_pipeline_example.not_null_stg_orders_status.2b01eecbd6"
[0m13:46:21.433181 [debug] [Thread-4 (]: Writing runtime sql for node "test.data_pipeline_example.not_null_stg_products_product_id.6373b0acf3"
[0m13:46:21.433318 [debug] [Thread-1 (]: Using duckdb connection "test.data_pipeline_example.not_null_stg_orders_product_id.034adb910e"
[0m13:46:21.433504 [debug] [Thread-3 (]: Using duckdb connection "test.data_pipeline_example.not_null_stg_products_category.6007d8b2d1"
[0m13:46:21.433619 [debug] [Thread-1 (]: On test.data_pipeline_example.not_null_stg_orders_product_id.034adb910e: BEGIN
[0m13:46:21.433735 [debug] [Thread-3 (]: On test.data_pipeline_example.not_null_stg_products_category.6007d8b2d1: BEGIN
[0m13:46:21.433862 [debug] [Thread-1 (]: Opening a new connection, currently in state closed
[0m13:46:21.433986 [debug] [Thread-3 (]: Opening a new connection, currently in state closed
[0m13:46:21.434106 [debug] [Thread-2 (]: Using duckdb connection "test.data_pipeline_example.not_null_stg_orders_status.2b01eecbd6"
[0m13:46:21.434276 [debug] [Thread-4 (]: Using duckdb connection "test.data_pipeline_example.not_null_stg_products_product_id.6373b0acf3"
[0m13:46:21.434427 [debug] [Thread-2 (]: On test.data_pipeline_example.not_null_stg_orders_status.2b01eecbd6: BEGIN
[0m13:46:21.434538 [debug] [Thread-4 (]: On test.data_pipeline_example.not_null_stg_products_product_id.6373b0acf3: BEGIN
[0m13:46:21.434647 [debug] [Thread-2 (]: Opening a new connection, currently in state closed
[0m13:46:21.434752 [debug] [Thread-4 (]: Opening a new connection, currently in state closed
[0m13:46:21.438103 [debug] [Thread-3 (]: SQL status: OK in 0.004 seconds
[0m13:46:21.438228 [debug] [Thread-1 (]: SQL status: OK in 0.004 seconds
[0m13:46:21.438341 [debug] [Thread-3 (]: Using duckdb connection "test.data_pipeline_example.not_null_stg_products_category.6007d8b2d1"
[0m13:46:21.438454 [debug] [Thread-2 (]: SQL status: OK in 0.004 seconds
[0m13:46:21.438562 [debug] [Thread-4 (]: SQL status: OK in 0.004 seconds
[0m13:46:21.438679 [debug] [Thread-1 (]: Using duckdb connection "test.data_pipeline_example.not_null_stg_orders_product_id.034adb910e"
[0m13:46:21.438796 [debug] [Thread-3 (]: On test.data_pipeline_example.not_null_stg_products_category.6007d8b2d1: /* {"app": "dbt", "dbt_version": "1.8.9", "profile_name": "data_pipeline_example", "target_name": "dev", "node_id": "test.data_pipeline_example.not_null_stg_products_category.6007d8b2d1"} */

    select
      count(*) as failures,
      count(*) != 0 as should_warn,
      count(*) != 0 as should_error
    from (
      
    
  
    
    



select category
from "dev"."main"."stg_products"
where category is null



  
  
      
    ) dbt_internal_test
[0m13:46:21.438925 [debug] [Thread-2 (]: Using duckdb connection "test.data_pipeline_example.not_null_stg_orders_status.2b01eecbd6"
[0m13:46:21.439032 [debug] [Thread-4 (]: Using duckdb connection "test.data_pipeline_example.not_null_stg_products_product_id.6373b0acf3"
[0m13:46:21.439155 [debug] [Thread-1 (]: On test.data_pipeline_example.not_null_stg_orders_product_id.034adb910e: /* {"app": "dbt", "dbt_version": "1.8.9", "profile_name": "data_pipeline_example", "target_name": "dev", "node_id": "test.data_pipeline_example.not_null_stg_orders_product_id.034adb910e"} */

    select
      count(*) as failures,
      count(*) != 0 as should_warn,
      count(*) != 0 as should_error
    from (
      
    
  
    
    



select product_id
from "dev"."main"."stg_orders"
where product_id is null



  
  
      
    ) dbt_internal_test
[0m13:46:21.439319 [debug] [Thread-2 (]: On test.data_pipeline_example.not_null_stg_orders_status.2b01eecbd6: /* {"app": "dbt", "dbt_version": "1.8.9", "profile_name": "data_pipeline_example", "target_name": "dev", "node_id": "test.data_pipeline_example.not_null_stg_orders_status.2b01eecbd6"} */

    select
      count(*) as failures,
      count(*) != 0 as should_warn,
      count(*) != 0 as should_error
    from (
      
    
  
    
    



select status
from "dev"."main"."stg_orders"
where status is null



  
  
      
    ) dbt_internal_test
[0m13:46:21.439439 [debug] [Thread-4 (]: On test.data_pipeline_example.not_null_stg_products_product_id.6373b0acf3: /* {"app": "dbt", "dbt_version": "1.8.9", "profile_name": "data_pipeline_example", "target_name": "dev", "node_id": "test.data_pipeline_example.not_null_stg_products_product_id.6373b0acf3"} */

    select
      count(*) as failures,
      count(*) != 0 as should_warn,
      count(*) != 0 as should_error
    from (
      
    
  
    
    



select product_id
from "dev"."main"."stg_products"
where product_id is null



  
  
      
    ) dbt_internal_test
[0m13:46:21.439593 [debug] [Thread-3 (]: SQL status: OK in 0.000 seconds
[0m13:46:21.439800 [debug] [Thread-1 (]: SQL status: OK in 0.000 seconds
[0m13:46:21.440296 [debug] [Thread-3 (]: On test.data_pipeline_example.not_null_stg_products_category.6007d8b2d1: ROLLBACK
[0m13:46:21.440433 [debug] [Thread-2 (]: SQL status: OK in 0.001 seconds
[0m13:46:21.440545 [debug] [Thread-4 (]: SQL status: OK in 0.001 seconds
[0m13:46:21.440825 [debug] [Thread-3 (]: Failed to rollback 'test.data_pipeline_example.not_null_stg_products_category.6007d8b2d1'
[0m13:46:21.441222 [debug] [Thread-1 (]: On test.data_pipeline_example.not_null_stg_orders_product_id.034adb910e: ROLLBACK
[0m13:46:21.441635 [debug] [Thread-2 (]: On test.data_pipeline_example.not_null_stg_orders_status.2b01eecbd6: ROLLBACK
[0m13:46:21.442068 [debug] [Thread-4 (]: On test.data_pipeline_example.not_null_stg_products_product_id.6373b0acf3: ROLLBACK
[0m13:46:21.442173 [debug] [Thread-3 (]: On test.data_pipeline_example.not_null_stg_products_category.6007d8b2d1: Close
[0m13:46:21.442446 [debug] [Thread-1 (]: Failed to rollback 'test.data_pipeline_example.not_null_stg_orders_product_id.034adb910e'
[0m13:46:21.442733 [debug] [Thread-2 (]: Failed to rollback 'test.data_pipeline_example.not_null_stg_orders_status.2b01eecbd6'
[0m13:46:21.443025 [debug] [Thread-4 (]: Failed to rollback 'test.data_pipeline_example.not_null_stg_products_product_id.6373b0acf3'
[0m13:46:21.443208 [info ] [Thread-3 (]: 35 of 46 PASS not_null_stg_products_category ................................... [[32mPASS[0m in 0.02s]
[0m13:46:21.443338 [debug] [Thread-1 (]: On test.data_pipeline_example.not_null_stg_orders_product_id.034adb910e: Close
[0m13:46:21.443461 [debug] [Thread-2 (]: On test.data_pipeline_example.not_null_stg_orders_status.2b01eecbd6: Close
[0m13:46:21.443575 [debug] [Thread-4 (]: On test.data_pipeline_example.not_null_stg_products_product_id.6373b0acf3: Close
[0m13:46:21.443749 [debug] [Thread-3 (]: Finished running node test.data_pipeline_example.not_null_stg_products_category.6007d8b2d1
[0m13:46:21.443925 [info ] [Thread-1 (]: 33 of 46 PASS not_null_stg_orders_product_id ................................... [[32mPASS[0m in 0.02s]
[0m13:46:21.444108 [info ] [Thread-2 (]: 34 of 46 PASS not_null_stg_orders_status ....................................... [[32mPASS[0m in 0.02s]
[0m13:46:21.444270 [debug] [Thread-3 (]: Began running node test.data_pipeline_example.not_null_stg_products_product_name.0b59e4b939
[0m13:46:21.444457 [debug] [Thread-1 (]: Finished running node test.data_pipeline_example.not_null_stg_orders_product_id.034adb910e
[0m13:46:21.444623 [debug] [Thread-2 (]: Finished running node test.data_pipeline_example.not_null_stg_orders_status.2b01eecbd6
[0m13:46:21.444786 [info ] [Thread-4 (]: 36 of 46 PASS not_null_stg_products_product_id ................................. [[32mPASS[0m in 0.02s]
[0m13:46:21.445040 [debug] [Thread-1 (]: Began running node test.data_pipeline_example.not_null_stg_products_unit_price.0be67d1be2
[0m13:46:21.444885 [info ] [Thread-3 (]: 37 of 46 START test not_null_stg_products_product_name ......................... [RUN]
[0m13:46:21.445218 [debug] [Thread-2 (]: Began running node test.data_pipeline_example.relationships_fact_orders_customer_id__customer_id__ref_dim_customers_.990af5a19b
[0m13:46:21.445398 [debug] [Thread-4 (]: Finished running node test.data_pipeline_example.not_null_stg_products_product_id.6373b0acf3
[0m13:46:21.445515 [info ] [Thread-1 (]: 38 of 46 START test not_null_stg_products_unit_price ........................... [RUN]
[0m13:46:21.445657 [debug] [Thread-3 (]: Re-using an available connection from the pool (formerly test.data_pipeline_example.not_null_stg_products_category.6007d8b2d1, now test.data_pipeline_example.not_null_stg_products_product_name.0b59e4b939)
[0m13:46:21.445784 [info ] [Thread-2 (]: 39 of 46 START test relationships_fact_orders_customer_id__customer_id__ref_dim_customers_  [RUN]
[0m13:46:21.445925 [debug] [Thread-4 (]: Began running node test.data_pipeline_example.relationships_stg_orders_customer_id__customer_id__ref_stg_customers_.430bf21500
[0m13:46:21.446064 [debug] [Thread-1 (]: Re-using an available connection from the pool (formerly test.data_pipeline_example.not_null_stg_orders_product_id.034adb910e, now test.data_pipeline_example.not_null_stg_products_unit_price.0be67d1be2)
[0m13:46:21.446180 [debug] [Thread-3 (]: Began compiling node test.data_pipeline_example.not_null_stg_products_product_name.0b59e4b939
[0m13:46:21.446291 [debug] [Thread-2 (]: Re-using an available connection from the pool (formerly test.data_pipeline_example.not_null_stg_orders_status.2b01eecbd6, now test.data_pipeline_example.relationships_fact_orders_customer_id__customer_id__ref_dim_customers_.990af5a19b)
[0m13:46:21.446399 [info ] [Thread-4 (]: 40 of 46 START test relationships_stg_orders_customer_id__customer_id__ref_stg_customers_  [RUN]
[0m13:46:21.446526 [debug] [Thread-1 (]: Began compiling node test.data_pipeline_example.not_null_stg_products_unit_price.0be67d1be2
[0m13:46:21.447795 [debug] [Thread-3 (]: Writing injected SQL for node "test.data_pipeline_example.not_null_stg_products_product_name.0b59e4b939"
[0m13:46:21.447907 [debug] [Thread-2 (]: Began compiling node test.data_pipeline_example.relationships_fact_orders_customer_id__customer_id__ref_dim_customers_.990af5a19b
[0m13:46:21.448024 [debug] [Thread-4 (]: Re-using an available connection from the pool (formerly test.data_pipeline_example.not_null_stg_products_product_id.6373b0acf3, now test.data_pipeline_example.relationships_stg_orders_customer_id__customer_id__ref_stg_customers_.430bf21500)
[0m13:46:21.449142 [debug] [Thread-1 (]: Writing injected SQL for node "test.data_pipeline_example.not_null_stg_products_unit_price.0be67d1be2"
[0m13:46:21.451672 [debug] [Thread-2 (]: Writing injected SQL for node "test.data_pipeline_example.relationships_fact_orders_customer_id__customer_id__ref_dim_customers_.990af5a19b"
[0m13:46:21.451809 [debug] [Thread-4 (]: Began compiling node test.data_pipeline_example.relationships_stg_orders_customer_id__customer_id__ref_stg_customers_.430bf21500
[0m13:46:21.453313 [debug] [Thread-4 (]: Writing injected SQL for node "test.data_pipeline_example.relationships_stg_orders_customer_id__customer_id__ref_stg_customers_.430bf21500"
[0m13:46:21.453547 [debug] [Thread-3 (]: Began executing node test.data_pipeline_example.not_null_stg_products_product_name.0b59e4b939
[0m13:46:21.453659 [debug] [Thread-2 (]: Began executing node test.data_pipeline_example.relationships_fact_orders_customer_id__customer_id__ref_dim_customers_.990af5a19b
[0m13:46:21.453758 [debug] [Thread-1 (]: Began executing node test.data_pipeline_example.not_null_stg_products_unit_price.0be67d1be2
[0m13:46:21.455101 [debug] [Thread-3 (]: Writing runtime sql for node "test.data_pipeline_example.not_null_stg_products_product_name.0b59e4b939"
[0m13:46:21.455941 [debug] [Thread-2 (]: Writing runtime sql for node "test.data_pipeline_example.relationships_fact_orders_customer_id__customer_id__ref_dim_customers_.990af5a19b"
[0m13:46:21.456703 [debug] [Thread-1 (]: Writing runtime sql for node "test.data_pipeline_example.not_null_stg_products_unit_price.0be67d1be2"
[0m13:46:21.456831 [debug] [Thread-4 (]: Began executing node test.data_pipeline_example.relationships_stg_orders_customer_id__customer_id__ref_stg_customers_.430bf21500
[0m13:46:21.457633 [debug] [Thread-4 (]: Writing runtime sql for node "test.data_pipeline_example.relationships_stg_orders_customer_id__customer_id__ref_stg_customers_.430bf21500"
[0m13:46:21.457860 [debug] [Thread-2 (]: Using duckdb connection "test.data_pipeline_example.relationships_fact_orders_customer_id__customer_id__ref_dim_customers_.990af5a19b"
[0m13:46:21.458000 [debug] [Thread-3 (]: Using duckdb connection "test.data_pipeline_example.not_null_stg_products_product_name.0b59e4b939"
[0m13:46:21.458124 [debug] [Thread-1 (]: Using duckdb connection "test.data_pipeline_example.not_null_stg_products_unit_price.0be67d1be2"
[0m13:46:21.458245 [debug] [Thread-2 (]: On test.data_pipeline_example.relationships_fact_orders_customer_id__customer_id__ref_dim_customers_.990af5a19b: BEGIN
[0m13:46:21.458372 [debug] [Thread-3 (]: On test.data_pipeline_example.not_null_stg_products_product_name.0b59e4b939: BEGIN
[0m13:46:21.458494 [debug] [Thread-1 (]: On test.data_pipeline_example.not_null_stg_products_unit_price.0be67d1be2: BEGIN
[0m13:46:21.458620 [debug] [Thread-4 (]: Using duckdb connection "test.data_pipeline_example.relationships_stg_orders_customer_id__customer_id__ref_stg_customers_.430bf21500"
[0m13:46:21.458727 [debug] [Thread-2 (]: Opening a new connection, currently in state closed
[0m13:46:21.458834 [debug] [Thread-3 (]: Opening a new connection, currently in state closed
[0m13:46:21.458937 [debug] [Thread-1 (]: Opening a new connection, currently in state closed
[0m13:46:21.459051 [debug] [Thread-4 (]: On test.data_pipeline_example.relationships_stg_orders_customer_id__customer_id__ref_stg_customers_.430bf21500: BEGIN
[0m13:46:21.459235 [debug] [Thread-4 (]: Opening a new connection, currently in state closed
[0m13:46:21.462974 [debug] [Thread-2 (]: SQL status: OK in 0.004 seconds
[0m13:46:21.463111 [debug] [Thread-2 (]: Using duckdb connection "test.data_pipeline_example.relationships_fact_orders_customer_id__customer_id__ref_dim_customers_.990af5a19b"
[0m13:46:21.463244 [debug] [Thread-3 (]: SQL status: OK in 0.004 seconds
[0m13:46:21.463376 [debug] [Thread-2 (]: On test.data_pipeline_example.relationships_fact_orders_customer_id__customer_id__ref_dim_customers_.990af5a19b: /* {"app": "dbt", "dbt_version": "1.8.9", "profile_name": "data_pipeline_example", "target_name": "dev", "node_id": "test.data_pipeline_example.relationships_fact_orders_customer_id__customer_id__ref_dim_customers_.990af5a19b"} */

    select
      count(*) as failures,
      count(*) != 0 as should_warn,
      count(*) != 0 as should_error
    from (
      
    
  
    
    

with child as (
    select customer_id as from_field
    from "dev"."main"."fact_orders"
    where customer_id is not null
),

parent as (
    select customer_id as to_field
    from "dev"."main"."dim_customers"
)

select
    from_field

from child
left join parent
    on child.from_field = parent.to_field

where parent.to_field is null



  
  
      
    ) dbt_internal_test
[0m13:46:21.463492 [debug] [Thread-4 (]: SQL status: OK in 0.004 seconds
[0m13:46:21.463601 [debug] [Thread-1 (]: SQL status: OK in 0.005 seconds
[0m13:46:21.463710 [debug] [Thread-3 (]: Using duckdb connection "test.data_pipeline_example.not_null_stg_products_product_name.0b59e4b939"
[0m13:46:21.463873 [debug] [Thread-4 (]: Using duckdb connection "test.data_pipeline_example.relationships_stg_orders_customer_id__customer_id__ref_stg_customers_.430bf21500"
[0m13:46:21.463980 [debug] [Thread-1 (]: Using duckdb connection "test.data_pipeline_example.not_null_stg_products_unit_price.0be67d1be2"
[0m13:46:21.464098 [debug] [Thread-3 (]: On test.data_pipeline_example.not_null_stg_products_product_name.0b59e4b939: /* {"app": "dbt", "dbt_version": "1.8.9", "profile_name": "data_pipeline_example", "target_name": "dev", "node_id": "test.data_pipeline_example.not_null_stg_products_product_name.0b59e4b939"} */

    select
      count(*) as failures,
      count(*) != 0 as should_warn,
      count(*) != 0 as should_error
    from (
      
    
  
    
    



select product_name
from "dev"."main"."stg_products"
where product_name is null



  
  
      
    ) dbt_internal_test
[0m13:46:21.464230 [debug] [Thread-4 (]: On test.data_pipeline_example.relationships_stg_orders_customer_id__customer_id__ref_stg_customers_.430bf21500: /* {"app": "dbt", "dbt_version": "1.8.9", "profile_name": "data_pipeline_example", "target_name": "dev", "node_id": "test.data_pipeline_example.relationships_stg_orders_customer_id__customer_id__ref_stg_customers_.430bf21500"} */

    select
      count(*) as failures,
      count(*) != 0 as should_warn,
      count(*) != 0 as should_error
    from (
      
    
  
    
    

with child as (
    select customer_id as from_field
    from "dev"."main"."stg_orders"
    where customer_id is not null
),

parent as (
    select customer_id as to_field
    from "dev"."main"."stg_customers"
)

select
    from_field

from child
left join parent
    on child.from_field = parent.to_field

where parent.to_field is null



  
  
      
    ) dbt_internal_test
[0m13:46:21.464369 [debug] [Thread-1 (]: On test.data_pipeline_example.not_null_stg_products_unit_price.0be67d1be2: /* {"app": "dbt", "dbt_version": "1.8.9", "profile_name": "data_pipeline_example", "target_name": "dev", "node_id": "test.data_pipeline_example.not_null_stg_products_unit_price.0be67d1be2"} */

    select
      count(*) as failures,
      count(*) != 0 as should_warn,
      count(*) != 0 as should_error
    from (
      
    
  
    
    



select unit_price
from "dev"."main"."stg_products"
where unit_price is null



  
  
      
    ) dbt_internal_test
[0m13:46:21.464492 [debug] [Thread-2 (]: SQL status: OK in 0.001 seconds
[0m13:46:21.465129 [debug] [Thread-2 (]: On test.data_pipeline_example.relationships_fact_orders_customer_id__customer_id__ref_dim_customers_.990af5a19b: ROLLBACK
[0m13:46:21.465259 [debug] [Thread-1 (]: SQL status: OK in 0.001 seconds
[0m13:46:21.465398 [debug] [Thread-3 (]: SQL status: OK in 0.001 seconds
[0m13:46:21.465513 [debug] [Thread-4 (]: SQL status: OK in 0.001 seconds
[0m13:46:21.465834 [debug] [Thread-2 (]: Failed to rollback 'test.data_pipeline_example.relationships_fact_orders_customer_id__customer_id__ref_dim_customers_.990af5a19b'
[0m13:46:21.466314 [debug] [Thread-1 (]: On test.data_pipeline_example.not_null_stg_products_unit_price.0be67d1be2: ROLLBACK
[0m13:46:21.466713 [debug] [Thread-3 (]: On test.data_pipeline_example.not_null_stg_products_product_name.0b59e4b939: ROLLBACK
[0m13:46:21.466852 [debug] [Thread-2 (]: On test.data_pipeline_example.relationships_fact_orders_customer_id__customer_id__ref_dim_customers_.990af5a19b: Close
[0m13:46:21.467237 [debug] [Thread-4 (]: On test.data_pipeline_example.relationships_stg_orders_customer_id__customer_id__ref_stg_customers_.430bf21500: ROLLBACK
[0m13:46:21.467531 [debug] [Thread-1 (]: Failed to rollback 'test.data_pipeline_example.not_null_stg_products_unit_price.0be67d1be2'
[0m13:46:21.467823 [debug] [Thread-3 (]: Failed to rollback 'test.data_pipeline_example.not_null_stg_products_product_name.0b59e4b939'
[0m13:46:21.468303 [debug] [Thread-4 (]: Failed to rollback 'test.data_pipeline_example.relationships_stg_orders_customer_id__customer_id__ref_stg_customers_.430bf21500'
[0m13:46:21.468020 [info ] [Thread-2 (]: 39 of 46 PASS relationships_fact_orders_customer_id__customer_id__ref_dim_customers_  [[32mPASS[0m in 0.02s]
[0m13:46:21.468454 [debug] [Thread-1 (]: On test.data_pipeline_example.not_null_stg_products_unit_price.0be67d1be2: Close
[0m13:46:21.468578 [debug] [Thread-3 (]: On test.data_pipeline_example.not_null_stg_products_product_name.0b59e4b939: Close
[0m13:46:21.468700 [debug] [Thread-4 (]: On test.data_pipeline_example.relationships_stg_orders_customer_id__customer_id__ref_stg_customers_.430bf21500: Close
[0m13:46:21.468878 [debug] [Thread-2 (]: Finished running node test.data_pipeline_example.relationships_fact_orders_customer_id__customer_id__ref_dim_customers_.990af5a19b
[0m13:46:21.469047 [info ] [Thread-1 (]: 38 of 46 PASS not_null_stg_products_unit_price ................................. [[32mPASS[0m in 0.02s]
[0m13:46:21.469235 [info ] [Thread-3 (]: 37 of 46 PASS not_null_stg_products_product_name ............................... [[32mPASS[0m in 0.02s]
[0m13:46:21.469403 [debug] [Thread-2 (]: Began running node test.data_pipeline_example.relationships_stg_orders_product_id__product_id__ref_stg_products_.9f9d411d80
[0m13:46:21.469583 [debug] [Thread-1 (]: Finished running node test.data_pipeline_example.not_null_stg_products_unit_price.0be67d1be2
[0m13:46:21.469739 [debug] [Thread-3 (]: Finished running node test.data_pipeline_example.not_null_stg_products_product_name.0b59e4b939
[0m13:46:21.469901 [info ] [Thread-4 (]: 40 of 46 PASS relationships_stg_orders_customer_id__customer_id__ref_stg_customers_  [[32mPASS[0m in 0.02s]
[0m13:46:21.470156 [debug] [Thread-1 (]: Began running node test.data_pipeline_example.unique_dim_customers_customer_id.15c9f1e2fd
[0m13:46:21.470008 [info ] [Thread-2 (]: 41 of 46 START test relationships_stg_orders_product_id__product_id__ref_stg_products_  [RUN]
[0m13:46:21.470337 [debug] [Thread-3 (]: Began running node test.data_pipeline_example.unique_fact_orders_order_id.93a68b4064
[0m13:46:21.470505 [debug] [Thread-4 (]: Finished running node test.data_pipeline_example.relationships_stg_orders_customer_id__customer_id__ref_stg_customers_.430bf21500
[0m13:46:21.470622 [info ] [Thread-1 (]: 42 of 46 START test unique_dim_customers_customer_id ........................... [RUN]
[0m13:46:21.470763 [debug] [Thread-2 (]: Re-using an available connection from the pool (formerly test.data_pipeline_example.relationships_fact_orders_customer_id__customer_id__ref_dim_customers_.990af5a19b, now test.data_pipeline_example.relationships_stg_orders_product_id__product_id__ref_stg_products_.9f9d411d80)
[0m13:46:21.470883 [info ] [Thread-3 (]: 43 of 46 START test unique_fact_orders_order_id ................................ [RUN]
[0m13:46:21.471020 [debug] [Thread-4 (]: Began running node test.data_pipeline_example.unique_stg_customers_customer_id.c7614daada
[0m13:46:21.471158 [debug] [Thread-1 (]: Re-using an available connection from the pool (formerly test.data_pipeline_example.not_null_stg_products_unit_price.0be67d1be2, now test.data_pipeline_example.unique_dim_customers_customer_id.15c9f1e2fd)
[0m13:46:21.471291 [debug] [Thread-2 (]: Began compiling node test.data_pipeline_example.relationships_stg_orders_product_id__product_id__ref_stg_products_.9f9d411d80
[0m13:46:21.471416 [debug] [Thread-3 (]: Re-using an available connection from the pool (formerly test.data_pipeline_example.not_null_stg_products_product_name.0b59e4b939, now test.data_pipeline_example.unique_fact_orders_order_id.93a68b4064)
[0m13:46:21.471538 [info ] [Thread-4 (]: 44 of 46 START test unique_stg_customers_customer_id ........................... [RUN]
[0m13:46:21.471663 [debug] [Thread-1 (]: Began compiling node test.data_pipeline_example.unique_dim_customers_customer_id.15c9f1e2fd
[0m13:46:21.473505 [debug] [Thread-2 (]: Writing injected SQL for node "test.data_pipeline_example.relationships_stg_orders_product_id__product_id__ref_stg_products_.9f9d411d80"
[0m13:46:21.473629 [debug] [Thread-3 (]: Began compiling node test.data_pipeline_example.unique_fact_orders_order_id.93a68b4064
[0m13:46:21.473754 [debug] [Thread-4 (]: Re-using an available connection from the pool (formerly test.data_pipeline_example.relationships_stg_orders_customer_id__customer_id__ref_stg_customers_.430bf21500, now test.data_pipeline_example.unique_stg_customers_customer_id.c7614daada)
[0m13:46:21.475818 [debug] [Thread-1 (]: Writing injected SQL for node "test.data_pipeline_example.unique_dim_customers_customer_id.15c9f1e2fd"
[0m13:46:21.477027 [debug] [Thread-3 (]: Writing injected SQL for node "test.data_pipeline_example.unique_fact_orders_order_id.93a68b4064"
[0m13:46:21.477158 [debug] [Thread-4 (]: Began compiling node test.data_pipeline_example.unique_stg_customers_customer_id.c7614daada
[0m13:46:21.478357 [debug] [Thread-4 (]: Writing injected SQL for node "test.data_pipeline_example.unique_stg_customers_customer_id.c7614daada"
[0m13:46:21.478482 [debug] [Thread-2 (]: Began executing node test.data_pipeline_example.relationships_stg_orders_product_id__product_id__ref_stg_products_.9f9d411d80
[0m13:46:21.479282 [debug] [Thread-2 (]: Writing runtime sql for node "test.data_pipeline_example.relationships_stg_orders_product_id__product_id__ref_stg_products_.9f9d411d80"
[0m13:46:21.479395 [debug] [Thread-3 (]: Began executing node test.data_pipeline_example.unique_fact_orders_order_id.93a68b4064
[0m13:46:21.479510 [debug] [Thread-1 (]: Began executing node test.data_pipeline_example.unique_dim_customers_customer_id.15c9f1e2fd
[0m13:46:21.480264 [debug] [Thread-3 (]: Writing runtime sql for node "test.data_pipeline_example.unique_fact_orders_order_id.93a68b4064"
[0m13:46:21.481590 [debug] [Thread-1 (]: Writing runtime sql for node "test.data_pipeline_example.unique_dim_customers_customer_id.15c9f1e2fd"
[0m13:46:21.481695 [debug] [Thread-4 (]: Began executing node test.data_pipeline_example.unique_stg_customers_customer_id.c7614daada
[0m13:46:21.481885 [debug] [Thread-2 (]: Using duckdb connection "test.data_pipeline_example.relationships_stg_orders_product_id__product_id__ref_stg_products_.9f9d411d80"
[0m13:46:21.482626 [debug] [Thread-4 (]: Writing runtime sql for node "test.data_pipeline_example.unique_stg_customers_customer_id.c7614daada"
[0m13:46:21.482772 [debug] [Thread-2 (]: On test.data_pipeline_example.relationships_stg_orders_product_id__product_id__ref_stg_products_.9f9d411d80: BEGIN
[0m13:46:21.482935 [debug] [Thread-3 (]: Using duckdb connection "test.data_pipeline_example.unique_fact_orders_order_id.93a68b4064"
[0m13:46:21.483051 [debug] [Thread-2 (]: Opening a new connection, currently in state closed
[0m13:46:21.483180 [debug] [Thread-3 (]: On test.data_pipeline_example.unique_fact_orders_order_id.93a68b4064: BEGIN
[0m13:46:21.483308 [debug] [Thread-1 (]: Using duckdb connection "test.data_pipeline_example.unique_dim_customers_customer_id.15c9f1e2fd"
[0m13:46:21.483474 [debug] [Thread-4 (]: Using duckdb connection "test.data_pipeline_example.unique_stg_customers_customer_id.c7614daada"
[0m13:46:21.483579 [debug] [Thread-3 (]: Opening a new connection, currently in state closed
[0m13:46:21.483735 [debug] [Thread-1 (]: On test.data_pipeline_example.unique_dim_customers_customer_id.15c9f1e2fd: BEGIN
[0m13:46:21.483849 [debug] [Thread-4 (]: On test.data_pipeline_example.unique_stg_customers_customer_id.c7614daada: BEGIN
[0m13:46:21.483962 [debug] [Thread-1 (]: Opening a new connection, currently in state closed
[0m13:46:21.484066 [debug] [Thread-4 (]: Opening a new connection, currently in state closed
[0m13:46:21.487101 [debug] [Thread-2 (]: SQL status: OK in 0.004 seconds
[0m13:46:21.487216 [debug] [Thread-2 (]: Using duckdb connection "test.data_pipeline_example.relationships_stg_orders_product_id__product_id__ref_stg_products_.9f9d411d80"
[0m13:46:21.487345 [debug] [Thread-2 (]: On test.data_pipeline_example.relationships_stg_orders_product_id__product_id__ref_stg_products_.9f9d411d80: /* {"app": "dbt", "dbt_version": "1.8.9", "profile_name": "data_pipeline_example", "target_name": "dev", "node_id": "test.data_pipeline_example.relationships_stg_orders_product_id__product_id__ref_stg_products_.9f9d411d80"} */

    select
      count(*) as failures,
      count(*) != 0 as should_warn,
      count(*) != 0 as should_error
    from (
      
    
  
    
    

with child as (
    select product_id as from_field
    from "dev"."main"."stg_orders"
    where product_id is not null
),

parent as (
    select product_id as to_field
    from "dev"."main"."stg_products"
)

select
    from_field

from child
left join parent
    on child.from_field = parent.to_field

where parent.to_field is null



  
  
      
    ) dbt_internal_test
[0m13:46:21.487471 [debug] [Thread-3 (]: SQL status: OK in 0.004 seconds
[0m13:46:21.487593 [debug] [Thread-4 (]: SQL status: OK in 0.004 seconds
[0m13:46:21.487764 [debug] [Thread-1 (]: SQL status: OK in 0.004 seconds
[0m13:46:21.487882 [debug] [Thread-3 (]: Using duckdb connection "test.data_pipeline_example.unique_fact_orders_order_id.93a68b4064"
[0m13:46:21.487999 [debug] [Thread-4 (]: Using duckdb connection "test.data_pipeline_example.unique_stg_customers_customer_id.c7614daada"
[0m13:46:21.488119 [debug] [Thread-1 (]: Using duckdb connection "test.data_pipeline_example.unique_dim_customers_customer_id.15c9f1e2fd"
[0m13:46:21.488252 [debug] [Thread-3 (]: On test.data_pipeline_example.unique_fact_orders_order_id.93a68b4064: /* {"app": "dbt", "dbt_version": "1.8.9", "profile_name": "data_pipeline_example", "target_name": "dev", "node_id": "test.data_pipeline_example.unique_fact_orders_order_id.93a68b4064"} */

    select
      count(*) as failures,
      count(*) != 0 as should_warn,
      count(*) != 0 as should_error
    from (
      
    
  
    
    

select
    order_id as unique_field,
    count(*) as n_records

from "dev"."main"."fact_orders"
where order_id is not null
group by order_id
having count(*) > 1



  
  
      
    ) dbt_internal_test
[0m13:46:21.488374 [debug] [Thread-2 (]: SQL status: OK in 0.001 seconds
[0m13:46:21.488485 [debug] [Thread-4 (]: On test.data_pipeline_example.unique_stg_customers_customer_id.c7614daada: /* {"app": "dbt", "dbt_version": "1.8.9", "profile_name": "data_pipeline_example", "target_name": "dev", "node_id": "test.data_pipeline_example.unique_stg_customers_customer_id.c7614daada"} */

    select
      count(*) as failures,
      count(*) != 0 as should_warn,
      count(*) != 0 as should_error
    from (
      
    
  
    
    

select
    customer_id as unique_field,
    count(*) as n_records

from "dev"."main"."stg_customers"
where customer_id is not null
group by customer_id
having count(*) > 1



  
  
      
    ) dbt_internal_test
[0m13:46:21.488616 [debug] [Thread-1 (]: On test.data_pipeline_example.unique_dim_customers_customer_id.15c9f1e2fd: /* {"app": "dbt", "dbt_version": "1.8.9", "profile_name": "data_pipeline_example", "target_name": "dev", "node_id": "test.data_pipeline_example.unique_dim_customers_customer_id.15c9f1e2fd"} */

    select
      count(*) as failures,
      count(*) != 0 as should_warn,
      count(*) != 0 as should_error
    from (
      
    
  
    
    

select
    customer_id as unique_field,
    count(*) as n_records

from "dev"."main"."dim_customers"
where customer_id is not null
group by customer_id
having count(*) > 1



  
  
      
    ) dbt_internal_test
[0m13:46:21.489174 [debug] [Thread-2 (]: On test.data_pipeline_example.relationships_stg_orders_product_id__product_id__ref_stg_products_.9f9d411d80: ROLLBACK
[0m13:46:21.489349 [debug] [Thread-3 (]: SQL status: OK in 0.001 seconds
[0m13:46:21.489481 [debug] [Thread-4 (]: SQL status: OK in 0.001 seconds
[0m13:46:21.489802 [debug] [Thread-2 (]: Failed to rollback 'test.data_pipeline_example.relationships_stg_orders_product_id__product_id__ref_stg_products_.9f9d411d80'
[0m13:46:21.489952 [debug] [Thread-2 (]: On test.data_pipeline_example.relationships_stg_orders_product_id__product_id__ref_stg_products_.9f9d411d80: Close
[0m13:46:21.490397 [debug] [Thread-3 (]: On test.data_pipeline_example.unique_fact_orders_order_id.93a68b4064: ROLLBACK
[0m13:46:21.490761 [debug] [Thread-4 (]: On test.data_pipeline_example.unique_stg_customers_customer_id.c7614daada: ROLLBACK
[0m13:46:21.490858 [debug] [Thread-1 (]: SQL status: OK in 0.002 seconds
[0m13:46:21.491032 [info ] [Thread-2 (]: 41 of 46 PASS relationships_stg_orders_product_id__product_id__ref_stg_products_  [[32mPASS[0m in 0.02s]
[0m13:46:21.491350 [debug] [Thread-3 (]: Failed to rollback 'test.data_pipeline_example.unique_fact_orders_order_id.93a68b4064'
[0m13:46:21.491635 [debug] [Thread-4 (]: Failed to rollback 'test.data_pipeline_example.unique_stg_customers_customer_id.c7614daada'
[0m13:46:21.491825 [debug] [Thread-2 (]: Finished running node test.data_pipeline_example.relationships_stg_orders_product_id__product_id__ref_stg_products_.9f9d411d80
[0m13:46:21.492198 [debug] [Thread-1 (]: On test.data_pipeline_example.unique_dim_customers_customer_id.15c9f1e2fd: ROLLBACK
[0m13:46:21.492312 [debug] [Thread-3 (]: On test.data_pipeline_example.unique_fact_orders_order_id.93a68b4064: Close
[0m13:46:21.492429 [debug] [Thread-4 (]: On test.data_pipeline_example.unique_stg_customers_customer_id.c7614daada: Close
[0m13:46:21.492584 [debug] [Thread-2 (]: Began running node test.data_pipeline_example.unique_stg_orders_order_id.e3b841c71a
[0m13:46:21.492893 [debug] [Thread-1 (]: Failed to rollback 'test.data_pipeline_example.unique_dim_customers_customer_id.15c9f1e2fd'
[0m13:46:21.493055 [info ] [Thread-3 (]: 43 of 46 PASS unique_fact_orders_order_id ...................................... [[32mPASS[0m in 0.02s]
[0m13:46:21.493226 [info ] [Thread-4 (]: 44 of 46 PASS unique_stg_customers_customer_id ................................. [[32mPASS[0m in 0.02s]
[0m13:46:21.493355 [info ] [Thread-2 (]: 45 of 46 START test unique_stg_orders_order_id ................................. [RUN]
[0m13:46:21.493491 [debug] [Thread-1 (]: On test.data_pipeline_example.unique_dim_customers_customer_id.15c9f1e2fd: Close
[0m13:46:21.493662 [debug] [Thread-3 (]: Finished running node test.data_pipeline_example.unique_fact_orders_order_id.93a68b4064
[0m13:46:21.493817 [debug] [Thread-4 (]: Finished running node test.data_pipeline_example.unique_stg_customers_customer_id.c7614daada
[0m13:46:21.493937 [debug] [Thread-2 (]: Re-using an available connection from the pool (formerly test.data_pipeline_example.relationships_stg_orders_product_id__product_id__ref_stg_products_.9f9d411d80, now test.data_pipeline_example.unique_stg_orders_order_id.e3b841c71a)
[0m13:46:21.494086 [debug] [Thread-3 (]: Began running node test.data_pipeline_example.unique_stg_products_product_id.7d950a1467
[0m13:46:21.494236 [debug] [Thread-2 (]: Began compiling node test.data_pipeline_example.unique_stg_orders_order_id.e3b841c71a
[0m13:46:21.494371 [info ] [Thread-3 (]: 46 of 46 START test unique_stg_products_product_id ............................. [RUN]
[0m13:46:21.495901 [debug] [Thread-2 (]: Writing injected SQL for node "test.data_pipeline_example.unique_stg_orders_order_id.e3b841c71a"
[0m13:46:21.494539 [info ] [Thread-1 (]: 42 of 46 PASS unique_dim_customers_customer_id ................................. [[32mPASS[0m in 0.02s]
[0m13:46:21.496082 [debug] [Thread-3 (]: Re-using an available connection from the pool (formerly test.data_pipeline_example.unique_fact_orders_order_id.93a68b4064, now test.data_pipeline_example.unique_stg_products_product_id.7d950a1467)
[0m13:46:21.496279 [debug] [Thread-1 (]: Finished running node test.data_pipeline_example.unique_dim_customers_customer_id.15c9f1e2fd
[0m13:46:21.496396 [debug] [Thread-3 (]: Began compiling node test.data_pipeline_example.unique_stg_products_product_id.7d950a1467
[0m13:46:21.497632 [debug] [Thread-3 (]: Writing injected SQL for node "test.data_pipeline_example.unique_stg_products_product_id.7d950a1467"
[0m13:46:21.497743 [debug] [Thread-2 (]: Began executing node test.data_pipeline_example.unique_stg_orders_order_id.e3b841c71a
[0m13:46:21.498518 [debug] [Thread-2 (]: Writing runtime sql for node "test.data_pipeline_example.unique_stg_orders_order_id.e3b841c71a"
[0m13:46:21.498683 [debug] [Thread-3 (]: Began executing node test.data_pipeline_example.unique_stg_products_product_id.7d950a1467
[0m13:46:21.499359 [debug] [Thread-3 (]: Writing runtime sql for node "test.data_pipeline_example.unique_stg_products_product_id.7d950a1467"
[0m13:46:21.499536 [debug] [Thread-2 (]: Using duckdb connection "test.data_pipeline_example.unique_stg_orders_order_id.e3b841c71a"
[0m13:46:21.499655 [debug] [Thread-2 (]: On test.data_pipeline_example.unique_stg_orders_order_id.e3b841c71a: BEGIN
[0m13:46:21.499760 [debug] [Thread-2 (]: Opening a new connection, currently in state closed
[0m13:46:21.499927 [debug] [Thread-3 (]: Using duckdb connection "test.data_pipeline_example.unique_stg_products_product_id.7d950a1467"
[0m13:46:21.500037 [debug] [Thread-3 (]: On test.data_pipeline_example.unique_stg_products_product_id.7d950a1467: BEGIN
[0m13:46:21.500138 [debug] [Thread-3 (]: Opening a new connection, currently in state closed
[0m13:46:21.503403 [debug] [Thread-2 (]: SQL status: OK in 0.004 seconds
[0m13:46:21.503518 [debug] [Thread-2 (]: Using duckdb connection "test.data_pipeline_example.unique_stg_orders_order_id.e3b841c71a"
[0m13:46:21.503628 [debug] [Thread-3 (]: SQL status: OK in 0.003 seconds
[0m13:46:21.503761 [debug] [Thread-2 (]: On test.data_pipeline_example.unique_stg_orders_order_id.e3b841c71a: /* {"app": "dbt", "dbt_version": "1.8.9", "profile_name": "data_pipeline_example", "target_name": "dev", "node_id": "test.data_pipeline_example.unique_stg_orders_order_id.e3b841c71a"} */

    select
      count(*) as failures,
      count(*) != 0 as should_warn,
      count(*) != 0 as should_error
    from (
      
    
  
    
    

select
    order_id as unique_field,
    count(*) as n_records

from "dev"."main"."stg_orders"
where order_id is not null
group by order_id
having count(*) > 1



  
  
      
    ) dbt_internal_test
[0m13:46:21.503899 [debug] [Thread-3 (]: Using duckdb connection "test.data_pipeline_example.unique_stg_products_product_id.7d950a1467"
[0m13:46:21.504059 [debug] [Thread-3 (]: On test.data_pipeline_example.unique_stg_products_product_id.7d950a1467: /* {"app": "dbt", "dbt_version": "1.8.9", "profile_name": "data_pipeline_example", "target_name": "dev", "node_id": "test.data_pipeline_example.unique_stg_products_product_id.7d950a1467"} */

    select
      count(*) as failures,
      count(*) != 0 as should_warn,
      count(*) != 0 as should_error
    from (
      
    
  
    
    

select
    product_id as unique_field,
    count(*) as n_records

from "dev"."main"."stg_products"
where product_id is not null
group by product_id
having count(*) > 1



  
  
      
    ) dbt_internal_test
[0m13:46:21.504424 [debug] [Thread-2 (]: SQL status: OK in 0.000 seconds
[0m13:46:21.504989 [debug] [Thread-2 (]: On test.data_pipeline_example.unique_stg_orders_order_id.e3b841c71a: ROLLBACK
[0m13:46:21.505118 [debug] [Thread-3 (]: SQL status: OK in 0.001 seconds
[0m13:46:21.505384 [debug] [Thread-2 (]: Failed to rollback 'test.data_pipeline_example.unique_stg_orders_order_id.e3b841c71a'
[0m13:46:21.505513 [debug] [Thread-2 (]: On test.data_pipeline_example.unique_stg_orders_order_id.e3b841c71a: Close
[0m13:46:21.505910 [debug] [Thread-3 (]: On test.data_pipeline_example.unique_stg_products_product_id.7d950a1467: ROLLBACK
[0m13:46:21.506090 [info ] [Thread-2 (]: 45 of 46 PASS unique_stg_orders_order_id ....................................... [[32mPASS[0m in 0.01s]
[0m13:46:21.506410 [debug] [Thread-3 (]: Failed to rollback 'test.data_pipeline_example.unique_stg_products_product_id.7d950a1467'
[0m13:46:21.506578 [debug] [Thread-2 (]: Finished running node test.data_pipeline_example.unique_stg_orders_order_id.e3b841c71a
[0m13:46:21.506703 [debug] [Thread-3 (]: On test.data_pipeline_example.unique_stg_products_product_id.7d950a1467: Close
[0m13:46:21.507245 [info ] [Thread-3 (]: 46 of 46 PASS unique_stg_products_product_id ................................... [[32mPASS[0m in 0.01s]
[0m13:46:21.507417 [debug] [Thread-3 (]: Finished running node test.data_pipeline_example.unique_stg_products_product_id.7d950a1467
[0m13:46:21.507919 [debug] [MainThread]: Using duckdb connection "master"
[0m13:46:21.508025 [debug] [MainThread]: On master: BEGIN
[0m13:46:21.508106 [debug] [MainThread]: Opening a new connection, currently in state closed
[0m13:46:21.511742 [debug] [MainThread]: SQL status: OK in 0.004 seconds
[0m13:46:21.511862 [debug] [MainThread]: On master: COMMIT
[0m13:46:21.511961 [debug] [MainThread]: Using duckdb connection "master"
[0m13:46:21.512040 [debug] [MainThread]: On master: COMMIT
[0m13:46:21.512162 [debug] [MainThread]: SQL status: OK in 0.000 seconds
[0m13:46:21.512253 [debug] [MainThread]: On master: Close
[0m13:46:21.512673 [debug] [MainThread]: Connection 'master' was properly closed.
[0m13:46:21.512769 [debug] [MainThread]: Connection 'test.data_pipeline_example.unique_dim_customers_customer_id.15c9f1e2fd' was properly closed.
[0m13:46:21.512852 [debug] [MainThread]: Connection 'test.data_pipeline_example.unique_stg_orders_order_id.e3b841c71a' was properly closed.
[0m13:46:21.512925 [debug] [MainThread]: Connection 'test.data_pipeline_example.unique_stg_products_product_id.7d950a1467' was properly closed.
[0m13:46:21.512994 [debug] [MainThread]: Connection 'test.data_pipeline_example.unique_stg_customers_customer_id.c7614daada' was properly closed.
[0m13:46:21.513094 [info ] [MainThread]: 
[0m13:46:21.513203 [info ] [MainThread]: Finished running 46 data tests in 0 hours 0 minutes and 0.37 seconds (0.37s).
[0m13:46:21.514915 [debug] [MainThread]: Command end result
[0m13:46:21.529063 [info ] [MainThread]: 
[0m13:46:21.529216 [info ] [MainThread]: [32mCompleted successfully[0m
[0m13:46:21.529335 [info ] [MainThread]: 
[0m13:46:21.529452 [info ] [MainThread]: Done. PASS=46 WARN=0 ERROR=0 SKIP=0 TOTAL=46
[0m13:46:21.530840 [debug] [MainThread]: Resource report: {"command_name": "test", "command_success": true, "command_wall_clock_time": 0.69532585, "process_in_blocks": "0", "process_kernel_time": 0.163439, "process_mem_max_rss": "155828224", "process_out_blocks": "0", "process_user_time": 0.981041}
[0m13:46:21.530986 [debug] [MainThread]: Command `dbt test` succeeded at 13:46:21.530958 after 0.70 seconds
[0m13:46:21.531100 [debug] [MainThread]: Sending event: {'category': 'dbt', 'action': 'invocation', 'label': 'end', 'context': [<snowplow_tracker.self_describing_json.SelfDescribingJson object at 0x104fbac60>, <snowplow_tracker.self_describing_json.SelfDescribingJson object at 0x10d1e7b30>, <snowplow_tracker.self_describing_json.SelfDescribingJson object at 0x10eab58e0>]}
[0m13:46:21.531205 [debug] [MainThread]: Flushing usage events
